text,label
i need assistance to correct the shipping address,SHIPPING
need to correct the damn data on my user how do i do it,ACCOUNT
i need assistance to shop a few of your item,ORDER
i cant change an item of purchase,ORDER
could you help me to notify of an issue with payments,PAYMENT
early termination penalties,CANCEL
i want assistance downloading the invoice from,INVOICE
i try to lodge a consumer claim against your organization,FEEDBACK
i dont know what i need to do to lodge a consumer complaint,FEEDBACK
i have to list your goddamn available payment modalities,PAYMENT
find information about my newsletter subscription,SUBSCRIPTION
i want help checking if there are any news on my restitution,REFUND
i need help cancelling a account,ACCOUNT
could i sawitch to the pro account,ACCOUNT
creating new freemium account for daughter,ACCOUNT
i want assistance to write an opinion about a service,FEEDBACK
i have got to submit my feedback,FEEDBACK
i do not know how i can find bill,INVOICE
could you help me to submit the secondary delivery address,SHIPPING
i would like information about my account cancellation,ACCOUNT
id like information about creating a pro account,ACCOUNT
can you help me purchasing some articles,ORDER
i would like to file a consumer reclamation,FEEDBACK
edit details on gold account,ACCOUNT
i need help checking what payment methods are accepted,PAYMENT
i need to edit my bloody user will you help me,ACCOUNT
i call to leave some feedback about your services,FEEDBACK
want help unsubscribing to your company newsletter,SUBSCRIPTION
assistance to see at what time i can call customr service,CONTACT
i need help to locate the bills from,INVOICE
i do not know what i ned to do to speak with an agent,CONTACT
check what hours i can get in touch with customer service,CONTACT
i need to order a product how do i do it,ORDER
i do not know what to do to report an issue withpayment,PAYMENT
need to change several products of purchase113542617735902,ORDER
i want assistance to list the accepted payment methods,PAYMENT
how can i cancel purchase,ORDER
i have got to modify my delivery address how can i do it,SHIPPING
i need assistance to see the allowed payment options,PAYMENT
i do not know how to create a account,ACCOUNT
i do not know how to inform of a signup problem,ACCOUNT
i need assistance to check how long refunds take,REFUND
notify of trouble with online payments,PAYMENT
want assistance to remove some items from order,ORDER
how can i swap a product of order,ORDER
editing info on account,ACCOUNT
need to see how long refunds take can i get somehelp,REFUND
wanna buy several articles,ORDER
i dont know how i can remove my account,ACCOUNT
assistance checking what damn shipping methods i have,DELIVERY
i need assistance to see the invoice,INVOICE
i want to checj your money back policy i need assistance,REFUND
ned to leave my feedback about a product can i get some help,FEEDBACK
i paid for this purchase i want my rebate,REFUND
editing premium account,ACCOUNT
i have to acquire a bloody item i need assistance,ORDER
i have a trouble setting m new delivery address up,SHIPPING
im trying to notify of payment problems,PAYMENT
could you help me to create a standard account,ACCOUNT
help me purchase some of your product,ORDER
i have to see your refund policy can you help me,REFUND
need help using the account,ACCOUNT
can you help me to use the pro profile,ACCOUNT
how do i acquire some of your item,ORDER
i bought the same item twice cancel order,ORDER
downlpoad bills from,INVOICE
i do not know how i could close my damn freemium account,ACCOUNT
i want help to locate the invoice from,INVOICE
acquire several of your item,ORDER
how do i see at what time customer support availabl is,CONTACT
downloading invoice from,INVOICE
need assistance seeing ur accepted payment modalities,PAYMENT
i cannot find the termination penalty can i get some help,CANCEL
is it possible to change to the standard account,ACCOUNT
i do not know how to cancel order,ORDER
itry to swap several damn products of order,ORDER
could uhelp me lodge an consumer claim,FEEDBACK
getting invoice,INVOICE
my experience with your brand was bad lodge a reclamation,FEEDBACK
editing purchase,ORDER
im trying to speak with an assistant,CONTACT
i need help to change the delivery address,SHIPPING
can you help me make a clain against your business,FEEDBACK
can you help me listing your allowed payment modalities,PAYMENT
i have got to modify my address how can i do it,SHIPPING
can you help me subscribe to your newsletter,SUBSCRIPTION
need to check the withdrawal penalty will uhelp me,CANCEL
can i file a complaint against your businhess,FEEDBACK
help to ssee in what situations can i ask for reimbursements,REFUND
i need assistance to notify of problems with a signup,ACCOUNT
need support trying to modifythe address,SHIPPING
want help retrieving the pwd of my user account,ACCOUNT
i do not use my account i want assistance cancelling it,ACCOUNT
can you help me see in what cases can i ask to be refunded,REFUND
help talking to customer assistance,CONTACT
i am looking for information about my pro account deletion,ACCOUNT
support correcting my delivery address,SHIPPING
i no lomger need my damn gold account can uhelp me delete it,ACCOUNT
i am having an error with the registration,ACCOUNT
id like to talk to an operatro,CONTACT
i am trying to cancel my corporate newsletter subscription,SUBSCRIPTION
find the bills from,INVOICE
how could i change to the account,ACCOUNT
where can i report a problem with signup,ACCOUNT
i have to change to the account,ACCOUNT
i am trying to download my bills from,INVOICE
i dont know what to do to order several of ur article,ORDER
there is a problem entering my new shipping address,SHIPPING
how can i lodge a consumer claim against your business,FEEDBACK
there is an issue trying to change my shipping address,SHIPPING
i do not know how to call customer assistance,CONTACT
i do not know how i can edit the personal details,ACCOUNT
error submitting my shipping address,SHIPPING
i am trying to find delivery periods can you help me,DELIVERY
where do i set the new delivery address up,SHIPPING
where to create a gold account,ACCOUNT
im trying to check what hours i can call customer support,CONTACT
help lodging a consumer claim,FEEDBACK
what do i have to do to notify of a problem with payments,PAYMENT
look for my invoices from,INVOICE
i cannot see if there are any news on my rebate,REFUND
i do not know how to check the withdrawal charges,CANCEL
wanna open a gold account,ACCOUNT
i do not know what to do to inform of problems with signup,ACCOUNT
i want to check at what time i can call customer assistance,CONTACT
what do i need todo to speak with somebody,CONTACT
i need help to set my secondeary shipping address up,SHIPPING
what do i have to do to make a customer complaint,FEEDBACK
need to create a freemium account for my fiance,ACCOUNT
want help leaving some feedback,FEEDBACK
deleting premium accoumt,ACCOUNT
help me to set up my secondary shipping address,SHIPPING
check the eta of the order,ORDER
creating new premium account for daughter,ACCOUNT
earn several of your prodcuct,ORDER
can you help me submitting the secondary shipping address,SHIPPING
need help editing m address,SHIPPING
problem with acount deletions,ACCOUNT
can you help me to report issues with registrations,ACCOUNT
can youshow me what hours i can contact customer support,CONTACT
question about the pwd recovery,ACCOUNT
see at what time i can reach customer assistance,CONTACT
assistance to add a damn article to order,ORDER
i need to download my invoice can you help me,INVOICE
mail me my invoices from,INVOICE
i am calling to leave a review about a service,FEEDBACK
i want to locate order can i get some help,ORDER
modifying details on gold account,ACCOUNT
i am trying to enter my shipping address,SHIPPING
can uhelp me swap an item of order,ORDER
i want to contact a person,CONTACT
i have to cancel the company newsletter subscription help me,SUBSCRIPTION
changing data on account,ACCOUNT
i need asssistance getting my bill,INVOICE
i dont know what i need to do to enter the shipping address,SHIPPING
i want help trying to edit my addreds,SHIPPING
i want information about opening accounts,ACCOUNT
i do not know how to track order,ORDER
i have to report signup issues,ACCOUNT
i want assistance receiving a refund of my money,REFUND
where do i make a customer reclamation against your company,FEEDBACK
issues entering a different delivery address,SHIPPING
what do i need to do to talk to customer assistance,CONTACT
i need information about the pwd rertieval,ACCOUNT
i do not know how to submit the new shipping address,SHIPPING
i dont know what i haveto do to get the invoice,INVOICE
i have got to obtain a reimbursement of my money,REFUND
help me to check how soon can i expect the article,DELIVERY
help me to change a goddamn product of order,ORDER
i dont know what to do to check when will my article arrive,DELIVERY
wanna locate order how can i do it,ORDER
i want to purchase several of your article how do i do it,ORDER
how can i demand rebates,REFUND
how to see your goddamn reimbursement policy,REFUND
i am trying to download the bill from,INVOICE
y i cant set the delivery adress valid up,SHIPPING
i need to get my invoice from,INVOICE
where can i take a quick look at the invoice,INVOICE
i have to get the invoices from,INVOICE
i want assistance switching to the account,ACCOUNT
assistance to get my bills from,INVOICE
i bought some bloody articles cancel order,ORDER
what do i have to do to cancel purchase,ORDER
i want help to look for my invoice,INVOICE
where to receive your company newsletter,SUBSCRIPTION
ya are not helpful could i speak with a fucking human agent,CONTACT
how can i delete the standard account,ACCOUNT
i do not know what i have to do to get my bill,INVOICE
how can i cancel my subscription to your neswletter,SUBSCRIPTION
i am trying to change to the account,ACCOUNT
i want supports trying to update the shipping address,SHIPPING
switch to gold account,ACCOUNT
i want information about cancel my newsletter subscription,SUBSCRIPTION
i have to leave feedback about yoour products,FEEDBACK
i want help closing my pro account,ACCOUNT
is it possible to obtain rebates,REFUND
i submitted a wrong address by mistake could i update it,SHIPPING
i call to lodge a consumer reclamation against your company,FEEDBACK
how soon can i expect my parcel,DELIVERY
assistance to shop some articles,ORDER
i need to check the available payment modalities,PAYMENT
want assistance solving a payment issue,PAYMENT
get invoice,INVOICE
reimbusre,REFUND
i need help earning several articles,ORDER
i do not know how i can download the invoice,INVOICE
where do i update the delivery address,SHIPPING
tell me about cancellling the subscription to ur newsletter,SUBSCRIPTION
i have got to see the allowed payment modalities help me,PAYMENT
i have gotto check ur damn refund policy help me,REFUND
help me lodge a customer claim against your business,FEEDBACK
where to check how soon can i expect the shipment,DELIVERY
i want to track my restitution,REFUND
could ya help me solving an error with payments,PAYMENT
what do i have to do to receive a compensation of my money,REFUND
i do not know how ot delete my standard account,ACCOUNT
i try to see in what situations can i ask for reimbursements,REFUND
i want to contact customer support can i get some help,CONTACT
removing pro account,ACCOUNT
i need assistance trying tomodify my shipping address,SHIPPING
were do i obtain my money back,REFUND
have a problem with the removal of my account,ACCOUNT
want help to make an claim against ur organization,FEEDBACK
help to check what hours i can reach customer support,CONTACT
correct data on gold account,ACCOUNT
solve problems with apyment,PAYMENT
i dont know what to do to unsubscribe from the newslwtter,SUBSCRIPTION
uare not helpful could uhelp me talk to a damn agent,CONTACT
i have to notify of signup issues,ACCOUNT
i dont know what i need to do to close a account,ACCOUNT
i want to recover the password of my profile,ACCOUNT
need to see the shipment options help me,DELIVERY
modifying ddetails on gold account,ACCOUNT
i dont know how i could see the cancellation fees,CANCEL
cancel account,ACCOUNT
im tryingto download my invoice from,INVOICE
where to check the invoice from three last purchases,INVOICE
i need to edit my user how could i do it,ACCOUNT
i want assistance to submit a shipping address,SHIPPING
where do i see if there is anything new on my compensation,REFUND
talk to customer assistance,CONTACT
i dont know what to do to notify of payment errors,PAYMENT
i dont know what to do to restore my profile password,ACCOUNT
i want assistance changing to the account,ACCOUNT
want help to chck how soon can i expect my order,DELIVERY
i dont know what i need to do to chat with an agent,CONTACT
i need help to notify of errors with payment,PAYMENT
pudate platinum account,ACCOUNT
i dont know how i could modify my shipping address,SHIPPING
need to look for invoice,INVOICE
help me to contact an operator,CONTACT
help me see your allowed payment options,PAYMENT
is there a section to send an opinion for a service,FEEDBACK
i needhelp to get my invoices from,INVOICE
help to use the platinum profile,ACCOUNT
uhave an adress to submit feedback about ur products,FEEDBACK
i have to list your payment modalities how do i do it,PAYMENT
where to see how long it takes for my order to arrive,DELIVERY
i dont know what to do to submit the new delivery address,SHIPPING
i need help to cancel purchase,ORDER
i am trying to notify of signup problems,ACCOUNT
i have to check when will my package arrive i need help,DELIVERY
i have got to talk with customer service can you help me,CONTACT
how can i see ur available payment options,PAYMENT
deleting accoumt,ACCOUNT
i want assistance cancelling the newsletter subscription,SUBSCRIPTION
i try to see how long it takes for the purchase to arrive,DELIVERY
i need assistance reporting an issue with online payment,PAYMENT
i do not know how to order some products,ORDER
i lost my password i need help recovering it,ACCOUNT
can you help me make a claim against your company,FEEDBACK
i do not know what to do to speak to an agent,CONTACT
need assistance reporting an error with a signup,ACCOUNT
want assistance to see your allowed payment options,PAYMENT
where to purchase some items,ORDER
i have got to talk with a live agent,CONTACT
i need to locate purchase how do i do it,ORDER
can you help me to check how soon can i expect the parcel,DELIVERY
how can i speak with a person,CONTACT
i try to list the payment modalities,PAYMENT
i have paid for an item i have to obtain a refund,REFUND
i want to subscribe to the newsletter,SUBSCRIPTION
need assistance acquiring some items,ORDER
i want assistance closing the freemium account,ACCOUNT
i do notknow how to get refunds of my money,REFUND
i need to see your refund policy,REFUND
help seeing ur money back guarantee,REFUND
i dont know what i have to do to look for my invoicr,INVOICE
where to notify of a signup problem,ACCOUNT
where do i submit feedback about a service,FEEDBACK
i have to correct purchase how can i do it,ORDER
how can i inform of a payment error,PAYMENT
how to open a account for my dad,ACCOUNT
how can i inform of an issue with payment,PAYMENT
i want help checking the early termination fee,CANCEL
i want to restore my profile pin code i need help,ACCOUNT
i do not know how i can see the withdrawal fee,CANCEL
im trying to open a platinum account for my fiance,ACCOUNT
i need assistance to reset my pwd,ACCOUNT
i do not know what to do to rerquest a compensation of money,REFUND
i cannot enter a new delivery address,SHIPPING
i have to check in which cases can i ask for a refund,REFUND
i want help to report a bloody error with onlien payments,PAYMENT
i want assistance to open a account for my fiance,ACCOUNT
i have to see the bloody status of the refund how to do it,REFUND
i have a question about the removal of a premium account,ACCOUNT
there are errors trying to edit my shipping address,SHIPPING
new gold account,ACCOUNT
help me see in what situations can i request my money back,REFUND
i need assistance canceling a account,ACCOUNT
i want assistance to check how soon can i expect the article,DELIVERY
i want too use the account i need assistance,ACCOUNT
i have got to call customer service i need help,CONTACT
where can i set a delivery address up,SHIPPING
can i update order,ORDER
where do i check the early termination charge,CANCEL
i have got to retrieve my account pin how could i do it,ACCOUNT
supports editing the delivery address,SHIPPING
problem with swapping something of order,ORDER
can i check when my package is going to arrive,DELIVERY
talking to live agent,CONTACT
deliveries to,DELIVERY
i dont know how i can take a quick look at my invoice,INVOICE
is there an address to submit a review for a product,FEEDBACK
want assistance modifying my address,SHIPPING
i have lost my password oculd you help me to recover it,ACCOUNT
help me checking how long it takes for the article to arrive,DELIVERY
i dont have a account eyt i need to sign up,ACCOUNT
i need assistance receiving compensations of my money,REFUND
i dont know what to do to download the bill,INVOICE
how do i see the withdrawal charge,CANCEL
need to inform of issues with payment,PAYMENT
i need to check the cancellation penalties help me,CANCEL
i need help to check what payment methods are available,PAYMENT
help me talk with an agent,CONTACT
where can i cancel my subscription to the newsletter,SUBSCRIPTION
i try to get my invoices from,INVOICE
help to submit a fucking secondary delivery address,SHIPPING
i dont know how to set a different shipping address up,SHIPPING
i need help with cancelling purchase,ORDER
i want help to see in which cases can i request a refund,REFUND
creatingnew account,ACCOUNT
where do i locate my invoices from,INVOICE
i have to submit the new delivery address how can i do it,SHIPPING
i want help retrieving the password of my account,ACCOUNT
help me speaking with damn customer service,CONTACT
see the bills from,INVOICE
need help to check what hours customer service available is,CONTACT
need to open a account,ACCOUNT
i have got to see the cancellation penalty,CANCEL
where do i receive a rewfund of money,REFUND
would it be possible to check the shipping methods,DELIVERY
can you help me restoring the password of my account,ACCOUNT
help me see when will mny purchase arrive,DELIVERY
i want to get my invoices from how can i do it,INVOICE
i need supports trying to update the shipping address,SHIPPING
what do i have to do to check how long the shipment takes,DELIVERY
i am calling to leave a comment about your compnay,FEEDBACK
i dont know how i can reset the pass of my account,ACCOUNT
editing account,ACCOUNT
i want help getting my invoice from,INVOICE
i try to chat with an assistant,CONTACT
where can i check what payment options are allowed,PAYMENT
how to recover the key of my user account,ACCOUNT
i want assistance to check your allowed payment options,PAYMENT
i would like to get the bill from help me,INVOICE
assistance checking what hours i can reach customre service,CONTACT
i try to change the delivery address,SHIPPING
i have a question about the pin recovery,ACCOUNT
i do not know how to report a signup error,ACCOUNT
help me knowing if there are any updates on the refund,REFUND
what do i need to do to correct my shippign address,SHIPPING
could i edit the goddamn information on my user,ACCOUNT
i try to receive your newsletter,SUBSCRIPTION
i dont know what i have to do to see your refund policy,REFUND
how to report errors with online payments,PAYMENT
is it possible to check the allowed payment modalities,PAYMENT
i do not know what to do to track my reimbursement,REFUND
what do i need to do to check the goddamn shipping options,DELIVERY
help to see in what cases can i request to be reimbursed,REFUND
i have a trouble setting the secondaru shipping address up,SHIPPING
i do not know how i can order several of your article,ORDER
i need to cancel the company newsletter subscription,SUBSCRIPTION
where can i correct the delivery address,SHIPPING
where do i se what hours i can reach customer assistance,CONTACT
i want help resetting the access key of my user account,ACCOUNT
i do not know what i have to do to notify of payment issues,PAYMENT
get invoice,INVOICE
wanna know more about thesubscription to ur newsletter,SUBSCRIPTION
help to demand a rebate of my money,REFUND
i have to see how soon can i expect my package how to do ig,DELIVERY
i want assistance seeing the accepted payment modalities,PAYMENT
where could i see the eta of order,ORDER
what shipment options can i choose,DELIVERY
would it be possible to talk with someone,CONTACT
how to reset my account pwd,ACCOUNT
wanna check purchase status,ORDER
i have to leave some feedback about a product help me,FEEDBACK
i have to create a account for my fiance,ACCOUNT
can i check how long refunds usually take,REFUND
i have issues modifying my delivery address,SHIPPING
see at what time i can call customer support,CONTACT
help me submitting some feedback about ur company,FEEDBACK
i need help acquiring several of your article,ORDER
check my invoice from,INVOICE
i want assistance to lodge a claim,FEEDBACK
where to see when my order is gonna arrive,DELIVERY
i want assistance entering the shipping address,SHIPPING
check the payment options,PAYMENT
help me see in which cases can i ask for an refund,REFUND
making customer claim,FEEDBACK
how can i demand a compensation,REFUND
i do not know what i have to do to edit the user information,ACCOUNT
i have to retrieve the key of my user how do i do it,ACCOUNT
i want help checking when my delivery is going to arrive,DELIVERY
give me information about opening standard accounts,ACCOUNT
can you help me to cancel order,ORDER
i dont know how to inform of signup errrors,ACCOUNT
i need help to remove my account,ACCOUNT
i have got to inform of an error with registrations,ACCOUNT
is it possible to subscribe to your newsletter,SUBSCRIPTION
want help seeing the accepted payment methods,PAYMENT
wanna notify of a trouble with online payments,PAYMENT
i dont know what to do to reset my account key,ACCOUNT
assistance to leave a comment for a service,FEEDBACK
where do i check the withdrawal charges,CANCEL
i need assistance to get the invoice from,INVOICE
anybody available at customer support,CONTACT
acquire several items,ORDER
wanna notify of an signup issue can uhelp me,ACCOUNT
help me earn several of your item,ORDER
i need to send my fucking feedback about your services,FEEDBACK
i would like to check the fucking delivery methods help me,DELIVERY
another account for father,ACCOUNT
i want help buying a few of your article,ORDER
deleting standard account,ACCOUNT
i need help demanding restitutions of money,REFUND
need assistance lodging a reclamation against your company,FEEDBACK
i cannot open an account help to inform of signup issues,ACCOUNT
how do i see how long it takes for the package to arrive,DELIVERY
need help to correc order,ORDER
i do not know what to do to file a customer reclamtion,FEEDBACK
how could i obtain rebates,REFUND
i need to demand refunds could you help me,REFUND
could utell me more about creating accounts,ACCOUNT
could you help me to see the early exit fees,CANCEL
i need assistance informing of payment issues,PAYMENT
i do no know how to check how soon can i expect my item,DELIVERY
i want assistance to leave feedback about a product,FEEDBACK
where to earn several of your product,ORDER
do ya have an email to contact customer support,CONTACT
i need assistance ordering some articles,ORDER
help me to check in what cases can i ask to be refunded,REFUND
can i download the invoice from,INVOICE
where do i notify of a problem with payment,PAYMENT
when will i receive ordered,ORDER
i have got to recover the pin of my user,ACCOUNT
speak with agent,CONTACT
can i cancel my subscription to the corporate newsletter,SUBSCRIPTION
the payment failed help notifying of problems with payments,PAYMENT
help me to check when will my parcel arrive,DELIVERY
i try to see your available payment options,PAYMENT
i need help to get my bill from,INVOICE
i dont know how i can download the invoice from,INVOICE
reporting trouble with payments,PAYMENT
need assistance recovering the pin code of my account,ACCOUNT
i want help checking what methods for delivery are available,DELIVERY
i do not know what to do to check my bill from,INVOICE
need assistance to list the accepted payment modalities,PAYMENT
check invoice from last purchase,INVOICE
i have got to use the standard profile,ACCOUNT
i need help to check what shipping methods are available,DELIVERY
there are problems setting up the new delivery address,SHIPPING
assistance seeing how long it takes for my order to arrive,DELIVERY
there is an error modifying my address,SHIPPING
help switching some products of order,ORDER
can you help me notify of errors with payment,PAYMENT
i want to know more about correcting my delivery address,SHIPPING
i cannot reset my profile access key,ACCOUNT
acn ushow me what payment payment modalities uaccept,PAYMENT
help knowing if there is anything new on the restitution,REFUND
can ya help me to check how son can i expect the shipment,DELIVERY
wanna check when will my article arrive how can i do it,DELIVERY
i would like to downloasd bill can you help me,INVOICE
errors entering my new shipping address,SHIPPING
i do not know how i can request refunds of money,REFUND
i do not know how to unsubscribe to ur company newsletter,SUBSCRIPTION
what do i have to do to download my invoice,INVOICE
how to check your accepted payment modalities,PAYMENT
i dot know what to do to notify of damn payment issues,PAYMENT
need assistance to set my new shipping address up,SHIPPING
i nerd help to add some items to purchase,ORDER
help me check the early termination penalty,CANCEL
earning product,ORDER
report issue with payments,PAYMENT
i dont know what i have to do to demand rebates of money,REFUND
i lost the pin of my profile i want help restoring it,ACCOUNT
i need assistance notifying of a problem with online payment,PAYMENT
edit freemium accont,ACCOUNT
i need to swap an item of order help me,ORDER
i try to check in which situations can i request refunds,REFUND
check the withdrawal fees,CANCEL
what do i have to do to submit thw delivery address,SHIPPING
do you have a phone number to contact customer assistance,CONTACT
is it possible to cancel a platinum account,ACCOUNT
help me to check order goddamn current status,ORDER
i have got to subscribe to the company newsletter,SUBSCRIPTION
i cannot pay i have to inform of a problem with payments,PAYMENT
i want help creating a account for my dad,ACCOUNT
i have to see when will my item arrive i need help,DELIVERY
assistance lodging a reclamation against your organization,FEEDBACK
where can i shop a few of ur article,ORDER
i dont know how i can download the bills from,INVOICE
im trying to find the deliveey periods,DELIVERY
help to change an article of purchase,ORDER
i need help to see how long refunds take,REFUND
how to unsubscribe to ur newsletter,SUBSCRIPTION
i cant see the status of order,ORDER
i do not know how to get my invoices from,INVOICE
i expect a compenastion of was it processed already,REFUND
help seeing if there are any updates on my reimbursement,REFUND
i dont know how i can unsubscribe to the newsletter,SUBSCRIPTION
give me information about modifying the address,SHIPPING
i do not know how to see what shipment methods i can choose,DELIVERY
where could i open a premium account for my fiance,ACCOUNT
help to ask for a restitution of money,REFUND
i cannot sign up to the company newsletter,SUBSCRIPTION
i want help setting up the delivery address,SHIPPING
help seeing the termination fee,CANCEL
help to make a consumer claim against your company,FEEDBACK
i need assistance to get the damn bills from,INVOICE
i try to check the termination charges,CANCEL
give me information about my subscription to your newsletter,SUBSCRIPTION
i dont know how to inform of a signup problem,ACCOUNT
assistance using the standard profile,ACCOUNT
can i get my bills from,INVOICE
want help seeing how long it takes for my shipment to arrive,DELIVERY
i want assistance looking for my invoice,INVOICE
need to check in what cases can i ask for a reimbursement,REFUND
i need assistance sending my feedback for ur services,FEEDBACK
could ya help me to solve an issue with payments,PAYMENT
delete account,ACCOUNT
i want help to check if there is anything new on my rebate,REFUND
i d not know how i can check the payment methods,PAYMENT
how can i close my freemium account,ACCOUNT
can i check order current status,ORDER
i have got to check the withdrawal charges help me,CANCEL
i have paid for this item how to get my money back,REFUND
want help to enterthe secondary delivery address,SHIPPING
see restitution current status,REFUND
i dont know what i have to do to talk with customer service,CONTACT
help me see the early termination penalties,CANCEL
help to file a consumer complaint against your organization,FEEDBACK
i need infrmation about the cancellation of my account,ACCOUNT
can ushow me in which cases can i ask for reimbursements,REFUND
i have problems with the deletion of a account,ACCOUNT
how to check if there are any news on my rebate,REFUND
i want assistance switching to the premium account,ACCOUNT
help to get my bills from,INVOICE
i cannot report errors with a registration,ACCOUNT
i need to check the payment modalities can you help me,PAYMENT
i try to delete an product from purchase,ORDER
i am trying to update my delivery address,SHIPPING
can you tell me more about updating the address,SHIPPING
can you help me see what hours i can call customer support,CONTACT
how to speak with somebody,CONTACT
help checking when my article is gonna arrive,DELIVERY
i need to check the rebate current status can you help me,REFUND
you are not being helpful help chatting with a human agent,CONTACT
i cannot find anything about the early exit charges,CANCEL
can you help me see what shipping methods you offer,DELIVERY
how to sedn feedback about a service,FEEDBACK
want assistance lodging a consumer claim against yur company,FEEDBACK
can you help me restore my profile access key,ACCOUNT
assistance to update purchase,ORDER
where can i change to the account,ACCOUNT
i call to get my bill,INVOICE
report anissue with payment,PAYMENT
i have got to download invoice how can i do it,INVOICE
can uhelp mne list the payment options,PAYMENT
can i file a complaint against ur organization,FEEDBACK
help me to set my new shipping address up,SHIPPING
ho can i send my feedback about your company,FEEDBACK
how can i get information about my account removal,ACCOUNT
i cannot unsubscribe to your corporate newslwtter,SUBSCRIPTION
new premium account,ACCOUNT
can uhelp me submit some feedback,FEEDBACK
i am trying to check what hours i can reach customer support,CONTACT
could you help me unsubscribe from the corporate newsletter,SUBSCRIPTION
want assistance listing the available payment options,PAYMENT
i paid for a product where can i get a fucking rebate,REFUND
how can i acquire several of your article,ORDER
there is an issue trying to update the shipping address,SHIPPING
i dont know how i can see my invoices from,INVOICE
want help settinh up my secondary shipping address,SHIPPING
can i see at what time i can call customer assistance,CONTACT
how can i check the early exit fees,CANCEL
i dont know what to do to switch to the premium account,ACCOUNT
assistance subscribing to the company newsletter,SUBSCRIPTION
i have to get in touch with customer service i need help,CONTACT
help me seeing what payment options you accept,PAYMENT
i dont know what i need to do to reset my account password,ACCOUNT
can you help me reporting troubles with payments,PAYMENT
what do i have to do to chat with an agent,CONTACT
i have to shop an article i need help,ORDER
help me seeing what hours i can reachb customer service,CONTACT
can uhelp me to reoort a trouble with payments,PAYMENT
help me to check in which cases can i request refunds,REFUND
i dont know what i have to do to close my account,ACCOUNT
can you help me checking when will my product arrive,DELIVERY
can you help me purchasing a damn item,ORDER
i cannot set up the delivery address,SHIPPING
i have a question about a goddamn shipping address change,SHIPPING
need assistance ordering some goddamn items,ORDER
i try to see in what cases can i ask for a refund,REFUND
can uhelp me check the bloody early termination charge,CANCEL
editing gold account,ACCOUNT
is there a section to send feedback about ur services,FEEDBACK
i want help solving an issue with online payment,PAYMENT
i try to see in which cases can i request refunss,REFUND
i am trying to inform of issues with online payment,PAYMENT
check invoices from december,INVOICE
where can i get the invoices from,INVOICE
help to make a consumer reclamation against your business,FEEDBACK
i need help to see how long the shipment takes,DELIVERY
i do not know how i can leave my feedback for your services,FEEDBACK
i want assistance notifying of a goddamn payment issue,PAYMENT
i am experiencing issues trying to sign up what can i do,ACCOUNT
i dont know how to order several of your product,ORDER
i have got to see your refund policy help me,REFUND
i have to set a shipping address up i need assistance,SHIPPING
could i check how long it takes for my product to arrive,DELIVERY
i want help seeing your allowed payment modalities,PAYMENT
correct info on gold account,ACCOUNT
i do not know what i need to do to inform of a payment issue,PAYMENT
what do i need to do to create a platinum account for my dad,ACCOUNT
i try to see your accepted payment methods,PAYMENT
i dont know how i could leave a comment about a service,FEEDBACK
i dont know what i need to do to contact a live agent,CONTACT
i have to send some damn feedback about a service,FEEDBACK
see what payment methods are available,PAYMENT
correct details onstandard account,ACCOUNT
help me to uby several products,ORDER
want help to seethe eta of purchase,ORDER
i need to check what shipment methods are available,DELIVERY
i have to cancel my subscription to the newsletter help me,SUBSCRIPTION
how could i set up my secondary shipping address,SHIPPING
i need help trying to change the address,SHIPPING
another platinum account for father,ACCOUNT
want assistance seeing your payment methods,PAYMENT
i want assistance correcting the delivery address,SHIPPING
i need help seeing the cancellation charges,CANCEL
help me change to the account,ACCOUNT
i need to check what delivery options i have help me,DELIVERY
i paid dollars for an article how can i obtain a rebate,REFUND
what do i need to do to subscribe to the newsletter,SUBSCRIPTION
ineed help adding an item to order,ORDER
i do not know how i can make a customerr claim,FEEDBACK
i want help to subscribe to the goddamn corporate newsletter,SUBSCRIPTION
i need assistance checking the options for shipment,DELIVERY
i have lost my user password where do i retrieve it,ACCOUNT
could ya help me changing an item of order,ORDER
i cannot see the status of my compensation,REFUND
i do not know what i need to do to download the bill,INVOICE
where do i check what hours i can call customer assistance,CONTACT
can i take a quick look at my invoicr,INVOICE
i want to know about cancelling my newsletter subscription,SUBSCRIPTION
i have to list your payment options i need assistance,PAYMENT
i need assistance listing the available payment methods,PAYMENT
help me to add several items to order,ORDER
i dont know what i have to do to speak to an agent,CONTACT
i need to check when my parcel is going to arrive,DELIVERY
i have to get my nivoice could ya help me,INVOICE
i need help solving an error with online payments,PAYMENT
i cannot find the cancellation fees,CANCEL
opening new pro account for daughter,ACCOUNT
i aint happy with your work help lodging a consumer claim,FEEDBACK
registration issue,ACCOUNT
can i update the delivery address,SHIPPING
can i modify order,ORDER
i want assistance to see the early exit penalty,CANCEL
i need assistance talking with a fucking operator,CONTACT
i need assistance to list the accepted payment methods,PAYMENT
i have got to see the delivery methods how do i do it,DELIVERY
help seeing your refund policy,REFUND
help me change purchase,ORDER
wanna inform of registration issues,ACCOUNT
i need help to speak to a bloody human agent,CONTACT
problems with freemium account removals,ACCOUNT
where to cancel the subscription to ur company newsletter,SUBSCRIPTION
i have got to see when will my parcel arrive can ya help me,DELIVERY
where do i download my invoice from,INVOICE
get reimbursement of money,REFUND
what do i need to do to leave some feedback,FEEDBACK
assistance to change to the account,ACCOUNT
i have to check the early exit fee will uhelp me,CANCEL
i need help to chat with an human agent,CONTACT
can you help me seeing how soon can i expect my purchase,DELIVERY
i want information about shipping period,DELIVERY
i need help to getthe invoices from,INVOICE
i want help to create a standard account for my fiance,ACCOUNT
i want information about correcting the shiping address,SHIPPING
i have entered a wrong address could i correct it,SHIPPING
can you help me to check the methods for shipment,DELIVERY
where is order,ORDER
open a gold account,ACCOUNT
i chose a wrong address by mistake,SHIPPING
i am trying to find shipping periods,DELIVERY
what do i need to do to get a reimbursement of money,REFUND
need to locate my invoice how do i do it,INVOICE
need to sue the account,ACCOUNT
have problems with the cancellation of my account,ACCOUNT
help solving a trouble with online payment,PAYMENT
i am trying to change to the standard account,ACCOUNT
id like to download invoice how could i do it,INVOICE
i have to modify the info included on my user help me,ACCOUNT
i want assistance checking my refund status,REFUND
i dont know what i have to do to contact a person,CONTACT
want hrlp locating my invoice from,INVOICE
help me request a compensation of money,REFUND
can you help me speak with somebody,CONTACT
help to see ur money back policy,REFUND
do you have a way to send feedback for a service,FEEDBACK
i have errors setting up my shipping address,SHIPPING
help filing a consumer complaint against ur business,FEEDBACK
modify freemium account,ACCOUNT
i want assistance to notify of a signup error,ACCOUNT
can i sde the termination fee,CANCEL
i do not know what to do to edit the shipping address,SHIPPING
where to check how long it takes for my shipment to arrive,DELIVERY
how do i check how son can i expect my item,DELIVERY
i have got to change an article of purchase,ORDER
how can i find information about my premium account removal,ACCOUNT
i need assistance to open a account for my dad,ACCOUNT
can i change to the premium account,ACCOUNT
help me check how soon can i expect my fucking product,DELIVERY
ho do i get a refund,REFUND
i have gotr to cancel order i need help,ORDER
i do not know how i could receive a reimbursement of money,REFUND
the new delivery address is invalid what should i do,SHIPPING
i want help to buy a damn article,ORDER
where can i check what hours i can reach customer assistance,CONTACT
assistance to notify of an error with online payment,PAYMENT
what do i have to do to request a restitution of money,REFUND
im trying to make a consumer clain,FEEDBACK
i need to see your money back guarantee how do i do it,REFUND
i do not know what to do to ask for rebates of money,REFUND
i have got to talk with customer support i need help,CONTACT
i want help checking how long the shipment takes,DELIVERY
i need help demanding my money back,REFUND
i need to make a complaint agaisnt your company,FEEDBACK
open platinum cacount for wife,ACCOUNT
i want assistance to remove a pro account,ACCOUNT
i do not know what i need to do to get bill,INVOICE
i want assistance to cancel purchase,ORDER
help me inform of issues with a signup,ACCOUNT
what do i need to do to see the methods for shipment,DELIVERY
i need to sign up to the newsletter how can i do it,SUBSCRIPTION
help with a shipping address modification,SHIPPING
trouble setting the shipping address up,SHIPPING
assistance checking the termination fees,CANCEL
can you help me check the acepted payment modalities,PAYMENT
i cannot create an account notify of registration problems,ACCOUNT
help to subscribe to ur company newsletter,SUBSCRIPTION
what do i need to do to recover my user account pin code,ACCOUNT
i want assistance to change to the account,ACCOUNT
i have to get compensations of money,REFUND
i odnt know how i could speak to customer support,CONTACT
i want to see my compensation status i need help,REFUND
want help to check ur payment methods,PAYMENT
i have to call customer service,CONTACT
i try to speak with someone,CONTACT
could ya help me receive a rebate,REFUND
i have to check in what cases can i request a reimbursement,REFUND
where do i see the termination penalties,CANCEL
i want assistance to see the options for shipment,DELIVERY
i have to see the status of purchase how do i do it,ORDER
problems with account deletions,ACCOUNT
i do not know what i have to do to shop some articles,ORDER
i need assistance to get my invoice from,INVOICE
i need assistance with adding a product to purchase,ORDER
i need to switch some items of purchase,ORDER
wanna find the bill can uhelp me,INVOICE
can you help me to switch to the account,ACCOUNT
assistance to see in what situations can i ask for a refund,REFUND
how can i file a complaint against your organization,FEEDBACK
could i check how long it takes for my order to arrive,DELIVERY
can you help me to talk to a person,CONTACT
i am looking for information about correcting my address,SHIPPING
how do i check how soon can i expect my purchase,DELIVERY
i want to buy an article,ORDER
i am trying to earn a product,ORDER
i have a probelm with the password retrieval,ACCOUNT
is it possible to order from,DELIVERY
i need assistance to see the eta of orderr,ORDER
can ya help me solving issues with online payment,PAYMENT
i want assistance checking how soon can i expect my package,DELIVERY
how do i check what hours i can call customer support,CONTACT
i am trying to update my shipping address,SHIPPING
i have got to download the bill from help me,INVOICE
i want to know more about opening a account,ACCOUNT
i need assistance to make an consumer complaint,FEEDBACK
i have a question about cancelling oorder,ORDER
i want help subscribing to your corporate newsletter,SUBSCRIPTION
could you help me give a quick look at bill,INVOICE
i want assistance to speak to an agentt,CONTACT
i have paid for an item help to receive my money back,REFUND
can you help me speaking with an assistant,CONTACT
can ya help me making a claim against ur business,FEEDBACK
need assstance to file a consumer claim against your company,FEEDBACK
i want assistance contacting someone,CONTACT
i do not know what i need to do to order some fo ur article,ORDER
i do not know what to do to inform of issues with a signup,ACCOUNT
i have got to locate the invoice how can i do it,INVOICE
where can i make a claim against your company,FEEDBACK
can i check at what time customer service available is,CONTACT
i want help downloading my invoices from,INVOICE
need to edit the personal data could i get some help,ACCOUNT
want assistance to write a comment about your company,FEEDBACK
i cannot track the reimbursement,REFUND
obtain money back,REFUND
i do not know how i can buy some of your article,ORDER
i have to check the goddamn current status of order,ORDER
i would like to modify my address,SHIPPING
can you help me speaking to customer assistance,CONTACT
is it possible to check the allowed paymentmodalities,PAYMENT
i have got to check the terminatiln penalties how to do it,CANCEL
i cant enter a delivery address,SHIPPING
could i swap a bloody item of purchase,ORDER
updaing info on account,ACCOUNT
there are troubles editing my shipping addrss,SHIPPING
i want help to order an article,ORDER
i obught some item help me canceling order,ORDER
i dont know what i need to do to talk to customer service,CONTACT
can ya help me to check the eta of the order,ORDER
i need help to give a quick look at the bill from,INVOICE
what do i have to do to close the account,ACCOUNT
need help to receive ur company newsletter,SUBSCRIPTION
i dont know how to demand a restitution of my money,REFUND
i have problems with the termination of a account,ACCOUNT
i try to switch several items of order,ORDER
is it possible to purchase an article,ORDER
need assistance to report a problem with signup,ACCOUNT
where could i set the new shipping address up,SHIPPING
see invoice,INVOICE
i need help giving a quick look at the bill,INVOICE
i have to see in what cases can i request a refund,REFUND
i no longer need my account i want to cancel it,ACCOUNT
i want help ordering something,ORDER
i lost the access key of my user profile help to recover it,ACCOUNT
is there a method to send some feedback for ur products,FEEDBACK
i try to see what shipment options are available,DELIVERY
i want help to cancel the platinum account,ACCOUNT
would it be possible to find the bill,INVOICE
i dont know how i could see the erly exit penalty,CANCEL
i dont make use of my account help to delete it,ACCOUNT
swap an item of purchase,ORDER
i expect a restitution of dollars was it processed,REFUND
i need assistance to purchase a few of your item,ORDER
where do i see if there are any news on the rebate,REFUND
i have an error modifying the address,SHIPPING
could i know if there are any updates on my rebate,REFUND
where do i lodge a reclamation against ur business,FEEDBACK
i want help giving a quick look at the bill,INVOICE
i need help to set my shipping address up,SHIPPING
i have got to leave some feedback for your services help me,FEEDBACK
help using the freemium account,ACCOUNT
is it possible to list the allowed payment mthods,PAYMENT
need help singing up to the company newsletter,SUBSCRIPTION
i need help checking the early termination penalties,CANCEL
i dont know how to open a account for my daughter,ACCOUNT
i dont know how to talk with someone,CONTACT
i have problems changing my shipping addresw,SHIPPING
i dont know how i can see the early exit penalties,CANCEL
i have to inform of errors with payment i need assistance,PAYMENT
can you tell me about correcting the address,SHIPPING
informing of issues creating user account,ACCOUNT
want help to talk to someone,CONTACT
i do not know what i have to do to reset my profile pwd,ACCOUNT
wanna check what payment methods uaccept,PAYMENT
write comment about your services,FEEDBACK
i need assistance sending feedback for u company,FEEDBACK
i do not know how to inform of problems with a signup,ACCOUNT
modifying information on platinum account,ACCOUNT
i am trying to report a payment error,PAYMENT
i do not know how to recover the access key of my account,ACCOUNT
need to reoprt problems with online payment,PAYMENT
i have a problem with canceling purchase,ORDER
i have a trouble entering a secondary shipping address,SHIPPING
i try to send feedback about ur services,FEEDBACK
i can no longer afford order cancel it,ORDER
help me seeing at what time i can call customer assistance,CONTACT
change a damn item of purchase,ORDER
i dont know how i could file a claim,FEEDBACK
can ya tell me more about opening accounts,ACCOUNT
i want help to reset the password of my user,ACCOUNT
where could i lodge a consumer claim,FEEDBACK
could you help me modify the bloody data on my profile,ACCOUNT
find information about the cancellation of my pro account,ACCOUNT
modify info on account,ACCOUNT
checking order stagus,ORDER
i want help checking in what cases can i ask for a refund,REFUND
how to edit order,ORDER
im trying to get my damn bills from,INVOICE
help using the standard profile,ACCOUNT
need to inform of problems with registrations,ACCOUNT
i have errors signing up,ACCOUNT
help to leave feedback for a product,FEEDBACK
i cannot report problems with signup,ACCOUNT
i dont have a account help me opening one,ACCOUNT
assistance to earn some of ur prouct,ORDER
modify ordfer,ORDER
where to check the termination fee,CANCEL
i want to check in which situations czn i ask for a refund,REFUND
i would like to cancel purchase,ORDER
i cannot speak with an agent,CONTACT
i have to see what payment options are allowed,PAYMENT
i want to use the standard profile how can i do it,ACCOUNT
i need to report a signup error,ACCOUNT
help solving a goddamn error with online payments,PAYMENT
i want to inform of a signup error,ACCOUNT
correcting infornation on freemium account,ACCOUNT
is it possible to place an order from,DELIVERY
want assistance notifying of payment issues,PAYMENT
can uhelp me to set my secondary delivery addressd up,SHIPPING
i need to remove several bloody articles from order,ORDER
help seeing the available payment methods,PAYMENT
swap some products of order,ORDER
im trying to see at what time customer support available is,CONTACT
i cannot create a user help to inform of a signup problem,ACCOUNT
can utell me more about receiving ur newsletter,SUBSCRIPTION
want help subscribing to ur companynewsletter,SUBSCRIPTION
can you help me to see the withdrawal charge,CANCEL
question about canceling purchase,ORDER
i dont know how to inform of a trouble with payment,PAYMENT
how could i cancel purchase,ORDER
need assistance modifying the shipping address,SHIPPING
i try to purchase some articles,ORDER
how to see the early termination penalties,CANCEL
i dont know how i can subscribe to the company newsletter,SUBSCRIPTION
i dont know what i need to do to buy some products,ORDER
need assistance with opening my account,ACCOUNT
i dont know how i can change to the platinum account,ACCOUNT
i dont know how to remove my premium account,ACCOUNT
check purchase status,ORDER
how can i check if there is anything new on the restitution,REFUND
can ushow me in which situations can i ask to be refunded,REFUND
can ya help me to send some feedback about a service,FEEDBACK
i have forgotten my pin could i reset it,ACCOUNT
informing of error opening user account,ACCOUNT
how to update my account,ACCOUNT
removing acconut,ACCOUNT
want assistance to check in what casew can i request refunds,REFUND
where do i check the accepted payment methods,PAYMENT
i do not know how to change to the account,ACCOUNT
i need to see my invoices from,INVOICE
need help to edit the information on my user,ACCOUNT
how to check how soon can i expect my shipment,DELIVERY
how acn i get information about forgotten access keys,ACCOUNT
help listing your payment modalities,PAYMENT
need help ordering some products,ORDER
what do i need to do to lodge a claim against your company,FEEDBACK
problem with deleting something from purchase,ORDER
where to check what hours i can reach customer service,CONTACT
help talking to somebody,CONTACT
i want assistance to buy some products,ORDER
i do not know what to do to see the early exit penalty,CANCEL
i need assistance checking what payment options you accept,PAYMENT
i want help to check the early termination fees,CANCEL
notifying o issues with signup,ACCOUNT
i want help seeing in what cases can i ask to be refunded,REFUND
see the eta of the purchase,ORDER
see the allowed paymnet modalities,PAYMENT
how to check the current status of the reimbursement,REFUND
updating user profile,ACCOUNT
can you help me request a rebate of money,REFUND
i dont know what i need to do to speak to customer support,CONTACT
where do i know if there is anything wrong with the refund,REFUND
i need help trackng order,ORDER
help me receiving your company newsletter,SUBSCRIPTION
i want assistance submitting my delivery address,SHIPPING
can you help me to list the payment modalities,PAYMENT
i want assistance to report issues with payments,PAYMENT
i dont know how to delete my platinum account,ACCOUNT
could you help me submitting a delivery address,SHIPPING
i dont know how to check ur allowed payment modalities,PAYMENT
what do i need to do to give a quick look at the bill,INVOICE
help me see the early termination fees,CANCEL
want help to switch to the freemium account,ACCOUNT
help me seeing how long it takes for the delivery to rarive,DELIVERY
can uhelp me modifying the details included on my profile,ACCOUNT
i have got to change to the account how can i do it,ACCOUNT
can you help me cancelong purchase,ORDER
check the goddamn early exit charges,CANCEL
i dont know what i have to do to get my invoice,INVOICE
aswistance buying a few of ur product,ORDER
help me lodge a customer reclamation against your business,FEEDBACK
ned assistance checking ur available payment methods,PAYMENT
have a question about creating fucking accounts,ACCOUNT
help to check at what time customer support available is,CONTACT
im waiting for a compensation of dollars,REFUND
help me to cancel my newsletter subscription,SUBSCRIPTION
i want help to list the allowed payment options,PAYMENT
where can i see the early termination fees,CANCEL
i paid for this item i try to receive a rebate,REFUND
need help touse the freemium account,ACCOUNT
can you show me what payment options you accept,PAYMENT
i dont know how to submit feedback about ur services,FEEDBACK
i dont know how i can change to the standard account,ACCOUNT
need help checking the damn eta of purchase,ORDER
can i modify order,ORDER
how do i see ur available payment modailties,PAYMENT
i would like to talk with a person how do i do it,CONTACT
i have got to submit my new shipping address,SHIPPING
i have got to reset my user account access key,ACCOUNT
i dont know how to leave some feedback,FEEDBACK
need assistance seeing ur money back guarantee,REFUND
can uhelp me see my reimbursement current status,REFUND
i have a problem with my pin ertrieval,ACCOUNT
how can i get the invoices from,INVOICE
where do i leave a review for your services,FEEDBACK
i do not know how to look for my invoice from,INVOICE
can you help me to sign up to the company newsletter,SUBSCRIPTION
i have got to see what hours i can call customer support,CONTACT
i lost the bills from will you show them to me,INVOICE
check the early termination charges,CANCEL
i need assistance to get reimbursements of money,REFUND
need assistance to see your accepted payment options,PAYMENT
where can i check the termination fees,CANCEL
i do not know what to do to switch to the freemium account,ACCOUNT
where do i open a gold account for my fiance,ACCOUNT
wanna report a trouble with payment i need assistance,PAYMENT
what do i have to do to enter my new shipping address,SHIPPING
i want to see the cancellation charges help me,CANCEL
help me to enter a diffreent delivery address,SHIPPING
i have to check your payment methods how do i do it,PAYMENT
help to file a consumer claim,FEEDBACK
i lost my profile pass want help to restore it,ACCOUNT
were do i lodge a consumer complaint against ur company,FEEDBACK
i want assistance obtaining reimbursements,REFUND
want help to remove several products from purchase,ORDER
is it possible to buy several items,ORDER
i do not know how to check the delivery methods,DELIVERY
i want help to close the account,ACCOUNT
editting details on platinum account,ACCOUNT
i am trying to change my address,SHIPPING
help to call customer assistance,CONTACT
uare not ehlpful i need assistance to speak to a person,CONTACT
how to see the status of order,ORDER
i have to write an opinion about a product help me,FEEDBACK
you are not helpful at all i have got to talk to someone,CONTACT
need assistance downloading the invoice from,INVOICE
can i use the standard profile,ACCOUNT
i need to create a account,ACCOUNT
i do not know what i have to do to download bill,INVOICE
can you tell me about a shipping address update,SHIPPING
i camt update order,ORDER
can i receive the corporate newsletter,SUBSCRIPTION
do you have an email to send feedback about your company,FEEDBACK
modify information on standard account,ACCOUNT
i have got to download the bill from,INVOICE
i have to open an pro account for my dad,ACCOUNT
i have entered a wrong delivery address,SHIPPING
how do i reset the pin of my user,ACCOUNT
i have issues submitting another shipping address,SHIPPING
i dont know what i need to do to contact customer service,CONTACT
how can i unsubscribe from the corporate newsletter,SUBSCRIPTION
i do not know how to switch to the standard account,ACCOUNT
id like to find my bills from how cam i do it,INVOICE
i dont know how to give a quick look at bill,INVOICE
want help seeing the eta of the purchase,ORDER
what do i hgave to do to shop some of ur item,ORDER
i want help to file a complaint against your organization,FEEDBACK
i want to write a comment about a product how can i do it,FEEDBACK
do ya have an email to contact customer service,CONTACT
i dont know what to do to getmy bill,INVOICE
i need assistance contacting an goddamn assistant,CONTACT
i cannot see your bloody reimbursement policy,REFUND
modiby data on account,ACCOUNT
there are troubles trying to correct my damn address,SHIPPING
i do not know what i have to do ot buy several items,ORDER
i cannot find bill mail it to me,INVOICE
i expect a rebate of,REFUND
i need assistance notifying of an error with online payment,PAYMENT
i need to see in which cases can i ask for a reimbursement,REFUND
i am trying to see the early exit penalties,CANCEL
can you help me to modify my user information,ACCOUNT
need help to give a quick look at the invoice,INVOICE
show me the fucking current status of order,ORDER
what do i need to do to check the payment methods,PAYMENT
assistance to swap several items of order,ORDER
i have to see how soon can i expect my item ohw can i do it,DELIVERY
i need help earning a few of your product,ORDER
what time can i get in touch with customer support,CONTACT
i dont know what to do to cancel my account,ACCOUNT
where do i make a purchase,ORDER
i have an erroor trying to change the address,SHIPPING
help me checking how long it takes for the product to arrive,DELIVERY
need help to see what shipping methods are there,DELIVERY
help me to check at what tiem i can call customer assistance,CONTACT
i have problems submitting the secondary delivery address,SHIPPING
i have got to unsubscribe to the company newsletter,SUBSCRIPTION
can i check in which situations can i request refunds,REFUND
check invoice,INVOICE
assistance checking the early exit charges,CANCEL
assistance checking the status of order,ORDER
i have got to check the invoices from,INVOICE
i have an issue setting up a different delivery address,SHIPPING
can you help me to see what delivery options i have,DELIVERY
what do i need to do to set up another shipping address,SHIPPING
help me to acquire an item,ORDER
help me check what goddamn shipping options are available,DELIVERY
help getting my bills from,INVOICE
i want help to talk with customer assistance,CONTACT
i have got to inform of issues with payments,PAYMENT
help me unsubscribing from the corporate newsletter,SUBSCRIPTION
i call to chevk when my product is gonna arrive,DELIVERY
i am not registered i want assistance opening a accont,ACCOUNT
i cannot pay help me informing of damn issues with payments,PAYMENT
can i talk to a person,CONTACT
i have to request a rebate of my money,REFUND
i want to see my reimbursement current status help me,REFUND
i need help seeing how long the shipment takes,DELIVERY
help me sign up to ur company newsletter,SUBSCRIPTION
i want help to call customer assistance,CONTACT
i dont know what i need to do to create a premium account,ACCOUNT
talking to agent,CONTACT
i need assistance to send my feedback for your company,FEEDBACK
there is an issue entering another delivery address,SHIPPING
i cannot check if there is anything new on the reimbursement,REFUND
i do not know what i have to do to chat with an operator,CONTACT
i want assistance to receive the corporate newsletter,SUBSCRIPTION
how could i check how long it takes for my parcel to arrive,DELIVERY
want help to use the account,ACCOUNT
i want help getting bill,INVOICE
need to see how long it usually take for the item to arrive,DELIVERY
ii need support trying to edit the address,SHIPPING
assistance signing up to your company newxletter,SUBSCRIPTION
refund dollars,REFUND
what do i need to do to earn several of ur item,ORDER
need help retrieving my profile pin,ACCOUNT
how do i get bill,INVOICE
i want assistance canceling purchase,ORDER
i expect a rebate of has it been processd already,REFUND
i have got to see the accepted payment options,PAYMENT
can you help me change to the account,ACCOUNT
i need an account,ACCOUNT
i need help to solve problems with online payment,PAYMENT
i want help to shop some producgs,ORDER
i am calling to write a review about a service,FEEDBACK
need to contact customer service how do i do it,CONTACT
i have a problem with creating a account,ACCOUNT
help to see the early exit fee,CANCEL
question about the cancellation of my standard account,ACCOUNT
can you help me to delete my premium account,ACCOUNT
help me to see when my shipment is going to arrive,DELIVERY
correcting info on standard aqccount,ACCOUNT
wanna file a consumer claim againstur company,FEEDBACK
change details on premium account,ACCOUNT
tell me what hours i can get in touch with customer service,CONTACT
show me what payment methods are accepted,PAYMENT
why i cannot enter the delivery address valid,SHIPPING
could you help me inform of an issue with a signup,ACCOUNT
there are issues setting up the delivery address,SHIPPING
i have to inform of errorfs with a signup,ACCOUNT
i have a problem with a lost pwd,ACCOUNT
i want assistance setting my secondary delivery address up,SHIPPING
assistance to use the premium profile,ACCOUNT
help me to check the termination charges,CANCEL
wanna open a account for my fiance,ACCOUNT
help solving troubles with online payment,PAYMENT
how can i get information about my pass reset,ACCOUNT
i want help correcting the address,SHIPPING
switching to standard account,ACCOUNT
i do not know whati need to do to download bill,INVOICE
i do not know how to buy several of your product,ORDER
wanna remove something from order can ya hnelp me,ORDER
is it possible to change the delivery address,SHIPPING
i have got to remove something from order,ORDER
i want help seeing my reimbursement status,REFUND
i dont know what i need to do to get invoice,INVOICE
question about a lost pin,ACCOUNT
i dont know what i need to do to talk to a person,CONTACT
can you show me how long it takes for the article to arrive,DELIVERY
how could i check the early exit penalties,CANCEL
i want help to notify of registration problems,ACCOUNT
can you help me reporting problems with online payment,PAYMENT
i need help to demand a compensation of money,REFUND
setting new shipping address up,SHIPPING
i have submitted a wrong address i want to modify it,SHIPPING
i have got to acquire several of your article,ORDER
need help switching some articles of order,ORDER
i dont know how i can create a freemium account,ACCOUNT
i do not know how i can restore the pin code of my profile,ACCOUNT
i need assistancechecking the status of order,ORDER
i do not know how i can see when will my purchase arrive,DELIVERY
i want to download my invoices from,INVOICE
retrieve my user password,ACCOUNT
correct info onpro account,ACCOUNT
opening new standard account,ACCOUNT
i am unhappy with your service i have to file a reclamation,FEEDBACK
i want help seeing what hours i can call customer support,CONTACT
i need to write an opinion about an service how to do it,FEEDBACK
what do i have todo to find invoice,INVOICE
i do not know what to do to reset my profile pass,ACCOUNT
report issue creating user,ACCOUNT
i want help modifying the fucking delivery address,SHIPPING
i need help seeing in which cases can i ask for a reufnd,REFUND
could i see in which cases can i request a fucking refund,REFUND
check in what situations can i request a fucking refund,REFUND
could ya help me set a new shipping address up,SHIPPING
i dont know what i need to do to look forthe invoice,INVOICE
can you help me restoring mypin code,ACCOUNT
i want to know about editing the shipping address,SHIPPING
where can i see the cancellation charge,CANCEL
assistance shopping several products,ORDER
i dont knwo how to make an order,ORDER
i have to notify of an issue with a signup,ACCOUNT
i dont know what to do to open a pro account for my dad,ACCOUNT
i want assistance to sign up to the company newsletter,SUBSCRIPTION
wanna purchase several products,ORDER
create new gold account for daughter,ACCOUNT
problem with creating my freemium account,ACCOUNT
need help cancelling purchase,ORDER
i cannot sign up could i inform of a registration issue,ACCOUNT
i dont know what to do tyo see the withdrawal fees,CANCEL
how do i get in touch with customer assistance,CONTACT
need assistance to modify the address,SHIPPING
i want help to see the shipment options,DELIVERY
rebate dollars,REFUND
help me to download my goddamn invoices from,INVOICE
i do not know how to download the bill,INVOICE
i have lost bill can you show it to me,INVOICE
i do not know what i need to do to buy some items,ORDER
i want assistance contacting a person,CONTACT
wana correct order,ORDER
i do not know what to do to check the termination penalties,CANCEL
there are problems trying to correct the address,SHIPPING
how to lodge a customer claim against your organization,FEEDBACK
i have got to add a product to order,ORDER
need assistance to send feedback about your services,FEEDBACK
want help ordering a few ofur article,ORDER
i am trying to notify of an issue with payment,PAYMENT
what is your customer support phone number,CONTACT
how can i buy a few of ur product,ORDER
where can i take a quick look at the bill,INVOICE
see your available payment options,PAYMENT
i need information about the pwd retrieval,ACCOUNT
use standard acdcount,ACCOUNT
where can i see what payment methods are accepted,PAYMENT
i want help leaving feedback,FEEDBACK
need to write a comment about ur serfices how could i do it,FEEDBACK
where do i download my bil,INVOICE
i want to ask for a compensation of money,REFUND
help me use the platinum profile,ACCOUNT
where can i change to the standard account,ACCOUNT
i have got to get my bill from hpw can i do it,INVOICE
i need to know if there are any news on my rebate help me,REFUND
i have got to subscribe to your newsletter how can i do it,SUBSCRIPTION
i have got to check what payment methods are available,PAYMENT
i dont know what to do to see the available payment methods,PAYMENT
chnge data on gold account,ACCOUNT
i expect a refund of dollars has it been processed,REFUND
i dont know what i have to do to download the invoice,INVOICE
herlp to swap an article of order,ORDER
i have to report payment issues,PAYMENT
i need help getting my goddamn invoice from,INVOICE
i need help to ask for restitutions of my mone,REFUND
what do i need to do to speak with a live agent,CONTACT
i dont understand you help me to chat with an agent,CONTACT
there is an error setting up a secondary shipping address,SHIPPING
where can i report an issue with payments,PAYMENT
where to see at what time i can contact customer service,CONTACT
can uhelp me to use the profile,ACCOUNT
i have got to talk to customer support can i get some help,CONTACT
can you help me to report a problem with signup,ACCOUNT
could i see the shipment options,DELIVERY
do ya ship tousa,DELIVERY
i am trying to see what hours i can reach customer service,CONTACT
could i see in what situations can i request my money back,REFUND
i dont know what i have to do to chat with an assistant,CONTACT
order status,ORDER
i need help to locate my bills from,INVOICE
i have to check what shipment methods are there,DELIVERY
i do not know what to od to cancel the freemium account,ACCOUNT
i want to check the options for shipping how to do it,DELIVERY
wanna contact customer assistance,CONTACT
i need help to see how soon can i expect the parcel,DELIVERY
what is ur customer assistance mail,CONTACT
help to modify my fucking shipping address,SHIPPING
help me see what damn shipment methods are available,DELIVERY
help me order some of your product,ORDER
i want to retrieve my key,ACCOUNT
i am trying to set my secondary shipping address up,SHIPPING
i try to see the rebate status,REFUND
i want assisyance to see how soon can i expect my product,DELIVERY
i cant enter a secondary shipping address,SHIPPING
i do not know how to lodge a claim against your business,FEEDBACK
where can i lodge a complaint against your company,FEEDBACK
i want help to create a different damn platinum account,ACCOUNT
changing details on pro account,ACCOUNT
i dont know how i can shop several of ur article,ORDER
help to see what shipping options you offer,DELIVERY
help to check in what cases can i ask for a reimbursement,REFUND
i want to see the eta of my order could you help me,ORDER
want assistance lodging a reclamation,FEEDBACK
can i see the current status of the compensation,REFUND
i dont know what i need to do to check my invoice,INVOICE
i want help to check if there are any news on the refund,REFUND
i have troubles entering a different shipping address,SHIPPING
help checking in which situations can i ask for a refund,REFUND
help me see how soon can i expect the package,DELIVERY
i try to check the delivery methods,DELIVERY
wanna check under which circumstances can i ask for a refund,REFUND
i have to speak with customer assistance how do i do it,CONTACT
help seeing when will my package arrive,DELIVERY
want help giving a quick look at my invoice,INVOICE
i want to see under what circumstances can i request refunds,REFUND
i dont know how i can receive your newsletter,SUBSCRIPTION
i try to check how soon can i expect the purchase,DELIVERY
i need assistance to report a trouble with online payments,PAYMENT
i am waiting for a compensation of dollars,REFUND
update data on freemium account,ACCOUNT
i have to see what hours i can call customer support,CONTACT
i need to set up a delivery address help me,SHIPPING
where to inform of errors with registrations,ACCOUNT
assistance to report an issue with a signup,ACCOUNT
i have got to file a customer reclamation againstur company,FEEDBACK
i have a question about the removal of my account,ACCOUNT
i have to report issuse with a signup,ACCOUNT
the secondary shipping address is invalid,SHIPPING
open pro account for wife,ACCOUNT
i want assistance to see my invoice from,INVOICE
i have got to correct the information included on my user,ACCOUNT
i would like to cancel purchase i need help,ORDER
how do i subscribe to your newsletter,SUBSCRIPTION
filing customer complaint against ur company,FEEDBACK
how do i change to the account,ACCOUNT
i have got to see ur accepted payment modalities,PAYMENT
how can i list the allowed paymet methods,PAYMENT
how do i create a platinum account,ACCOUNT
i want help recovering the key of my profile,ACCOUNT
i dont know how to see ur goddamn money back guarantee,REFUND
can you help me see the accepted payment methods,PAYMENT
how to cancel the purchase i made,ORDER
are the charges of ur services reimbursable,REFUND
need assistance to order a few of ur item,ORDER
how to take a quick look at the invoices from,INVOICE
i am trying to check order current status,ORDER
can uhelp me swappping a product of purchase,ORDER
can i send feedback for a service,FEEDBACK
how to open a account,ACCOUNT
want help to report errors with online paymen,PAYMENT
can i check your refund policy,REFUND
i dont know how i could set up my shipping address,SHIPPING
i want assistance to list the payment methods,PAYMENT
i dont know what i need to do to download my bill,INVOICE
i want to check the status of my rebate i need assistance,REFUND
how can i recover the pwd of myprofile,ACCOUNT
where to retreive my key,ACCOUNT
add some goddamn articles to order,ORDER
need assistance to cancel orer,ORDER
i have troubles trying to change my address,SHIPPING
i would like to see the termination charges,CANCEL
i dont know how i can see how soon can i expect my item,DELIVERY
help me to use the profile,ACCOUNT
could yatell me about changing my shipping address,SHIPPING
i do not know how i could get the bill from,INVOICE
i dont know what i need to do to open a account,ACCOUNT
need help checking how long it takes for the item to arrive,DELIVERY
i want help checking how soon can i expect the delivery,DELIVERY
i have to earn several proucts help me,ORDER
i want help canceling my account,ACCOUNT
i dont know how i can download my invoice,INVOICE
what do i have to do to receive your company newsletter,SUBSCRIPTION
where do i enter my shipping address,SHIPPING
i dont know how to change to the premium account,ACCOUNT
refund status,REFUND
can ya help me to leave some feedback for ur company,FEEDBACK
i want to edit my address,SHIPPING
is there anaddress to send feedback for a service,FEEDBACK
i try to edit purchase,ORDER
i dont know how i can notify of an error with online payment,PAYMENT
how could i add some damn products to order,ORDER
where to inform of issues with a signup,ACCOUNT
can you help me filing an reclamation against your company,FEEDBACK
i cant report a problem with registrations,ACCOUNT
modify info on pro account,ACCOUNT
where do i see at what time i can contact customer support,CONTACT
can you help me to lodge a claim against your business,FEEDBACK
find informtaion about my forgotten pin,ACCOUNT
hjow to use the gold profile,ACCOUNT
where to cancel the newsletter subscription,SUBSCRIPTION
want assistance to leave my feedback for a service,FEEDBACK
where can i get information about opening a pro account,ACCOUNT
i do not know what i have to do to speak to a live agent,CONTACT
i do not know what i have to do to earn some items,ORDER
i have to check the shipping methods how can i do it,DELIVERY
i want to speak with someone,CONTACT
i do not know what i have to do to change to the account,ACCOUNT
i dont know how to track my refund,REFUND
i do not know what to do to set my shipping address up,SHIPPING
i try to cancel the subscription to the corporate newsletter,SUBSCRIPTION
i want help to receive refunds of money,REFUND
i want assistrance to use the account,ACCOUNT
want help editing my bloody personal data,ACCOUNT
is it possibleto place an order from,DELIVERY
help checking your accepted payment options,PAYMENT
where do i get my damn bills from,INVOICE
i want assistance listing your allowed payment methods,PAYMENT
i do not know how to retrieve my key,ACCOUNT
isit possible to recover my user pin code,ACCOUNT
there are errors trying to edit my delivery address,SHIPPING
where to leave a review for ur products,FEEDBACK
i dont know how i can send my feedback about ur products,FEEDBACK
help me contacting a fucking human agent,CONTACT
could i talk to someone,CONTACT
i dont know how i can delete a premium account,ACCOUNT
i want assistance to notify of troubles with payment,PAYMENT
assistance ot check how long reimbursements take,REFUND
help seeing in what cases can i ask for a refund,REFUND
i need help informing of payment issues,PAYMENT
i want information about receiving ur corporate newsletter,SUBSCRIPTION
wanna find my bills from how do i do it,INVOICE
i need assistance tocancel order,ORDER
how can i check what hours i can reach customer service,CONTACT
can you help me receive goddamn compensations of money,REFUND
can ya show me what payment payment modalities are allowed,PAYMENT
what do i have to do to enter the shipping address,SHIPPING
i do not know what i have to do to remove the account,ACCOUNT
i have got to receive compensations,REFUND
file consumer reclamation against ur company,FEEDBACK
need to chek my bill how to do it,INVOICE
i do not know how i could cancel a account,ACCOUNT
need help seeing purchase current status,ORDER
need assistance speaking to a hujan agent,CONTACT
there are errors setting a different delivery address up,SHIPPING
can you help me to see the early termination fees,CANCEL
i have to buy a fucking article how to do it,ORDER
i need to see your payment modalities how can i do it,PAYMENT
wanna see the payment methods help me,PAYMENT
where could i shop several of your item,ORDER
can i see in which cases can i as for reimbursements,REFUND
how could i change to the account,ACCOUNT
how to know if there are any updates on my reimbursement,REFUND
what do i need to do to use the standard profile,ACCOUNT
i want help listing your allowed payment methods,PAYMENT
where do i see my rebate status,REFUND
i have got to file a complaint against your company,FEEDBACK
i want help to make a complaint against your organization,FEEDBACK
help me to see how soon can i expect my parcel,DELIVERY
looking for bill,INVOICE
i do not know what to do to file a complaint,FEEDBACK
what do i have to do to download the invoices from,INVOICE
i want help talkingh to a live agent,CONTACT
where do i see the termination penalties,CANCEL
help me submitting my feedback about your company,FEEDBACK
help me seeing the eta of order,ORDER
i want help to edit order,ORDER
id like to edit the data included on my user i need help,ACCOUNT
wanna get the bill from how to do it,INVOICE
submitting service review,FEEDBACK
help me see in what situations can i request reimbursements,REFUND
i want assistance to open a premium account,ACCOUNT
i want assistance to see what payment methods are available,PAYMENT
what do i need to do to set my shipping address up,SHIPPING
check ur paymnt modalities,PAYMENT
i need help to list the accepted payment options,PAYMENT
where do i file a reclamation,FEEDBACK
i dont know what i have to do to download the bill,INVOICE
where can i inform of errors with a bloody signup,ACCOUNT
need help tyo obtain fucking compensations,REFUND
where can i get information about my forgotten password,ACCOUNT
i dont know how to enter the new delivery address,SHIPPING
assistance obtaining a refund of money,REFUND
i want to find my bill from i need help,INVOICE
i want to acquire some articles,ORDER
how can i delete some products from purchase,ORDER
i have got to see when mh delivery is gonna arrive,DELIVERY
is it possible to check your fucking payment methods,PAYMENT
can ya help me receive ur company newsletter,SUBSCRIPTION
i cannot create a platinum account,ACCOUNT
i want to list the payment methods can i get some help,PAYMENT
how to check the status of purchase,ORDER
want help to find my bill from,INVOICE
where can i order some items,ORDER
i do not know how i could remove my account,ACCOUNT
i dont kow how to retrieve my profile key,ACCOUNT
problem with my forgotten pin code,ACCOUNT
i need help checking if there are any updates on the rebate,REFUND
i want to see in which cases can i request a refund,REFUND
can you help me seeing when my product is going to arrive,DELIVERY
issues setting up a secondary shipping address,SHIPPING
i need help to demand restitutions of my money,REFUND
help me recovering the password of my account,ACCOUNT
help checking what hours customer support available is,CONTACT
i dont know how to hceck the payment options,PAYMENT
can ya tell me more about opening platinum accounts,ACCOUNT
is there a way to send a comment for ur products,FEEDBACK
help me see what payment methods are available,PAYMENT
contactcustomer service,CONTACT
check invoice from last month,INVOICE
see my bills from,INVOICE
what are your allowed payment modalities,PAYMENT
i need help to see the current status of order,ORDER
i want to lodge a reclamation against your company,FEEDBACK
help me checking in what cases can i ask for reimbursements,REFUND
help me tracking my compensation,REFUND
i have paid for a purchase where to obtain a rebate,REFUND
can you help me to see what options for delivery i have,DELIVERY
i have paid for these articles i need to get a rebate,REFUND
i have got to use the gold profile can you help me,ACCOUNT
i want to check the shipment methods how can i do it,DELIVERY
help me to contact someone,CONTACT
i have got to get my invoice can i get some help,INVOICE
i dont know what i have to do to subit some feedback,FEEDBACK
swithcing to account,ACCOUNT
you arent helpful at all direct to me a damn assistant,CONTACT
i want assistance reporting issueswith online payment,PAYMENT
i need to buy some of your product how could i do it,ORDER
how do i see when will my product arrive,DELIVERY
i need to see in which cases can i request refunds help me,REFUND
i dont know what to do to see the methods for shipping,DELIVERY
help to reset my user account ipn code,ACCOUNT
assistance to check the eta of the purchase,ORDER
find bill,INVOICE
need help to edit order,ORDER
i have to see order current status i need help,ORDER
i have to purchase some items,ORDER
where can i see purchaes status,ORDER
can i edi order,ORDER
need to see when my package is gonna arrive,DELIVERY
where can i unsubscribe to your companynewsletter,SUBSCRIPTION
create premium account for wife,ACCOUNT
i dont know what i have to do to cancel my account,ACCOUNT
i have to edit order how do i do it,ORDER
i cant remove an item from purchase,ORDER
what is your money back guarantee,REFUND
can i speak with somebody,CONTACT
there are problems entering a secondary shipping address,SHIPPING
help me seeing what methods for delivery i can choose,DELIVERY
give me information about changing my address,SHIPPING
see invoices from,INVOICE
need assistance to check purchase status,ORDER
i want to file a reclamation against your company,FEEDBACK
need to see my damn bill from how to do it,INVOICE
can i swap an article of purchase,ORDER
want assistance trying to change the shipping address,SHIPPING
is it possible to change to the account,ACCOUNT
i need to see how long reimbursements take how can i do it,REFUND
where do i see the status of the compensation,REFUND
how can i write a comment about a service,FEEDBACK
i want information about a shipping address modification,SHIPPING
i cannot check my compensation current status,REFUND
help taking a quick look at the bill,INVOICE
i want assistance to unsubscribe to the company newsletter,SUBSCRIPTION
i paid for a product help me to get a bloody rebate,REFUND
assistance to check the cancellation fees,CANCEL
i want to report signup errors,ACCOUNT
want help to restore my user acocunt pwd,ACCOUNT
ca ya help me set another fucking shipping address up,SHIPPING
i am trying to check your money back guarantee,REFUND
i dont know how to report signup issues,ACCOUNT
uhave a free number to talk with customer assistance,CONTACT
wanna unsubscribe from ur corporate newsletter how to do it,SUBSCRIPTION
where to report signup problems,ACCOUNT
can uhelp me to make a complaint againsy ur business,FEEDBACK
can uhelp me knowing if there are any news on my restitution,REFUND
i want assistance cancelling an account,ACCOUNT
i needassistance to close the gold account,ACCOUNT
i dont know how i could order something,ORDER
how to switch to the pro account,ACCOUNT
i need assistance to correct the delivery address,SHIPPING
editing data on gold acocunt,ACCOUNT
want help seeing the eta of purchase,ORDER
i need help to get the bill,INVOICE
what do i have to do to contact a person,CONTACT
help me to lodgea complaint against ur business,FEEDBACK
can i edit my shipping address,SHIPPING
my adddress changed how can i update it,SHIPPING
i want assistance to request reimbursements of money,REFUND
i have to set my new delivery address up help me,SHIPPING
want assistance to download the inovices from,INVOICE
i need to list th payment methods,PAYMENT
how can i remove several items from purchaswe,ORDER
i do not know what to do to inform of problems with payments,PAYMENT
i want help downloading invoice,INVOICE
can you help me obtain a compensation of my money,REFUND
assistance seeing ur bloody available payment methods,PAYMENT
i need help checking your available pamyent modalities,PAYMENT
i do not know how i can check my bill,INVOICE
assistance lodging a customer complaint against your company,FEEDBACK
i am trying to hcange some articles of purchase,ORDER
i need assistance to report signup problems,ACCOUNT
i need assistance to look for the invoice from,INVOICE
how can i sign up to your goddamn company newsletter,SUBSCRIPTION
i need assistance to see how soon can i expect the article,DELIVERY
how do i check the eta of purchase,ORDER
help to restore my profile password,ACCOUNT
can i speak with a person,CONTACT
i want assistance to check hte eta of order,ORDER
want help to swap several items of order,ORDER
editing freemium account,ACCOUNT
where can i make a customer claim,FEEDBACK
can you help me seeing the invoices from,INVOICE
close freemium account,ACCOUNT
modify details on account,ACCOUNT
i need to change order,ORDER
can you help me see my compensation status,REFUND
what do i need t do to check the cancellation charges,CANCEL
i cant enter a different shipping address,SHIPPING
help me to check the current status of purchase,ORDER
i dont know what i need to do to chat with an operator,CONTACT
help me checking how soon can i expect my parcel,DELIVERY
i dont know what i have to do to get the invoice,INVOICE
i want assistance seeing the bill from,INVOICE
i want assistance to notify of problems with a signup,ACCOUNT
i want help to inform of errors with payments,PAYMENT
how can i see how long the shipping takes,DELIVERY
help speaking to an agent,CONTACT
i need support trying to edit my shipping address,SHIPPING
hve a question about the password recovery,ACCOUNT
i dont know how i can track my rebate,REFUND
i am experiencing a registration issue,ACCOUNT
wana check the eta of order will ya help me,ORDER
i do not have a account yet i try to register,ACCOUNT
checking invoice from last month,INVOICE
i watn help to check in what cases can i ask for a refund,REFUND
need assistance to see my restitution current status,REFUND
where can i sign up to ur newsletter,SUBSCRIPTION
assistance seeing the early termination charges,CANCEL
help me subscribe to your newsletter,SUBSCRIPTION
how to inform of an issue wsith a signup,ACCOUNT
how to download the bill from,INVOICE
i need assistance to acquire an article,ORDER
ohw can i add some items to order,ORDER
i want help to check what damn delivery methods i can choose,DELIVERY
can you help me getting a reimbursement,REFUND
want help seeing in what cases can i request a reimbursement,REFUND
where to see the bloody rebate current status,REFUND
i dont know what i have to do to download the bill,INVOICE
i cannot create a profile where to notify of signup issues,ACCOUNT
i do not know how i can inform of an error with signjp,ACCOUNT
assistance to see when my bloody item is gona arrive,DELIVERY
the address changed can you help me change it,SHIPPING
i would like to correct the damn delivery address help me,SHIPPING
i have to send my feedback for a product,FEEDBACK
need to speak to customersupport can ya help me,CONTACT
help me check in what cases can i request to be reimbursed,REFUND
need help giving a quick look at the invoice from,INVOICE
i do not know how to download the bill,INVOICE
leaving review about your company,FEEDBACK
there is an issue setting up the shipping address,SHIPPING
give me information about the shipping methods,DELIVERY
i want help to report issues with online payment,PAYMENT
want assistance cancelling my pro account,ACCOUNT
where do i restore my user pass,ACCOUNT
i dont know how to switch to the account,ACCOUNT
could i edit my fucking user,ACCOUNT
i lost bill could you find it for me,INVOICE
need assistance seeing the termination charge,CANCEL
i need assistance to report a problem with a signup,ACCOUNT
need to change to hte account could uhelp me,ACCOUNT
i need assistance to modify my address,SHIPPING
where to see the bloody eta of the order,ORDER
i dont have a account help registering,ACCOUNT
ya have a free number to talk with customer service,CONTACT
need help downloading the bill from,INVOICE
help changing to the account,ACCOUNT
im trying to notify of problems with payments,PAYMENT
i want to check what delivery options i have how to do it,DELIVERY
help me to change a product of purchase,ORDER
i do not know how i can notify of signup issues,ACCOUNT
open a platinum acocunt,ACCOUNT
i am not registered how to create a account with you,ACCOUNT
i want help to demand a compensation,REFUND
need help to check the available payment modaliites,PAYMENT
i am looking for the delivery methods i need assistance,DELIVERY
help obtaining a reimbursement of money,REFUND
i need help to check your allowed payment options,PAYMENT
i do not know what i need to do to check the bill,INVOICE
can uhelp me cancellimg the subscription to the newsletter,SUBSCRIPTION
i need support trying to chane my delivery address,SHIPPING
i cannot reset my user profile pin,ACCOUNT
i need to make a complaint against your business,FEEDBACK
i need assistance to earn some articles,ORDER
i try to see when my delivery is going to arrive,DELIVERY
assistance to see thd early termination fee,CANCEL
what hours can i call customer assistance,CONTACT
i want assistance to check what shipping options are there,DELIVERY
anything new on the refund,REFUND
i have to check ur money back guarantee help me,REFUND
could you help me see how soon can i expect my item,DELIVERY
i do not know how i can get bill,INVOICE
i do not know what i need to do to speak with an assistant,CONTACT
i want help seeing the current status of purchase,ORDER
where can i find information about my gold account deletion,ACCOUNT
show me when my article is going to arrie,DELIVERY
i want to see what shipment methods i can choose,DELIVERY
i want help restoring my user account pin,ACCOUNT
i cannot pay for this product cancel order,ORDER
i do not know how i can report an issue with signup,ACCOUNT
i want assistance acquiring several of ur product,ORDER
there are issues setting up the new shipping address,SHIPPING
how could i report problems with payment,PAYMENT
i dont know how to check the cancellation penalty,CANCEL
help seeing what shipping options you offer,DELIVERY
i want assistance seeing how long reimbursements take,REFUND
want help to report a problem with payments,PAYMENT
i want assistance to check how long refunds usually take,REFUND
i dont use my bloody pro account how do i remove it,ACCOUNT
what do i have to do to obtain rebates,REFUND
i cant afford this item i try to cancel order,ORDER
i lost my user password would it be possible to recover it,ACCOUNT
i paid for this article where can i get a rebate,REFUND
in which situations can i ask for refunds,REFUND
see in which cases can i ask for my goddamn money back,REFUND
where to receive rebates of money,REFUND
want help to check the early termination fees,CANCEL
can i contact an assistant,CONTACT
need to see at what time customer assistance available is,CONTACT
uarent helpful can i chat with somebody,CONTACT
want assaistance purchasing a few of your article,ORDER
i need to talk to customer support how can i do it,CONTACT
i have got to locate order,ORDER
where can i see the eta of the order,ORDER
i call to write a review for ur services,FEEDBACK
where do i see the status of purchase,ORDER
i try to check what shipping methods i can choose,DELIVERY
i have to see the early termination penalties how to doo it,CANCEL
how can i see how long it takes for the parcel to arrive,DELIVERY
i want help to see your refund policy,REFUND
closing pro account,ACCOUNT
give me information about standard account deletions,ACCOUNT
i dont know what i need to do to download my bill,INVOICE
can i restore my password,ACCOUNT
i want help solving a problem with online payment,PAYMENT
i want assistance reporting a trouble with payment,PAYMENT
switching to another user,ACCOUNT
can you help me to ask for compensations,REFUND
can i cancel my subscription to your corporate newsletter,SUBSCRIPTION
i have to see your money back policy i need help,REFUND
how do i restore my user profile pass,ACCOUNT
need assistance modifying the delivery address,SHIPPING
need help removing several items from order,ORDER
assistance to speak to a live agent,CONTACT
assistance to cancel purchased,ORDER
i need assistance checking how soon can i expect the package,DELIVERY
i dont want the freemium account i need help to close it,ACCOUNT
i have troubles trying to updste my delivery address,SHIPPING
i need assistance to notify of a registration problem,ACCOUNT
how to use the profile,ACCOUNT
i ordered some items need help cancelling the last purchase,ORDER
i do not know what i need too do to reset my user pin,ACCOUNT
need assistance to change purchase,ORDER
i do not know what to do to switch to the account,ACCOUNT
help me seeing what shipment methods are available,DELIVERY
could you tell me more about creating a platinum account,ACCOUNT
i dont know how i can recover the password of my profile,ACCOUNT
can uhelp me creating a account for my dad,ACCOUNT
can i check if there are any news on my reimbursement,REFUND
i try to speak to an operator,CONTACT
i want to track my rebate i need assistance,REFUND
i do not know what i have to do to see the early exit fees,CANCEL
i do not know how i can see the termination fee,CANCEL
can i see what hours i can reach customer assistance,CONTACT
help me to lodge a consumer complaint,FEEDBACK
problem with standard acount deletions,ACCOUNT
i try to cancel my subscription to the corporate newsletter,SUBSCRIPTION
i have got to see my compensation current status,REFUND
i have to check the early exit fees can you help me,CANCEL
i have a problem with the deletion of my account,ACCOUNT
see in what cases can i ask for a refund,REFUND
notifying of issue opening user,ACCOUNT
i do not know what i have to do to order some articles,ORDER
i need help to notify of troubles with payment,PAYMENT
i want to check what methods for delivery you offer,DELIVERY
i have to see the fucking delivery options how to do it,DELIVERY
i dont use my account i want help to close it,ACCOUNT
i want help to cancel order,ORDER
want help to leave some feedback about your company,FEEDBACK
edit info on freemium accunt,ACCOUNT
i want help to send my feedback about your services,FEEDBACK
i do not know how i can look for the invoice,INVOICE
i cannot retrieve the bloody pin code of my profile,ACCOUNT
i cannot open an acconut help me inform of a signup issue,ACCOUNT
i want to open a account for my fiance,ACCOUNT
want help to see what paymentmethods are allowed,PAYMENT
help me to contact damn customer support,CONTACT
i dont know how i can check my restitution status,REFUND
can i leave a review about your products,FEEDBACK
open a standard account,ACCOUNT
i do not know what to do to report an error with signup,ACCOUNT
where can i enter my new shipping address,SHIPPING
i need to purchase some bloody products,ORDER
where do i see my bill from,INVOICE
what are the cancelation fees,CANCEL
how to use the pro profile,ACCOUNT
assistance orderint some articles,ORDER
help me to see how long reimbursements take,REFUND
what do i need to do to use the account,ACCOUNT
i try to order a product,ORDER
shopping article,ORDER
edit account,ACCOUNT
create premium accountfor wife,ACCOUNT
can you show me the withdrawal charge,CANCEL
could you help me to see how long reimbursements take,REFUND
where do i submit feedback about a product,FEEDBACK
i dont know what i have to do to remove my account,ACCOUNT
creating account,ACCOUNT
help checking what hours i can contact customer assistance,CONTACT
i have got to notify of troubles with payments,PAYMENT
editting details on pro account,ACCOUNT
i call to lodge a consumer reclamation against your business,FEEDBACK
need assistance seeing order current status,ORDER
i need help shoppimg several items,ORDER
i cannot change the shipping address,SHIPPING
how to leave an opinion for ur products,FEEDBACK
im trying to close my account,ACCOUNT
need help canceling purchase,ORDER
im trying to see the early exit fees,CANCEL
help me make a consumer claim against your business,FEEDBACK
i need assistance to see the withdrawal fees,CANCEL
where could i see how soon can i expect my shipment,DELIVERY
where do i order some items,ORDER
i dont know how i can ask for a reimbursement,REFUND
i want help resetting the pin code of my user profile,ACCOUNT
assistance checking what payment methods are accepted,PAYMENT
assistance to see your goddamn money back guarantee,REFUND
can i see the status of my restitution,REFUND
i want to download the damn invoices from,INVOICE
i amtrying to shop some products,ORDER
i need to see if there are any news on the refund help me,REFUND
i do not know how to write a comment about your services,FEEDBACK
can i see how long it takes for my article to arrive,DELIVERY
i want assiswtance to find the bills from,INVOICE
how can i locate my invoices from,INVOICE
i want help locating bill,INVOICE
how can i notify of an error with a registration,ACCOUNT
i try to buy some goddamn articles,ORDER
i am calling to make an customer claim against your company,FEEDBACK
i want help to unsubscribe to your company newsletter,SUBSCRIPTION
i have got to write an opinion for a service,FEEDBACK
want help to check the accepted payment options,PAYMENT
i have to see when my purchase is going to arrive help me,DELIVERY
help me speaking to someone,CONTACT
trouble setting up my secondary shipping address,SHIPPING
need help to see when my product is gonna arrive,DELIVERY
is it possible to chat with a human agent,CONTACT
assistance to check in what situations acn i request refunds,REFUND
i do not know how to check the withdrawal fees,CANCEL
i have to see the status of my refund how could i do it,REFUND
where to acquire several articles,ORDER
when am i gonna get a reimbursement,REFUND
help me find my invoices from,INVOICE
new account for wife,ACCOUNT
i do not know what i need to do to buy a few of your item,ORDER
i have got to get my bill from,INVOICE
what do i have to do to chheck purchase status,ORDER
i need help to set another shipping address pu,SHIPPING
can you help me to subscribe to the company newsletter,SUBSCRIPTION
is it possible to ask for a rebate,REFUND
could uhelp me check the damn eta of order,ORDER
i want help switching to the platinum account,ACCOUNT
i expect a reimbursement of dollars,REFUND
troubles entering my secondary delivery address,SHIPPING
i need help to cancel a freemium account,ACCOUNT
i acnt see purchase status,ORDER
question about cancelling order,ORDER
editing data on premium account,ACCOUNT
find the invoices from,INVOICE
how to speak to someone,CONTACT
help me check ur available payment options,PAYMENT
could you help me to talk to a person,CONTACT
i am trying to see the et of the order,ORDER
i have to change to the gold account,ACCOUNT
i try to subscribe to the newsletter,SUBSCRIPTION
i dont know what i need to do to purchase some products,ORDER
can you help me cancelling the account,ACCOUNT
i want to know about signing up to your company newsletter,SUBSCRIPTION
error modifying delivery address,SHIPPING
i have to list your accepted payment methods,PAYMENT
i try to list your payment methods,PAYMENT
i would like information about the lost pin,ACCOUNT
there are issues setting the secondary shipping address up,SHIPPING
how do i check what payment payment modalities are accepted,PAYMENT
i need assistance to see how soon can i expect my damn order,DELIVERY
i dont know how i can get bill,INVOICE
how do i inform of a issue with a signup,ACCOUNT
i cannot set up my delivery address,SHIPPING
i do not know what to do to close the account,ACCOUNT
were do i receive bloody compensations of my money,REFUND
i need assistance to recover the key of my user account,ACCOUNT
want assistance updating my address,SHIPPING
what do i need to do to check the cancellation charge,CANCEL
error modifying address,SHIPPING
i want assistance to cancel order,ORDER
tell me about a shipping address modification,SHIPPING
assistance checking the status of purchase,ORDER
i want information about correcting the address,SHIPPING
how do i remove some articles from purchase,ORDER
want help to acquire several of your product,ORDER
i try to see at what time customer support available is,CONTACT
want help to see how long it takes fo the article to arrive,DELIVERY
i no longer use the pro account im trying to delete it,ACCOUNT
i dont want to talk to a bot direct to me a human agent,CONTACT
can i givea quick look at the bill from,INVOICE
i want help restoring the access key of my user,ACCOUNT
i have a problem wth the removal of my account,ACCOUNT
how can i cancel order,ORDER
i need help speaking with customer assistance,CONTACT
need assistance to chat with a person,CONTACT
help seing what hours i can contact customer service,CONTACT
i need assistance to inform of a payment issue,PAYMENT
i nneed help to list the accepted payment methods,PAYMENT
can you help me submit feedback for a service,FEEDBACK
open another standard account,ACCOUNT
need help lpocating the bloody invoice from,INVOICE
create account for wife,ACCOUNT
help to edit order,ORDER
i want to locate my invoices from,INVOICE
i need assistance to get reimbursements,REFUND
i want help chatting with an assistant,CONTACT
i need to see the goddamn cancellation fee,CANCEL
wanna know more about a shipping address update,SHIPPING
i want help filing a reclamation,FEEDBACK
where can i notify of troubles with payments,PAYMENT
i need help demanding restitutions of my money,REFUND
i have a question about canceling purchase,ORDER
i want assistance using the gold account,ACCOUNT
notifying of issues with signup,ACCOUNT
there is an issue submitting the new delivery address,SHIPPING
i want to give a quick look at my bill help me,INVOICE
wanna see purchase status i need assistance,ORDER
how can i use the standard profile,ACCOUNT
can uhelp me see how soon can i expect the article,DELIVERY
want help to see the withdrawal charges,CANCEL
i expect a refund of dollars,REFUND
i need help to demand a goddamn reimbursement,REFUND
how can i file a complaint against ur organization,FEEDBACK
i want to shop a few of your product,ORDER
i dont know what to do to delete a pro account,ACCOUNT
another platinum account,ACCOUNT
editing info on standard account,ACCOUNT
assistance demanding restitutions of money,REFUND
remove something from order,ORDER
could you help me to change to the gold account,ACCOUNT
what do i need to do to inform of problems wiht payment,PAYMENT
need help to check if there are any news on the restitution,REFUND
i can no longer afford order help me cancel it,ORDER
can you help me changing to the standard account,ACCOUNT
how to shop some articles,ORDER
i have lost my pass what do i need to do to recover it,ACCOUNT
i have to check in which cases can i request refunds,REFUND
chcek order current status,ORDER
i dont know what i have to do to download bill,INVOICE
i lost my bill from can you show them to me,INVOICE
what do i have to do to sign up to ur company newslettee,SUBSCRIPTION
need help to send my feedback for ur services,FEEDBACK
how to see the status of my restitution,REFUND
i have to check the early exit fee i need assistance,CANCEL
need assistance getting the invoice,INVOICE
correcting info on platinum account,ACCOUNT
could you help me find the bill,INVOICE
need to send my freedback for ur products how can i do it,FEEDBACK
i have to update the data on my profile i need help,ACCOUNT
i want assistance retrieving the pin of my user account,ACCOUNT
i want help to acquire a few of your product,ORDER
need help to file a damn claim against your organization,FEEDBACK
what do i need to do to switch to the account,ACCOUNT
i want to check the methods for delivery,DELIVERY
need assistance reporting errors with a registration,ACCOUNT
contact somebodh,CONTACT
i have paid for this item i want to get a refund,REFUND
i want to modify my delivery address,SHIPPING
i dont know what i have to do to buy an article,ORDER
where can i demand a refund,REFUND
i dont know what to do to delete a freemium account,ACCOUNT
i need help requesting reimbursemenmts,REFUND
checking bill,INVOICE
i need help to purchase several of your item,ORDER
i want help to check order current status,ORDER
want help to file a consumer claim,FEEDBACK
i dont know how to report an issue with an signup,ACCOUNT
i need help to see what shipping methods i have,DELIVERY
is it possibe to inform of errors with payment,PAYMENT
i need help to check what shipment methods are there,DELIVERY
cancel premium acount,ACCOUNT
i need help seeing your money back guarantee,REFUND
i want help making a complaint against your organization,FEEDBACK
i try to make a bloody consumer complaint against ur company,FEEDBACK
help me unsubscribe from ur corporate newsletter,SUBSCRIPTION
can you help me retrieve my user access key,ACCOUNT
where do i ask for a refund,REFUND
can you help me to inform of an error with online payment,PAYMENT
give me information about the deletion of my freemiumaccount,ACCOUNT
i have got to list the available payment methods,PAYMENT
im trying to see at what time i can call customer support,CONTACT
im trying to lodge a customer claim against ur organization,FEEDBACK
need help signing up to ur newsletter,SUBSCRIPTION
i cannot find the withdrawal penalties,CANCEL
need to change order how to do it,ORDER
where do i sign up to your company newsletter,SUBSCRIPTION
what do i need to do to close a premium account,ACCOUNT
can you help me to change the information on my profile,ACCOUNT
reimburse,REFUND
what do i need to do to change to the account,ACCOUNT
help me to see in which cases can i ask for my money back,REFUND
help me check my invoices from,INVOICE
i dont know how i can submit a delivery address,SHIPPING
help me see what payment options ya accept,PAYMENT
need help to see how soon can i expect the delivery,DELIVERY
i chose a wrong delivery address,SHIPPING
i want assistance submitting feedback about an service,FEEDBACK
i need help to file a customer claim against your business,FEEDBACK
can i take a quick look at the invoices from,INVOICE
i dont know how i could restore my user key,ACCOUNT
i cannot set up a new shippihg address,SHIPPING
i do not know how to notify of payment errors,PAYMENT
help me to correct my address,SHIPPING
how do i change some items of order,ORDER
want assistance to check how long refunds take,REFUND
i need assistance seeing how long reimbursements take,REFUND
i do not know how i can track my rebate,REFUND
can i cancel the bloody usbscription to ur newsletter,SUBSCRIPTION
im unhzppy with ur work make a reclamation,FEEDBACK
i have t check the available payment options will uhelp me,PAYMENT
id like to change to the standard acconut,ACCOUNT
i have a question about lost access keys,ACCOUNT
want assistance t switch to the account,ACCOUNT
how to make a bloody customer claim against your company,FEEDBACK
i do not know how i can speak to someone,CONTACT
i want assistance locating purchase,ORDER
i need help checking what fucking shipping options i have,DELIVERY
help to check how long it takes for the delivery to arrive,DELIVERY
can you tell me more about a delivery address change,SHIPPING
i have a problem with the cancellation of a freemium account,ACCOUNT
is it possible to see what shipping methods you offer,DELIVERY
check payment modalities,PAYMENT
is it possible to acquire sevdral of ur product,ORDER
i have got to see the early exit fee,CANCEL
i dont know what to do to see the cancellation fee,CANCEL
tell me at what time i can call customer service,CONTACT
i need someone,CONTACT
where to acquire several items,ORDER
i need assistanc with adding an item to order,ORDER
where can i acquire a few of your article,ORDER
can you help me to see the restitution status,REFUND
assistance to see how soon can i expect my product,DELIVERY
how to contact cutsomer assistance,CONTACT
i would loike to obtain damn refunds of my money,REFUND
help me editing my shkpping address,SHIPPING
i can check the status of my company newsletter subscription,SUBSCRIPTION
i dont know how to cancel my subscription to the newsletter,SUBSCRIPTION
i need help reporting a trouble with online payments,PAYMENT
could you help me subscribing to the company newsletter,SUBSCRIPTION
i have ot change to the standard account how do i do it,ACCOUNT
can you show me at what time i can contact customer service,CONTACT
i dont know how to check the early termination penalties,CANCEL
need to change order,ORDER
need to check the etga of order help me,ORDER
i need information about the shipment options,DELIVERY
where can i sign up to the corporate newsletter,SUBSCRIPTION
do ya deliver to,DELIVERY
i dont know what to do to get invoice,INVOICE
i do not know how i can get my invoice from,INVOICE
i try to know if there is anything new on my refund,REFUND
i want help resetting my user profile pin,ACCOUNT
can usend me the damn invoices from,INVOICE
i need assistance to chat with an operator,CONTACT
i dont know what to do to inform of a registration error,ACCOUNT
i need to swqap something of purchase help me,ORDER
assistance checking when my article is going to arrive,DELIVERY
i want help to speak with customer assistance,CONTACT
where do i see what methods for delivery are available,DELIVERY
i dont know how i can see the damn invoices from,INVOICE
can you help me report troubles with payment,PAYMENT
i would like to list the payment methods how to do it,PAYMENT
awnt assistance talking to an agent,CONTACT
where do i leave a review about a service,FEEDBACK
i need assistance using the profile,ACCOUNT
help submitting some feedback for ur products,FEEDBACK
can ya help me opening a account,ACCOUNT
create new standard account,ACCOUNT
i have to check the reimbursement current status help me,REFUND
can you help me to inform of a trouble with payment,PAYMENT
how can i check what payment methods are accepted,PAYMENT
want assistance to reporta payment error,PAYMENT
have a problem with canceling order,ORDER
ehlp to check ur allowed payment modalities,PAYMENT
i need help to earn several producst,ORDER
need help using the platinum profile,ACCOUNT
i dont know what to do to submit feedback about a service,FEEDBACK
how could i open a standard account,ACCOUNT
getting invoices from last purchase,INVOICE
help changing to the account,ACCOUNT
i need help to switch several articles of order,ORDER
i dont know what i have to do to look fopr my bill,INVOICE
want assistance to create a different damn premium account,ACCOUNT
i am looking for the delivery methods how can i find them,DELIVERY
how can i inform of an error with payment,PAYMENT
i try to see the eta of order,ORDER
i dont know what to do to see what shipment methods i have,DELIVERY
what do i need to do to write an opinion for a service,FEEDBACK
i would like to enter another shipping address help me,SHIPPING
i dont have a premium account how do i sign up,ACCOUNT
i dont know what to do to switch to the account,ACCOUNT
send me invoice,INVOICE
assistance to talk with bloody customer supprt,CONTACT
can you give me information about editibg the address,SHIPPING
i have to check the fucking withdrawal charges i need help,CANCEL
i have got to send efedback for a service help me,FEEDBACK
i need assistance to add some products to order,ORDER
help locating my fucking bill from,INVOICE
help me to speak with a live agent,CONTACT
i have a question about the deletion of my account,ACCOUNT
find information about the termination of a freemium account,ACCOUNT
what do i have to do to report a bloody issue with payments,PAYMENT
assistance to see what paymentmethods ya accept,PAYMENT
troubles entering a secondary delivery address,SHIPPING
check at what time customer support available is,CONTACT
need assistance to get the invoices from,INVOICE
could you help me find my invoice from,INVOICE
find the bill from,INVOICE
where can i list your available payment modalities,PAYMENT
see if there are any news on the compensation,REFUND
what do i have to do to see the delivery options,DELIVERY
can you help me cancelling purchase,ORDER
what is the ucstomer support working hours,CONTACT
i have to receive your newsleter,SUBSCRIPTION
where can i iinform of errors with online payment,PAYMENT
what do i have to do to download the invoice,INVOICE
i do not know what i need to do to report signup errors,ACCOUNT
informing of issue with signup,ACCOUNT
can you help me to make a claim against your business,FEEDBACK
how could i get in touch with fucking customer service,CONTACT
modify premium account,ACCOUNT
how do i delete some bloody products from purchase,ORDER
what do i need to do to purchase a product,ORDER
assistance deleting the secondary account,ACCOUNT
how casn i check at what time i can contact customer support,CONTACT
need to trafk order help me,ORDER
help me canceling the corporate newsletter subscription,SUBSCRIPTION
can i check the shipping methods,DELIVERY
assistance updating the info included on my user account,ACCOUNT
i need help cancelling the company newsletter subsrciption,SUBSCRIPTION
i want help changing my delivey address,SHIPPING
where do i receive a compensation,REFUND
i have got to check if there are any news on the restitution,REFUND
i have got to check how soon can i expect my shipment,DELIVERY
i need information about correcting my shipping address,SHIPPING
i want assistance cancelling order,ORDER
i dont know how to check the early exit charge,CANCEL
help checking in which cases can i ask for reimbursements,REFUND
can i swap something of order,ORDER
i need to switch to the standard acconut,ACCOUNT
questionn about canceling order,ORDER
i want assistance to close the account,ACCOUNT
i do not know how i can check your reimbursement policu,REFUND
i need assistance restoring my pin,ACCOUNT
nmeed help opening a premium account,ACCOUNT
help using the platinum account,ACCOUNT
i am trying to find the methods for shipment i need help,DELIVERY
i try to see the payment methods,PAYMENT
i am trying to list your available payment methods,PAYMENT
modifying ingormation on account,ACCOUNT
could i switch something of order,ORDER
helpp to get my bill,INVOICE
want help oopening a account,ACCOUNT
i cant check the current status of purchase,ORDER
i expect a refund of,REFUND
updating account,ACCOUNT
i need help talking to customer service,CONTACT
i want to talk to customer assistance i need help,CONTACT
i have to open a gold account how do i do it,ACCOUNT
i want assistance leaving my feedback about a service,FEEDBACK
i do not know how to cancel order,ORDER
i need help ordering some of ur article,ORDER
help me to change the delivery address,SHIPPING
demanding rebate of money,REFUND
where can i check at what time i can call customer service,CONTACT
how to check what payment options are available,PAYMENT
i do not know how to see the eta of purchase,ORDER
how do i use the freemium account,ACCOUNT
i have got to talk to customer assistance how to do it,CONTACT
i need help speaking to somebody,CONTACT
can i check how long the shipping takes,DELIVERY
could utell me about the shipping periods,DELIVERY
could i see the current status of order,ORDER
i need to shop several of your item help me,ORDER
i dont know what i need to do to switch to the account,ACCOUNT
problem with canceling order,ORDER
is it possible to set a different shipping address up,SHIPPING
need help to modify my user information,ACCOUNT
i have got to see your money back policy how can i do it,REFUND
edit details on freemium account,ACCOUNT
what do i need to do to speak with an operator,CONTACT
i try to check how long reimbursements usually take,REFUND
i am trying to find my invoices from,INVOICE
i have to receive a reimbursement of money,REFUND
i dont know how to set a secondary shipping address up,SHIPPING
could i see in which cases can i ask to be refunded,REFUND
i try to change my shipping address,SHIPPING
modifying info on account,ACCOUNT
check refund status,REFUND
i want to retrieve my user pin how to do it,ACCOUNT
i dont know how i can get the invoice,INVOICE
assistance to see the restitution status,REFUND
i dont know how i can locate purchase,ORDER
update standard account,ACCOUNT
need help to check the eta of purchase,ORDER
i cant speak with a persno,CONTACT
neeed help listing the allowed payment methods,PAYMENT
how do i restore my account passwodr,ACCOUNT
could you help me see how soon can i expect my parcel,DELIVERY
tell me more about subscribing to ur newsletter,SUBSCRIPTION
help checking what payment methods are accepted,PAYMENT
could i see in what cases can i request to be refunded,REFUND
want help seeing what options for delivery i can choose,DELIVERY
wanna see bill,INVOICE
i dont know whatto do to talk to customer assistance,CONTACT
cn i place an order from,DELIVERY
can ya help me remove some products from order,ORDER
how to contact soembody,CONTACT
i need to see your refund policy how could i do it,REFUND
wanna leave a review about a service,FEEDBACK
i want support trying to correct my delivery address,SHIPPING
help me file a consumer complaint against ur company,FEEDBACK
need assistance to purchase several of your article,ORDER
i want supports trying to correct the address,SHIPPING
i have to order some of your item can i get some help,ORDER
i need assistance modifying my bloody user account,ACCOUNT
can i see under which circumstances can i ask for a refund,REFUND
i do not know what to do to ese the cancellation penalties,CANCEL
i want help to talk with customer support,CONTACT
i want assistance gettingg reimbursements of my money,REFUND
switching to premium account,ACCOUNT
i do not know how to create a account,ACCOUNT
i want assistance to notify of goddamn issues with payments,PAYMENT
want assistance to send feedback about your company,FEEDBACK
i cant understand you i need to speak with a live agent,CONTACT
i need help to inform of problems with a signup,ACCOUNT
can ya help me updating the details included on my account,ACCOUNT
i need help to sign up to your company newsletter,SUBSCRIPTION
could you help me to buy some products,ORDER
want help to know if there is anything wrong with the refund,REFUND
i need assistance informing of errors with signup,ACCOUNT
i cant notify of a signup issue,ACCOUNT
i need to see the cancellation fees how to do it,CANCEL
how to unsubscribe from ur company newsletter,SUBSCRIPTION
i am tring to see the early exit penalty,CANCEL
i have a trouble correcting the address,SHIPPING
where to lodge a complaint against your business,FEEDBACK
i wanmt help trying to change my shipping address,SHIPPING
i have got to set my shipping address up how to do it,SHIPPING
i have to see the eta of purchase cn uhelp me,ORDER
i want assistance to inform of a problem with payment,PAYMENT
i have problem with creating a account,ACCOUNT
help me check how soon can i expect my delivery,DELIVERY
i put the old address by mistake how do i modify it,SHIPPING
can you help me to see the withdrawal fee,CANCEL
want help to get a reimbursement of money,REFUND
help me to check how long reimbursements usually take,REFUND
i do not know what i need to do to see the bill,INVOICE
i wantto see the termination charge,CANCEL
delete article from order,ORDER
where to create a premium account for my daughter,ACCOUNT
where could i switch to the account,ACCOUNT
need assistance to correct my address,SHIPPING
i lost the fucking bill from mail it to me,INVOICE
i need assistance switching to the account,ACCOUNT
i want information about correcting purchase,ORDER
i want help to earn a produxt,ORDER
i mised some items in purchase can i add them,ORDER
i have got to notify of an sisue with online payment,PAYMENT
assistance speaking with customer support,CONTACT
i cannot pay help me to report issues with payment,PAYMENT
i need support trying to update my shipping address,SHIPPING
i want to talk to customer service how do i do it,CONTACT
do you have an address to leave feedback for your services,FEEDBACK
what do i need to do to speak with someone,CONTACT
i have to sede the cancellation charge,CANCEL
tell me more about shipping period,DELIVERY
i dont know how i can submit some feedback,FEEDBACK
i have got to check when will my item arrive,DELIVERY
create accountfor wife,ACCOUNT
i want assistance changing the info on my user account,ACCOUNT
i no longer want purchase can you cancel it,ORDER
show status of refund,REFUND
i am calling to see what delivery methods are available,DELIVERY
wanna ask for rebates,REFUND
how do i make a reclamation against your organization,FEEDBACK
can i send some feedback for a product,FEEDBACK
can ya show me the status of order,ORDER
i want help to check the bloody shipment methods,DELIVERY
i have errors editing the shipping address,SHIPPING
i need help requeting a refund of money,REFUND
i need assistance talkig to fucking customer support,CONTACT
want help to file a customer claim,FEEDBACK
help to make a complaint,FEEDBACK
i do not know what i need to do to close my account,ACCOUNT
i dont know how i can change to the gold account,ACCOUNT
help me to check what payment methods are available,PAYMENT
help me write a review,FEEDBACK
can i open a premium account,ACCOUNT
where do i retrieve my profile pwd,ACCOUNT
help removing an article from order,ORDER
what do i need to do to delete the freemium account,ACCOUNT
help contacting an operator,CONTACT
can uhelp me leave a damn review for a service,FEEDBACK
how can i get information about a freemium account deletion,ACCOUNT
need help making an customer complaint against your business,FEEDBACK
where do i report an issue wiht signup,ACCOUNT
i have a problem submitting my delivery address,SHIPPING
i need assistance cancelling purchase,ORDER
wanna track purchase will ya help me,ORDER
i want assistance updating my delivery address,SHIPPING
question about opening user profiles,ACCOUNT
i dont know what to do to sign up to your newsletter,SUBSCRIPTION
i have got to check the early exit fee,CANCEL
i would like to edit the damn information on my user,ACCOUNT
i want assistance to inform of a problem with online payment,PAYMENT
help me see at what time i can call customer service,CONTACT
check the available shipping options,DELIVERY
what do i have to do to cancel a standard account,ACCOUNT
look for bill,INVOICE
need assistance switching to the fucking premium account,ACCOUNT
need help to notify of an error with online paymemts,PAYMENT
i have a trouble trying to modify my address,SHIPPING
wanna cancel my subscription to the newsletter,SUBSCRIPTION
need assistance receiving a bloody rebate of money,REFUND
how can i check what bloody payment options you accept,PAYMENT
i do not know how to request a refund of my money,REFUND
how to get my invoice from,INVOICE
help me to check the early exit charge,CANCEL
changing to standard account,ACCOUNT
i would like to edit my bloody account could you help me,ACCOUNT
problem entering the seocndary shipping address,SHIPPING
how could i make a consumer claim against your company,FEEDBACK
i dont know how i can create a pro account for my dad,ACCOUNT
can ya help me to check the bill,INVOICE
help to see what hours i can contact customer support,CONTACT
i need to remove several articles from purchase,ORDER
i call to leave a review,FEEDBACK
can you help me informing of registration issues,ACCOUNT
assistance to check what payment methods you accept,PAYMENT
inform of a problem with signup,ACCOUNT
i need assistance notifying of a trouble with online payment,PAYMENT
changkng to pro account,ACCOUNT
help me see ur money back guarantee,REFUND
will you tell me the available payment modalities,PAYMENT
i do not know how i can obtain compensations of my money,REFUND
i have to list the payment modalities i need assistance,PAYMENT
help me canceling the account,ACCOUNT
i dont know what to do to obtain my money back,REFUND
how do i cancel the subscription to the newsletter,SUBSCRIPTION
i want help to ask for an rebate of money,REFUND
i do not know how i could unsubscribe to your newsletter,SUBSCRIPTION
i have got to see ur refund poliicy,REFUND
need to get the invoices from,INVOICE
i want assistance checking what paytment methods ya accept,PAYMENT
i want help contacting customer support,CONTACT
i dont know how i can create a account,ACCOUNT
icant track order,ORDER
another premium account for father,ACCOUNT
i do not know what to do to obtain rebates,REFUND
why i cant enter the secondary delivery address valid,SHIPPING
can i check the bills from,INVOICE
use pro acdcount,ACCOUNT
i want assistance to check the early exit penalties,CANCEL
assistance to reset the pin of my account,ACCOUNT
i dont know how i could track the rebate,REFUND
where do i submit feedback about your company,FEEDBACK
report issues with payments,PAYMENT
can ya help me checking the eta of the order,ORDER
can ya help me checking the early termination penalties,CANCEL
i have got to locate purchase i need help,ORDER
i want help to create a gold account for my fiance,ACCOUNT
can uhelp me see what hours i can contact customer service,CONTACT
can uhelpp me to order some of ur product,ORDER
can you help me speak with an operator,CONTACT
want help setting my deilvery address up,SHIPPING
i dont know how i can see my rebate current status,REFUND
there are errors entering my delivery address,SHIPPING
where to check the cancellation charge,CANCEL
help to speak to a live agent,CONTACT
delete gold acvount,ACCOUNT
help me to download the bill,INVOICE
help me leaving a comment for ur company,FEEDBACK
assistance to contact an agent,CONTACT
i do not know what i need to do to change to the acount,ACCOUNT
i want to change to the account how could i do it,ACCOUNT
i want to speak with customer esrvice,CONTACT
asistance cancelling purchase,ORDER
can i check your payment modalities,PAYMENT
see in what situations can i ask for refunds,REFUND
want assistance retrieving the password of my user,ACCOUNT
have a question about canceling order,ORDER
i need help to switcdh to the freemium account,ACCOUNT
where can i sign up to the corporate newsletter,SUBSCRIPTION
i dont kmow how i can locate bill,INVOICE
i dont know what i have to do to download my invoice,INVOICE
want help receiving your company newsletter,SUBSCRIPTION
i try to report an payment error,PAYMENT
assistance seeing the eta of order,ORDER
assistance seeing how long reimbursements usually take,REFUND
want assistance listing the allowed payment modalities,PAYMENT
i need assistance to talk with an agent,CONTACT
ened help with cancelling purchase,ORDER
i try to modify my address,SHIPPING
i need help to check what hours i can call customer service,CONTACT
help me reporting a signup problem,ACCOUNT
i want assistance creating a pro account,ACCOUNT
information about cancel my subscription to your newsletter,SUBSCRIPTION
assistance to unsubscribe to the corporate newsletter,SUBSCRIPTION
changing details on freemium account,ACCOUNT
issues setting my secondary shipping address up,SHIPPING
change to the platinum account,ACCOUNT
how to change to the account,ACCOUNT
get bills from,INVOICE
i cant find the early terminatuon penalty,CANCEL
i want help to know if there are any news on the rebate,REFUND
i have problems setting my secondary shipping address up,SHIPPING
whta do i have to do to close my account,ACCOUNT
i want help entering the shipping address,SHIPPING
i do not know what i need to do to speak with somebody,CONTACT
i call to get my invoice from,INVOICE
can ya give me information about a forgotten access key,ACCOUNT
i need help to see what hours i can reach customer service,CONTACT
need to edit my account can ya help me,ACCOUNT
i want help to see bill,INVOICE
how do i modify purchase,ORDER
can i speak to a live agent,CONTACT
i have a question about an address correction,SHIPPING
have a question about my pin reset,ACCOUNT
help me entering a secondary delivery address,SHIPPING
i want to edit my fucking user will you help me,ACCOUNT
what do i have to do to correct order,ORDER
i have ordered some item cancel purchase,ORDER
i am trying to unsubscribe from your company newsletter,SUBSCRIPTION
i dont know how to check the current status of my rebate,REFUND
assistance to retrieve the key of my account,ACCOUNT
can uhelp me resetting the access key of my user profile,ACCOUNT
i need assistance seeing the cancellation charge,CANCEL
change to standard account,ACCOUNT
what is the shpiping period,DELIVERY
i am calling to write a review for a service,FEEDBACK
correctdata on account,ACCOUNT
need help solving a payment error,PAYMENT
i cant find the withdrawal penalty i need help,CANCEL
can you show me the current status of order,ORDER
can i update purchase,ORDER
i havent registeredhelp opening a pro account with you,ACCOUNT
i do not know how to update my shipping address,SHIPPING
i do not knowwhat i need to do to get invoice,INVOICE
is it possible to order from,DELIVERY
i try to acquire an article,ORDER
correcting data on platinum account,ACCOUNT
how to check bill,INVOICE
i lost my invoices from find them for me,INVOICE
is it possible to inform of a problem with registrations,ACCOUNT
i do ont know how to send fucking feedback for a service,FEEDBACK
i try to restore my account pin,ACCOUNT
how t see the allowed payment methods,PAYMENT
how can i create a account for my fiance,ACCOUNT
i need help to get my invoices from,INVOICE
i want help to open a premium account for my dad,ACCOUNT
where can i get information about the lost pin code,ACCOUNT
i want to locate invoice how to do it,INVOICE
do you have a method to send a comment about your products,FEEDBACK
icannot afford order could i cancel it,ORDER
use acdcount,ACCOUNT
how to correct the shipping address,SHIPPING
editing information on account,ACCOUNT
reporting issues with payments,PAYMENT
i need to look for the fucking invoices from,INVOICE
i dont know what i have to do to reset my pass,ACCOUNT
help me ask for a compensation,REFUND
i need help acquiring a few of your article,ORDER
i do not know how i can check ur money back guarantee,REFUND
need assistance canceling order,ORDER
how cani change order,ORDER
help me checking when will my package arrive,DELIVERY
is it possible to see the bills from,INVOICE
i want supports trying to update my delivery address,SHIPPING
i have to restore my user account key,ACCOUNT
i want to retrieve my user account pin,ACCOUNT
i want assistance cancelling the newsletter subscription,SUBSCRIPTION
i do not know what to do to download my invoice,INVOICE
i do not know how i can cancel the standard account,ACCOUNT
i need information about cancel the newsletter subscription,SUBSCRIPTION
their is a problem trying to update my delivery address,SHIPPING
help me check in which cases can i ask ofr reimbursements,REFUND
report registration issues,ACCOUNT
can you help me to see if there are any news on my refund,REFUND
i have a question about the termination of my account,ACCOUNT
i want information about my access key recovery,ACCOUNT
i do not know what i have to do to speak with a damn agent,CONTACT
i want assistance demanding a compensation,REFUND
i am trying to order a few of your product,ORDER
what do i need to do to restore my pin code,ACCOUNT
i need supports trying to modify my delivery address,SHIPPING
i need assistance to see the early exit fee,CANCEL
i need to reset the password of my user profile,ACCOUNT
i want help to see the eta of purchase,ORDER
i dont know how i can speak with customer service,CONTACT
there is a problem submitting a new shipping address,SHIPPING
you are not helpful can i speak with a person,CONTACT
is there an address to submit an opinion for a service,FEEDBACK
i want to earn a product how can i do iut,ORDER
i want to see your money back guarantee how can i do it,REFUND
i dont know how i could correct the address,SHIPPING
where can i list your accepted payment options,PAYMENT
wanna see in which situations can i ask for a refund,REFUND
i cannot receive your corporate newsletter,SUBSCRIPTION
modify information on acfount,ACCOUNT
assistance to change the address,SHIPPING
contacting live agent,CONTACT
i have got to locte order,ORDER
there are problems trying to edit my address,SHIPPING
i need help to give a quick look at my bills from,INVOICE
i dont know how to close my account,ACCOUNT
how can i get information about platinum account deletions,ACCOUNT
i would like to delete my premium account,ACCOUNT
i want help to change to the account,ACCOUNT
checking allowed payment methods,PAYMENT
i try to see the termination fee,CANCEL
i want assistance to cancel order,ORDER
i need assistance to get the invoice,INVOICE
i dont know how i can get a restitution of my money,REFUND
is it possible to edit purchase,ORDER
is it possible to talk with customer assistance,CONTACT
i have got to see how soon can i expect my article,DELIVERY
can uhelp me lodge a customer complaint agazinst ur company,FEEDBACK
how do i make a complaint against your business,FEEDBACK
i want assistance giving a quick look at the invoice,INVOICE
what do i need to do to dowjload my bill,INVOICE
i have lost invoice could you mail it to me,INVOICE
i dont know how i can change to the account,ACCOUNT
update purchase,ORDER
i want help calling customer support,CONTACT
i cannot switch to the account,ACCOUNT
i have a question about opening a premium account,ACCOUNT
assistance checking what shipping options are there,DELIVERY
i do not know what to do to inform of a payment issue,PAYMENT
is it possible to check how soon can i expect the package,DELIVERY
can uhelp me informing of a payment issue,PAYMENT
i am trying to talk with custojer service,CONTACT
i have got to earn a few of your product,ORDER
assistance downloading my bills from,INVOICE
edtiing order,ORDER
need assistance to request a reimbursement of my money,REFUND
i lost my access key help me retrieving it,ACCOUNT
wanna leave goddamn feedback about ur services,FEEDBACK
i try to see in what situations can i ask to be refunded,REFUND
need help to talk to customer assistance,CONTACT
help to list the accepted payment options,PAYMENT
want help to report a trouble with payment,PAYMENT
i try to see my compensation current status,REFUND
i want to update the damn user data how could i do it,ACCOUNT
i want to acquire a product,ORDER
i dont know how i can check the eta of purchase,ORDER
want assistace seeing my bill,INVOICE
give me information aout editing order,ORDER
i am trying to sign up to the company newsletter,SUBSCRIPTION
want help switching to the premium account,ACCOUNT
i dont know how i can see when will my parcel arrive,DELIVERY
i dont want a chatbot direct to me a bloody agent,CONTACT
update data on account,ACCOUNT
i dont use my gold account i want assistance removing it,ACCOUNT
i havent signed up i need assistance opening a pro account,ACCOUNT
i have a trouble updating my addrses,SHIPPING
switch to another account,ACCOUNT
i would like to see how long reimbursements take,REFUND
want help opening a account,ACCOUNT
is it possible to check when my order is gonna arrive,DELIVERY
earning something,ORDER
i cant notify of issues with a registration,ACCOUNT
want help to see the shipping options,DELIVERY
need to make a claim against ur organization,FEEDBACK
change several articles of order,ORDER
i want help to inform of an error with payments,PAYMENT
where can i make a customer complaint against your business,FEEDBACK
how can i speak with an assistznt,CONTACT
need assistance to cancel my freemium account,ACCOUNT
how to see the methods for delivery,DELIVERY
i want help to talk to somebody,CONTACT
i would like to make a reclamation how do i do it,FEEDBACK
how do i sign up to thhe corporate newsletter,SUBSCRIPTION
assistance to see the eta of the order,ORDER
i need assistance to check the eta of the order,ORDER
what do i need to do to earn several of urarticle,ORDER
give me information about a delivery address modification,SHIPPING
i need assistance canceling a fucking premium account,ACCOUNT
could you help me writing an opinion about a product,FEEDBACK
i expect an reimbursement of dollars,REFUND
help retrieving the pin of my account,ACCOUNT
i want help opening a standard account for my daughter,ACCOUNT
i have made a mistake help me change purchase,ORDER
what do i need to do to switch to the premium account,ACCOUNT
i cant notify of issues with signup,ACCOUNT
i would like information about a account removal,ACCOUNT
could i see in what situations can i ask for reimbursements,REFUND
i want help to recver my user account pwd,ACCOUNT
where do i inform of goddamn problems with online paymnts,PAYMENT
can i check the shipment options,DELIVERY
need help regadring my signup,ACCOUNT
seeing purchase current status,ORDER
assistance listing the payment methods,PAYMENT
give me information about the removal of a premium account,ACCOUNT
help to make a claim against your company,FEEDBACK
assistance ordering an article,ORDER
help seeing what hours i can contact customer assistance,CONTACT
i want assistance to cancle purchase,ORDER
want assistance to report issues with payments,PAYMENT
seeing the delivery methods,DELIVERY
i want help to recover the access key of my user account,ACCOUNT
i want to see when will my product arrive i need help,DELIVERY
i dont know how i can submit a new shipping address,SHIPPING
i cant locate my invoices from,INVOICE
i never use the pro account i need help deleting it,ACCOUNT
i need assistance checking your available payment modalities,PAYMENT
i paid for an item can ya help me obtain a rebate,REFUND
correcting purchase,ORDER
im calling to check whenb will my item arrive,DELIVERY
i want assistance ordering something,ORDER
i have got to see what delivery methods you offer,DELIVERY
could you help me setting up my new delivery address,SHIPPING
i cant correct my bloody shipping address,SHIPPING
i dont know how i can report an error with payment,PAYMENT
help checking the status of purchase,ORDER
is it possible to receive fucking refunds of my money,REFUND
i dont know what i have to do to talk to an assistant,CONTACT
assistance to solve troubles with payments,PAYMENT
i cannot register inform of a signup issue,ACCOUNT
can uhelp me getting the bill from four last years,INVOICE
i want to use the pro profile can i get some help,ACCOUNT
i want help to locate order,ORDER
i dont know what i have to do to obtain a compensation,REFUND
what do i have to do to change to the gold account,ACCOUNT
do ya deoiver to,DELIVERY
i never use the account i need help canceling it,ACCOUNT
there are issues entering my new shipping address,SHIPPING
opening new standard account for daughter,ACCOUNT
eta of order,ORDER
i do not know what to do to sign up to the newsletter,SUBSCRIPTION
i have to check the withdrawal fee can you help me,CANCEL
i dont know what to do to buy somethinb,ORDER
i do not want my last bloody item cancel order,ORDER
i am trying to lodge a complaint against your organization,FEEDBACK
i cant notify of errors with a signup,ACCOUNT
where do i inform of problems with online payments,PAYMENT
customer service email,CONTACT
i want assistance to open a account for my fiance,ACCOUNT
can unelp me shop a few of ur article,ORDER
i need information about modifying my shipping address,SHIPPING
how to switch some items of purchase,ORDER
see in which cases can i request to be refunded,REFUND
i dont know what to do to talk with customer support,CONTACT
how do i unsubscriobe from ur newsletter,SUBSCRIPTION
i have got to reset the pin of my user,ACCOUNT
i need to acquire some products can i get some help,ORDER
can i talk with a bloody agent,CONTACT
assistance to sign up to the company newsletter,SUBSCRIPTION
assistance to cancel purchase,ORDER
need help to unsubscribe from your corporate newsletter,SUBSCRIPTION
help to call customer support,CONTACT
i do not know how to reauest reimbursements,REFUND
help checking the withdrawal penalties,CANCEL
wanna check the status of purchase how to do it,ORDER
check invoice from eight purchases ago,INVOICE
i have got to correct the address,SHIPPING
my experience with you was awful file a reclamation,FEEDBACK
i dont know how to see ur money back policy,REFUND
i need to leave a comment for your services how to do it,FEEDBACK
using accouny,ACCOUNT
i dont know how to write an opinion for your products,FEEDBACK
i do not know how i can cancel order,ORDER
i want assistance checking the withdrawal penalties,CANCEL
help to earn several of your item,ORDER
what do i have to do to restore the key of my user profile,ACCOUNT
i need help seeing what hours i csn call customer service,CONTACT
i have to check in what cases can i request a reimbursement,REFUND
i have got to inform of troubles with online payment,PAYMENT
can you help me contact a human agent,CONTACT
how to see the status of my restitution,REFUND
what do i have to do to get my invoice from,INVOICE
can you help me speaking with a human agent,CONTACT
i want to see what shipping options i can choose help me,DELIVERY
wanna swap some fucking products of purchase,ORDER
editing personal information,ACCOUNT
i dont know how to see the early exit charges,CANCEL
i want assistance tocancel order,ORDER
errors setting up a different shipping address,SHIPPING
i am trying to see what payment options are available,PAYMENT
assistance to see your available payment options,PAYMENT
where can i report signup problems,ACCOUNT
i have got to delete a standard account,ACCOUNT
removing account,ACCOUNT
reporting payment issue,PAYMENT
help to set my secondarydelivery address up,SHIPPING
i need assistance to checck ur money back policy,REFUND
need to demand revates of my money,REFUND
remove premium account,ACCOUNT
wanna earn some of ur article,ORDER
help me check in which casesx can i ask for reimbursements,REFUND
is it possible to change order,ORDER
i need assistance deleting a account,ACCOUNT
i do not know what i have to do to get my bill,INVOICE
help solving a payment problem,PAYMENT
i want assistance to close my account,ACCOUNT
check under which circumstances can i ask to be refunded,REFUND
help seeing in what situations can i ask for refunds,REFUND
i need to leave some fedeback about a product,FEEDBACK
need assistance to see my invoices from,INVOICE
wannaclose a pro account,ACCOUNT
help to restore my user password,ACCOUNT
directing to operator,CONTACT
how do i unsubscribe fromur corporate newsletter,SUBSCRIPTION
i have to contact a human agent,CONTACT
were do i report damn troubles with payment,PAYMENT
i do not know how to send feedback about your products,FEEDBACK
open standard account,ACCOUNT
im waiting for a restitution of was it processed,REFUND
could you help me notify of an error with signup,ACCOUNT
would it be possible to enter the new delivery address,SHIPPING
i need help seeing how long it takes for my item to arrive,DELIVERY
can i check purchase current status,ORDER
where can i check if there is anything enw on the refund,REFUND
i try to set up a shipping address,SHIPPING
can uhelp me earn several products,ORDER
help seeing in what cases can i ask for reimbursements,REFUND
i want help cancellkng purchase,ORDER
how to notify of problems with signup,ACCOUNT
i cannot make a payment i want help to report a problem,PAYMENT
i want help to leave some goddamn feedback for a service,FEEDBACK
i need assistance looking for the bills from,INVOICE
i dont know what i have to do to speak with an asistant,CONTACT
how can i get a refund,REFUND
i do not know how i can see the early exit penalties,CANCEL
i dont know what i have to do to contact someone,CONTACT
id like to correct the bloody dadress can i get some help,SHIPPING
wanna correct the acdress can uhelp me,SHIPPING
i have lost bill can ya show it to me,INVOICE
can uhelp me to get my bill from,INVOICE
i dont know what i need to do to obtain compensations,REFUND
i do not know what to do to create a account,ACCOUNT
want help to solve a payment error,PAYMENT
assistance chatting with a live agent,CONTACT
i dont know how i can inform of issues with online payment,PAYMENT
want assistance to notify of a payment problem,PAYMENT
update info on gold account,ACCOUNT
help me see when my damn article is going to arrive,DELIVERY
i try to get in touch with customer assistance,CONTACT
i have got to subscribe to the fucking newsletter,SUBSCRIPTION
i want help listing ur payment options,PAYMENT
can you help me checking the options for shipment,DELIVERY
i want assistance to write a review for your company,FEEDBACK
i try to call goddamn customer service,CONTACT
i have to see in what casescan i request a reimbursement,REFUND
chnge data on freemium account,ACCOUNT
i have got to make a complaint against your company,FEEDBACK
i am trying to call customer support,CONTACT
i have a problem trying to change the delivery address,SHIPPING
i aint registered how to open a standard account with you,ACCOUNT
need help canging to the account,ACCOUNT
there are troubles modifying the shipping address,SHIPPING
where do i check the early exit charge,CANCEL
how can i list your available payment methods,PAYMENT
i want help seeing in what situations can i request refunds,REFUND
can ya help me see what payment options ya accept,PAYMENT
i dont know how to recover the pin of my profile,ACCOUNT
i do not know what i have to do to delete a account,ACCOUNT
there is a trouble trying to edit the address,SHIPPING
want help checking the allowed payment methods,PAYMENT
i cant submit myy new shipping address,SHIPPING
i need help to check how soon can i expect my article,DELIVERY
help me checking in what situations can i ask for a refund,REFUND
help me check when will my package arrive,DELIVERY
can oyu help me receive the company newsletter,SUBSCRIPTION
do ya have an email to leave some feedback about ur company,FEEDBACK
i have to get my invoice,INVOICE
i want assistance submitting my new shipping address,SHIPPING
i want assistance to cancel purchase,ORDER
im experiencing a problem with my signup,ACCOUNT
get bill frommr jones,INVOICE
want help swapping an article of purchase,ORDER
i dont know what to do to change ot the goddamn gold account,ACCOUNT
i dont know what i have to do to speak to an assistant,CONTACT
where could i reset the pass of my user account,ACCOUNT
modifying information on freemium account,ACCOUNT
i cant find the termination fees,CANCEL
can you help me see the withdrawal penalty,CANCEL
how can i unsubscribe from your newsletter,SUBSCRIPTION
i want assistance seaking with someone,CONTACT
i want help to inform of an issue with online payments,PAYMENT
where do i set the shipping address up,SHIPPING
i need to order several articles can you help me,ORDER
i dont know what i need to do to cancel a platinum account,ACCOUNT
what do i needto do to inform of registration issues,ACCOUNT
how to see at what time customer support available is,CONTACT
there are problems trying to change my delivery address,SHIPPING
i have to earn a damn product how could i do it,ORDER
i try to see if there are any news on the reimbursement,REFUND
i do not know how to see when my delivery is gonna arrive,DELIVERY
where to see what hours i can contact customer support,CONTACT
changing to gold account,ACCOUNT
i have got to track my refund,REFUND
assistance signing up,ACCOUNT
im trying to report errors with signup,ACCOUNT
can you help me downloading the invoice,INVOICE
need assistance notifying of a problen with payment,PAYMENT
eqrn several of your item,ORDER
i have got to check what hours customer service available is,CONTACT
i do not know what i have to do to get invoice,INVOICE
i need to cancel my subscription to the company newsletter,SUBSCRIPTION
do you have an email to contact customer assistance,CONTACT
i want help to check the shipping methods,DELIVERY
where to check at wnat time customer assistance available is,CONTACT
how can i report a signup error,ACCOUNT
editing account,ACCOUNT
i dont know what to do to notify of registration issues,ACCOUNT
how to see if there is anything new on my compensation,REFUND
what do i have to do to change to the account,ACCOUNT
need help notifying of an error with online payment,PAYMENT
there are troubles submitting a new delivery address,SHIPPING
i have to see how soon can i expect the purchase,DELIVERY
i want help subscribing to your newsletter,SUBSCRIPTION
i need assistance seeing what shipment methods are available,DELIVERY
the address changed modify it,SHIPPING
need help with canceling order,ORDER
can uhelp me see what hours i can call customer service,CONTACT
is it possible to check what delivery options are there,DELIVERY
assistance to enter my shipping address,SHIPPING
i want to receive your newsletter i need help,SUBSCRIPTION
change info on pro account,ACCOUNT
i want assistance to see what shipment options are available,DELIVERY
i dont know how i can check the cancellation charge,CANCEL
help to see in which cases can i request ym money back,REFUND
could uhelp me see my goddamn invoikces from,INVOICE
where can i get information about an address correction,SHIPPING
i have got to lodge a consumer complaint,FEEDBACK
i dont know how to check when my aprcel is going to arrive,DELIVERY
i dont know how i can remove my premium account,ACCOUNT
updating account,ACCOUNT
updating info on platinum account,ACCOUNT
where can i shop some articles,ORDER
opening pro account,ACCOUNT
modify details on platinum account,ACCOUNT
errors submitting my fucking secondary delivery address,SHIPPING
is it possible to enter my delivery address,SHIPPING
need to switch to the pro account help me,ACCOUNT
where to check the termination charges,CANCEL
talk to agent,CONTACT
i dont know how i could inform of a problem with a signup,ACCOUNT
i want help to reset the damn key of my user,ACCOUNT
would it be possible to talk with somebody,CONTACT
i have got to submit a delivery addres,SHIPPING
can you help me speak to customer assistance,CONTACT
where to lodge a complaint,FEEDBACK
how can i ask for rebates of my money,REFUND
where to ask for reimbursements of money,REFUND
i have lost the pin of my user how do i recover it,ACCOUNT
wanna check the available payment options help me,PAYMENT
open a account,ACCOUNT
wanna ope a premium account could i get some help,ACCOUNT
update details on pro account,ACCOUNT
i cannot find the early exit fee,CANCEL
assistance setting up my delivery address,SHIPPING
can i check what hours i can reach customer support,CONTACT
see status of purchase,ORDER
i have issues setting a different shipping address up,SHIPPING
can you help me see the status of the reimbursement,REFUND
i wantassistance trying to update my address,SHIPPING
show me how long it takes for the product to arrive,DELIVERY
i have a problem wiyh my standard account termination,ACCOUNT
correcting info on account,ACCOUNT
where do i inform of errors with online payments,PAYMENT
need help to talk with a person,CONTACT
help me creating a account for my daughter,ACCOUNT
show me my restitution status,REFUND
i want supports changing my delivery address,SHIPPING
help getting in touch with customer assistance,CONTACT
i want assistance to close my account,ACCOUNT
where doi check how soon can i expect my article,DELIVERY
notify of issue with ergistration,ACCOUNT
speak to an assistnat,CONTACT
help me to inform of an error with payment,PAYMENT
openng account,ACCOUNT
i try to change several bloody items of order,ORDER
i dont know hwat to do to earn several items,ORDER
i am unhappy with your service help to make a claim,FEEDBACK
i have to check how long reimbursements usually take,REFUND
can you help me to notify of a problem with online payment,PAYMENT
i need help to get in touch with customer support,CONTACT
getting invoices from,INVOICE
i need help to report a problem with a registration,ACCOUNT
i want to see in which cases can i ask for reimbursements,REFUND
could i place an order from,DELIVERY
i entered a wrong shipping address i need help to modify it,SHIPPING
i hsve to locate invoice help me,INVOICE
where can i lodge a customer claim against your business,FEEDBACK
i paid for these articles where do i obtain a rebate,REFUND
i dont know how to look for the invoices from,INVOICE
i want assistance finding the bills from,INVOICE
help me subscribing to the newsletter,SUBSCRIPTION
i do not know how to enter the secondary shipping address,SHIPPING
where can i report issues with payment,PAYMENT
i need assistance reecovering my profile pin code,ACCOUNT
i dont know how to file a consumer complaint,FEEDBACK
where do i lodge a consumer claim against ur company,FEEDBACK
i neewd help to submit a shipping address,SHIPPING
could you help me leaving my feedback,FEEDBACK
i try to see the eta of purchase,ORDER
i need assistance taking a quick look at my bill,INVOICE
i dont know how i could change to the account,ACCOUNT
leaving review for a service,FEEDBACK
i want help opening a account,ACCOUNT
i want assikstance notifying of problems with a registration,ACCOUNT
i dolnt want order can you cancel it,ORDER
reporting issue with registration,ACCOUNT
i dont know what to do to speak to someone,CONTACT
need asistance to modify purchase,ORDER
updating accojnt,ACCOUNT
help me to check in what cases can i request a refund,REFUND
need help reporting an error with payments,PAYMENT
i need help retrieving the access key of my account,ACCOUNT
i want to notify of troubles with online payments,PAYMENT
want help to correct the details included on my account,ACCOUNT
i call to make a customer claim,FEEDBACK
i want to know more about the shipping period,DELIVERY
i paid 1499for this article help obtaining a refund,REFUND
i dont know how to notify of a problem with signup,ACCOUNT
i am calling to get my goddamn invoices from,INVOICE
i am trying to unsubscribe to the newsletter,SUBSCRIPTION
can i track order,ORDER
help to set up a delivery address,SHIPPING
helpme resetting the pass of my profile,ACCOUNT
assistance opening a account for my dad,ACCOUNT
i need assistance to give an quick look at the bill,INVOICE
how to see bill,INVOICE
i want help earning a product,ORDER
is it possible to talk to damn customer support,CONTACT
need help notifying of an issue with payments,PAYMENT
how could i write a review,FEEDBACK
i want to download my invoice from,INVOICE
how can i get information about my gold account removal,ACCOUNT
i expect a goddamn reimbursement of dollars,REFUND
i dont know how i can recover my user access key,ACCOUNT
i dont know what to do to cancel order,ORDER
need help unsubscribing from ur newsletter,SUBSCRIPTION
want assistance trying to update the address,SHIPPING
transfer to me an agent,CONTACT
assistance seeing what hours i can contact customer service,CONTACT
the payment failed where do i notify of errors,PAYMENT
help with adding several items to purchase,ORDER
need help to take an quick look at my invoice,INVOICE
i need help buying some of your article,ORDER
assistance to remove an article from order,ORDER
i want assistance seeing the options for shipping,DELIVERY
i want help to create a fucking account for my mom,ACCOUNT
i need assistance downloading invoice,INVOICE
tell me about subscribing to your corporate newsletter,SUBSCRIPTION
could you help me chatting with someone,CONTACT
i do not know what to do to get my invoice from,INVOICE
how to remove something from order,ORDER
i have problems with the removal of my premium account,ACCOUNT
wanna check what hours i can call customer service,CONTACT
how to set the new delivery address up,SHIPPING
do you have a section to leave a comment for your company,FEEDBACK
i need assistance to open a account for my dad,ACCOUNT
assistance contacting someone,CONTACT
assistance filing a customer complaint against ur company,FEEDBACK
i want to unsubscribe to your newsletter i need help,SUBSCRIPTION
i cannot check the compensation current status,REFUND
can you help me to contact a person,CONTACT
contcat an agent,CONTACT
could uhelp me to close the goddamn account,ACCOUNT
i need help canceling my subscription to the newsletter,SUBSCRIPTION
i am calling to check what delivery methods are available,DELIVERY
i dont know how i could inform of an payment error,PAYMENT
i am calling to see how soon can i expect the shipment,DELIVERY
i want help to edit purchase,ORDER
updating info on gold account,ACCOUNT
i have to see your allowed payment options how can i do it,PAYMENT
how do i check how soon can i expect my package,DELIVERY
i need assistance to buy several articles,ORDER
where can i check the damn withdrawal charges,CANCEL
repor signup problems,ACCOUNT
help to make a consumer complaint against your business,FEEDBACK
can ya help me ask for restitutions of my money,REFUND
how could i see what payment payment modalities are allowed,PAYMENT
need help to open a freemium account for my daughter,ACCOUNT
i want assistance deleting my premium account,ACCOUNT
how could i file a claim against your organization,FEEDBACK
need assistance checking how soon can i expect my orer,DELIVERY
i dont know what i have to do to file a customer complaint,FEEDBACK
i need assistance restoring the pass of my profile,ACCOUNT
i cant swap somethhing of order,ORDER
can you help me to retrieve the password of my account,ACCOUNT
i need assistance informing of problems with online payments,PAYMENT
i am waiting for a restitution of was it processed,REFUND
need assistance buying some items,ORDER
could you help me opening a gold account,ACCOUNT
i have got to receive your newsletter can you help me,SUBSCRIPTION
switching to platinum account,ACCOUNT
i need help to check how long reimburssements take,REFUND
how do i look for the fucking invoices from,INVOICE
can i see the eta of the order,ORDER
need help to see the eta of the order,ORDER
i dont know how i can add several items to purchase,ORDER
do you have an email to leave my feedback,FEEDBACK
what do i have to do to see the cancellation charges,CANCEL
trouble modifying delivery address,SHIPPING
i cannot open a profile help me to report signup problems,ACCOUNT
i need to chat with an agent can you help me,CONTACT
i do not know what i have to do to create a standard account,ACCOUNT
assistance talking to an agent,CONTACT
can i edit purchase,ORDER
want help seeing what shipping methods uoffer,DELIVERY
i try to check at what time i can reach customer assistance,CONTACT
where to check the current status of order,ORDER
is it possible to check the bloody early exit fee,CANCEL
can you help me closing a standard account,ACCOUNT
wanna call cystomer assistance,CONTACT
do you have a method to leave an opinion,FEEDBACK
i would like to check the options for shipping,DELIVERY
wanna list the available payment methods can ya help me,PAYMENT
i do not know what to do to get bill,INVOICE
check at what time i can get in touch with customer service,CONTACT
would it be possible to inform of errors with signup,ACCOUNT
i have a truble editing my shipping address,SHIPPING
need to use the profile help me,ACCOUNT
i need assistance to sign up to the newsletter,SUBSCRIPTION
i am unhappy with your work lodge a claim,FEEDBACK
i need help seeing the status of my compensation,REFUND
where can i notify of problems with payent,PAYMENT
i have got to send some feedback for your services help me,FEEDBACK
seeing withdrawal charges,CANCEL
what do i need to do to report an issue with online payment,PAYMENT
i dont know how i can check the cancellation penalty,CANCEL
i want to get the bill i need help,INVOICE
i want help seeing ur allowed paymnet methods,PAYMENT
help me to file a custoer complaint against ur company,FEEDBACK
want assistance signing up to the company newsletter,SUBSCRIPTION
help me notifying of a problem with online payment,PAYMENT
can you help me to cancel my newsletter subscription,SUBSCRIPTION
correct details on freemium account,ACCOUNT
is it possible to check the cancellation penalty,CANCEL
where do i set tbe shipping address up,SHIPPING
is it possible to earn an article,ORDER
where can i get information about correcting the address,SHIPPING
how to send some feedback for ur products,FEEDBACK
how do i retrieve the password of my user profile,ACCOUNT
where can i see how long it takes for my delivery to arrive,DELIVERY
can you show me when will my product arrive,DELIVERY
error opening user profile,ACCOUNT
i am trying to locate order,ORDER
can you help me locating order,ORDER
i try to reoprt issues with signup,ACCOUNT
where can i file a customer claim against your business,FEEDBACK
need assistance to notify of issues with a signup,ACCOUNT
i want help talking with somebody,CONTACT
i cantg unsubscribe to ur corporate newsletter,SUBSCRIPTION
where do i purchase some products,ORDER
i dont know what i need to do to download my inovice,INVOICE
i want help to leave a comment about ur services,FEEDBACK
i dont know how to file a consumer reclamation,FEEDBACK
how to acquire a product,ORDER
i have got to report an error with a signup,ACCOUNT
i want assistance getting the bloody bill from,INVOICE
i try to correct the address,SHIPPING
help me to retrieve my profile access key,ACCOUNT
i need to receive a refund of my money,REFUND
i want assistance writing a comment for your company,FEEDBACK
i want help to leave an opinion,FEEDBACK
i do not know what to do to request refunds,REFUND
how can i check how long it takes for my parcel to arrive,DELIVERY
where can i make a consumer claim against your company,FEEDBACK
where can i leave an opinion for your company,FEEDBACK
i need to see the current status of order,ORDER
i have lost my profile pwd help me to recover it,ACCOUNT
what do i need to do to see order status,ORDER
want help to see in what cases can i request reimbursements,REFUND
can you help me retrieve the pin code of my account,ACCOUNT
there is an issue trying to change the shipping address,SHIPPING
show me in what situations can i request refunds,REFUND
how can i receive your newsletter,SUBSCRIPTION
i dont know how i can set up the goddamn shipping address,SHIPPING
i dont know what i need to do to contact an operator,CONTACT
where to demand my money back,REFUND
i need help with opening my platinum account,ACCOUNT
how can i check the early termination penalties,CANCEL
is it possible to see the payment modalities,PAYMENT
i need assistance to take a quick look at bill,INVOICE
i need help to swap something of purchase,ORDER
filing consumer claim against ur organizzation,FEEDBACK
i do not know how to download my bill from,INVOICE
ineed assistance receiving ur company newsletter,SUBSCRIPTION
i need to change an item of purchase help me,ORDER
creating account,ACCOUNT
i want assistance to speak to an operator,CONTACT
i do not know how to lodge a consumer cmplaint,FEEDBACK
want assistance to delete an item from orer,ORDER
i have to speak to customer support how can i do it,CONTACT
where can i check the withdrawal charge,CANCEL
i have to edit some of my user details how to do it,ACCOUNT
checking early exit fee,CANCEL
how can i give a quick look at the invoice,INVOICE
i cant sign up i have to report a signup error,ACCOUNT
i want heop to recover my pass,ACCOUNT
i want to modify order how to do it,ORDER
could you help me to report troubles with online payments,PAYMENT
i do not know what i need to do to talk to a humaqn agent,CONTACT
i cannot set a shipping address up,SHIPPING
need to change the info included on my user,ACCOUNT
can ya help me inform of errors with online payment,PAYMENT
i need assistance to see your accepted payment options,PAYMENT
i dont know what i need to do to switch to the pro account,ACCOUNT
i have to check what shipping methods i can choose,DELIVERY
need help to set up my delivery address,SHIPPING
open a standard acocunt,ACCOUNT
help to swap several items of order,ORDER
i have to file a consumer claim,FEEDBACK
i need help with updating order,ORDER
assistance to solve an issue with online payment,PAYMENT
need help seeing how soon can i expect the shipment,DELIVERY
where can i report issues with goddamn signup,ACCOUNT
i have to talk with customer support i need help,CONTACT
i have issues editing the address,SHIPPING
where can i see the methods for shipping,DELIVERY
how to purchase some articles,ORDER
i have problesm with my forgotten pwd,ACCOUNT
i want to change to the freemium account could you help me,ACCOUNT
i want to see the status of my rebate help me,REFUND
i want help purchasing several products,ORDER
i want assistance to delete my account,ACCOUNT
assistance to request rebates,REFUND
want assistance to report an issue with signup,ACCOUNT
can you show me what hours i can call customer service,CONTACT
i need help to file a reclamation against your company,FEEDBACK
i want to check your reimbursement policy how do i do it,REFUND
i dont know what to do to notify of issues with payment,PAYMENT
where do i ask for a compensation,REFUND
there are problems setting my secondary shipping address up,SHIPPING
correct data on pro account,ACCOUNT
i need assistance to change to the account,ACCOUNT
i cannot submit a secondary delivery address,SHIPPING
i cannot enter a shipping address,SHIPPING
is htere an address to submit an opinion for a product,FEEDBACK
i am trying to see in what cases can i request my money back,REFUND
opening new account for daughter,ACCOUNT
i want assistance to check the bill,INVOICE
where to see if there is anything new on the rebate,REFUND
help me seeing what hours i can call customer support,CONTACT
assistance shopping an item,ORDER
i dont know what i have to do to buy some products,ORDER
where could i take a quick look at invokce,INVOICE
i have to speak with customer support how can i do it,CONTACT
open a freemium account,ACCOUNT
i need help looking for my invoice,INVOICE
what do i need to do to see my compensation current status,REFUND
i have troubles submitting the shipping address,SHIPPING
ya have a free of charge number to reach customer service,CONTACT
i cant set my new delivery address up,SHIPPING
i have errors correcting the address,SHIPPING
help trying to modify the damn address,SHIPPING
what do i have to do to earn several of ur item,ORDER
modify data on gold account,ACCOUNT
i need assistance cancelling order,ORDER
ya have a way to send some feedack for ur company,FEEDBACK
i try to check what payment payment modalities are accepted,PAYMENT
i need to speak to a person,CONTACT
where to notify of issues with a registration,ACCOUNT
i hav to see your refund policy how can i do it,REFUND
where do i change my address,SHIPPING
i need to see under what circumstances can i ask for refunds,REFUND
i need assistance to solve na issue with payment,PAYMENT
help me to report damn signup erors,ACCOUNT
i want assistance to update my delivery address,SHIPPING
seeing cancellation fees,CANCEL
modify info on freemium account,ACCOUNT
i ned assistance switching to the account,ACCOUNT
need to edit order113542617735902 how to do it,ORDER
i dont know how i can check my bill,INVOICE
i want help receiving refunds of my money,REFUND
do you have a free phone number to call customer support,CONTACT
i have to see your refund policy will you help me,REFUND
i want to send feedback for your company help me,FEEDBACK
help to use the account,ACCOUNT
help me reset my pin,ACCOUNT
need assistance checking the termiation fee,CANCEL
i need help switching several items of order,ORDER
show me how long refunds take,REFUND
give me information about opening accounts,ACCOUNT
i want help to cancel the subscription to the nwsletter,SUBSCRIPTION
what do i have to do to send feedback about a product,FEEDBACK
can uhelp me cancelling order,ORDER
i dont know how i can report damn issues with payments,PAYMENT
i dont know how i can order some of your article,ORDER
help seeing how soon can i expect my product,DELIVERY
can i speak with a person,CONTACT
help me to use the freemium profile,ACCOUNT
i have got to use the standard profile help me,ACCOUNT
how can i check the status of the restitution,REFUND
information about a delivery address modification,SHIPPING
i do not know what to do to notify of payment problems,PAYMENT
assistance to solve a fucking payment error,PAYMENT
help me use the profile,ACCOUNT
help me get a reiombursement of my money,REFUND
want help canceling the corporate newsletter subscription,SUBSCRIPTION
would it be possible to cancel purchase,ORDER
i need assistance to chat with a human agent,CONTACT
i need help seeing what shipment methods are there,DELIVERY
i cannot create a account,ACCOUNT
is it possible to ask for an rebate of my money,REFUND
where to report an error with payments,PAYMENT
can uhelp me to call customre assistance,CONTACT
i cannot create a user help to report signup errors,ACCOUNT
i need supports trying to modify the address,SHIPPING
i lost my pin code i want assistance retrieving it,ACCOUNT
i want to see your money back policy i need help,REFUND
can you help me to file a customer reclamation,FEEDBACK
can i speak to customer service,CONTACT
could i place a damn order from,DELIVERY
i chose a wrong shipping address help me editing it,SHIPPING
i want assistance to contact customer support,CONTACT
showing me order status,ORDER
i need assistance changing the data on my user profile,ACCOUNT
delete pro account,ACCOUNT
i have got to check the withdrawal charge,CANCEL
i call to get my bill,INVOICE
i have got to see how soon can i expect my delivery,DELIVERY
need assistance to earn several of u article,ORDER
want assistance giving a quick look at the bill,INVOICE
could you tell me more about changing my delivery address,SHIPPING
assistance to see the invoice from,INVOICE
help resetting the pin coder of my profile,ACCOUNT
i have to see what hours i can contact customer uspport,CONTACT
need to see at what time customer assistance avaialble is,CONTACT
what fucking hours can i call customer support,CONTACT
i do not know how to download the bills from,INVOICE
i want assistance to ask for restitutions of my money,REFUND
i dont know what to do to submit a shipping address,SHIPPING
i have got to check ur money back guarantee how do i do it,REFUND
lodging consumer claim against your company,FEEDBACK
correct data on account,ACCOUNT
i have to check at what time i can call customer service,CONTACT
help changing to the premium account,ACCOUNT
could you help me to create a account for my fiance,ACCOUNT
whag do i need to do to cancel order,ORDER
deleting platinum account,ACCOUNT
i try to lodge a consumer claim against your company,FEEDBACK
i want assistance to check the termination peenalty,CANCEL
i need to shop some fucking articles could i get some help,ORDER
could uhelp me seeing my invoices from,INVOICE
where to find bill,INVOICE
problems with correcting order,ORDER
i cannot remove some fucking items from order,ORDER
modify info on premium account,ACCOUNT
update details on freemium account,ACCOUNT
i want to know more about my newsletter subscription,SUBSCRIPTION
i do not know what i have to do to list your payment methods,PAYMENT
i want help to check how soon can i expect my product,DELIVERY
need assistance to obtain a refund of money,REFUND
what do i have to do to file a goddamn customer claim,FEEDBACK
can uhelp me downloading my invoice,INVOICE
i have got to see your refund policy how could i do it,REFUND
i need assistance giving a quick look at my bill,INVOICE
i have problems editing my delivery address,SHIPPING
i do not know what to do to download the bill,INVOICE
i want assistance to file a claim against your organization,FEEDBACK
i dont know what to do to notiyf of registration errors,ACCOUNT
switching user,ACCOUNT
i want an different bloody premium account for my wife,ACCOUNT
im trying to report a problem with online payment,PAYMENT
assistance making a custolmer claim,FEEDBACK
i want help submitting the shipping address,SHIPPING
what do i have to od to check order status,ORDER
how can i change purchase,ORDER
assistance to speak with a live agent,CONTACT
where can i see the early termination fees,CANCEL
i have got to check your money back guarantee how to do it,REFUND
cold uhelp me deleting my platinum account,ACCOUNT
i need supports tryingh to modify my delivery address,SHIPPING
ido not know how i could file a consumer claim,FEEDBACK
i do not know how to know if there are any news on my rebate,REFUND
i do not want this article cancel order,ORDER
correcting details on gold account,ACCOUNT
need to receive a reimbursement of my money,REFUND
give me information about the removal of my standard account,ACCOUNT
edit details on account,ACCOUNT
need help to enter my delivery address,SHIPPING
i have problems submitting my new delivery address,SHIPPING
how to use the standard profile,ACCOUNT
how can i cancel the account,ACCOUNT
how colud i notify of registration problems,ACCOUNT
i want to make a customer reclamation against your business,FEEDBACK
can i see the early termination fees,CANCEL
i want help using the freemium account,ACCOUNT
im having errors registering,ACCOUNT
i do not know how to change to the premium account,ACCOUNT
give me information about the deletion of my account,ACCOUNT
how to use the profile,ACCOUNT
how to see your allowed payment methods,PAYMENT
can i check what payment methods are accepted,PAYMENT
i do not know what to do to send feedback for a product,FEEDBACK
i need assistance to see my invoice,INVOICE
help me to see the refund status,REFUND
i need help to cancel purchase,ORDER
can you show me in what situations can i request refunds,REFUND
where can i receive your company newsletter,SUBSCRIPTION
help to reset my account pin,ACCOUNT
i have got to report problems with a signup,ACCOUNT
i am trying to set up the new shipping address,SHIPPING
how do i check when my damn parcel is going to arrive,DELIVERY
i dont kno how to inform of an error with a registration,ACCOUNT
i need help to cancel my newsletter subscription,SUBSCRIPTION
create new premium account for daughter,ACCOUNT
what do i have to do to close a standard account,ACCOUNT
i do not know what i need to do to cancel the gold account,ACCOUNT
i have to check purchase status i need assistance,ORDER
i cannot make payments help to report an error,PAYMENT
remove platinum account,ACCOUNT
how do i notify of an issue with payment,PAYMENT
i do not know how i could buy an article,ORDER
i need help gettng bill,INVOICE
can i see under which circumstances can i ask for refunds,REFUND
need assistance closing my freemium account,ACCOUNT
i have to reset the key of my user,ACCOUNT
what do i need to do to obtain reimbursements of my money,REFUND
i dont know how i can contact an sasistant,CONTACT
help to write a review about a product,FEEDBACK
where can i earn some articles,ORDER
i have to check the early exit charge help me,CANCEL
how can i see what payment payment modalities are available,PAYMENT
would it be possible to file a damn customer reclamation,FEEDBACK
i am trying to see the allowed payment methods,PAYMENT
want help obtaining a refund of money,REFUND
how do i check what shipment methods are available,DELIVERY
assistance ordering several of ur product,ORDER
i do not know what i have to do to buy an article,ORDER
need help with cancelling order,ORDER
help to contacvt a live agent,CONTACT
i do not know how to see the accepted payment methods,PAYMENT
howcan i enter another delivery address,SHIPPING
need to notify of an error with signup,ACCOUNT
i cant sign up to the company newsletter,SUBSCRIPTION
need help modifying my shipping address,SHIPPING
i have a problem with the cancellation of my account,ACCOUNT
could i see in what situations can i ask for refunds,REFUND
cancel purchase,ORDER
is it possible to take a quick look at my billl,INVOICE
i would like to enter a delivery address i need help,SHIPPING
restore the password of my user,ACCOUNT
i have to correct my personal data how do i do it,ACCOUNT
help me check in which cases can i request refunds,REFUND
open pro account,ACCOUNT
help me check your refund policy,REFUND
can you help me writing a comment for a service,FEEDBACK
help me to reset my profile pwd,ACCOUNT
is it possible to earn several products,ORDER
help reporting troubles with online payments,PAYMENT
i dont know how i can see the options for shipping,DELIVERY
i need to submit goddamn feedback how to do it,FEEDBACK
help me informing of a signup error,ACCOUNT
how can i see at what time i can call customer assistance,CONTACT
help seeing the shipment methods,DELIVERY
i have to enter a shipping address,SHIPPING
wanna know about unsubscribimg from ur newsletter,SUBSCRIPTION
update info on platinum account,ACCOUNT
updatikng data on platinum account,ACCOUNT
there are errors setting the secondary delivery address up,SHIPPING
how can i update the user info,ACCOUNT
i dont know how to check your available payment options,PAYMENT
i need information about correcting the address,SHIPPING
i have got to update the info included on my account,ACCOUNT
i need assistance to notify of an error with registrations,ACCOUNT
is it possible to set up a damn different delivery address,SHIPPING
add item to order,ORDER
can uhelp me swap some articles of purchase,ORDER
can you help me check your accepted payment methods,PAYMENT
need help filing an complaint against your company,FEEDBACK
would it be possible to speak with customer support,CONTACT
i dont khow what i need to do to change to the account,ACCOUNT
i cant chat with a goddamn operator,CONTACT
i do not know what i have to do to download my bill,INVOICE
help me chsnge the delivery address,SHIPPING
how to locate order,ORDER
i want to get in touch with customer assistance i need help,CONTACT
correctinmg details on platinum account,ACCOUNT
can you help me to check my invoice,INVOICE
i cannot unsubacribe to ur company newsletter,SUBSCRIPTION
help me check in what cases can i request my money back,REFUND
where do i inform of a registration issue,ACCOUNT
i need help to create a account,ACCOUNT
i do not knoww what i need to do to close the account,ACCOUNT
check invoices from,INVOICE
reporting issues creating user,ACCOUNT
problem with platinum account removals,ACCOUNT
modify order,ORDER
help me change the address,SHIPPING
how can i get my bill from,INVOICE
i have a problem with opening a standard account,ACCOUNT
i dont know how to acquire an article,ORDER
issues with registration,ACCOUNT
i am looking for the shipping periods will you help me,DELIVERY
where do i see when my package is going to arrive,DELIVERY
i cant remember my profile key i need help restoring it,ACCOUNT
send me my bill from,INVOICE
how do i check what hours i can ocntact customer service,CONTACT
assistance checking the cancellation charges,CANCEL
what do i have to do to talk with a human agent,CONTACT
is it possible to get my invoice from,INVOICE
do ya ship tocanada,DELIVERY
i do not know wnat i have to do to switch to the pro account,ACCOUNT
i have got to report issues with online payment,PAYMENT
can ya help me speak toan agent,CONTACT
where to inform of a trouble with payment,PAYMENT
how do i check when my package is going to arrive,DELIVERY
can i check the available payment options,PAYMENT
i need help to notify of an issue with payment,PAYMENT
help to unsubscribe to the company newsletter,SUBSCRIPTION
i cant understand a word you say speak with a human agent,CONTACT
what do i need to do to get my iinvoices from,INVOICE
show me purchase status,ORDER
i need help to unsubscribe to your newsletter,SUBSCRIPTION
their is a problem submitting a secondary delivery address,SHIPPING
i awnt to lodge a customer complaint against your company,FEEDBACK
editing data on pro account,ACCOUNT
i need information about account cancellations,ACCOUNT
i have got to download the invoice how can i do it,INVOICE
i need assistance to check purchase status,ORDER
i try to change the fucking personal details,ACCOUNT
i need to cancle my corporate newsletter subscription,SUBSCRIPTION
i want to change a product of order,ORDER
i have to see when will my product arrive can you help me,DELIVERY
change to the account,ACCOUNT
is it possible to contactr a person,CONTACT
i have to write a fucking comment for a service,FEEDBACK
i want support trying to change my delivery address,SHIPPING
i want help to see how soon can i expect my product,DELIVERY
where to lodge a customer reclamation,FEEDBACK
i have to lodge a complaint against ur business,FEEDBACK
have a queston about a pin code recovery,ACCOUNT
edit details on premium account,ACCOUNT
i need assistance to see your refund policy,REFUND
problems with platinum account deletions,ACCOUNT
need assistance to enter the shipping address,SHIPPING
tell me about updating my delivery address,SHIPPING
how do i check at what time i can call customer service,CONTACT
i forgot the damn pin of my user i need help recovering it,ACCOUNT
add item to order,ORDER
problem with account terminations,ACCOUNT
i want help to use the platinum profile,ACCOUNT
i donot know what to do to demand a refund,REFUND
i have to see what shipping options i have can you help me,DELIVERY
i have got to set up a secondary shipping address,SHIPPING
i am calling to submit feedback,FEEDBACK
help me seeing in which cases can i request to be reimbursed,REFUND
what do i have to do to restore my user account key,ACCOUNT
canceling freemium account,ACCOUNT
i need to check the methods for shipping how do i do it,DELIVERY
i dont know what to do to speak with someone,CONTACT
i cant delete several products from purchase,ORDER
i need assistance to report an error with registrations,ACCOUNT
problem with account removals,ACCOUNT
want hewlp locating order,ORDER
help to create a account for my fiance,ACCOUNT
i have to see how long it takes for the shipment to arrive,DELIVERY
i want assistance to leave some feedback for your products,FEEDBACK
there is a trouble submitting a secondary shipping address,SHIPPING
what do i have to do to open a account,ACCOUNT
help to report registration errors,ACCOUNT
need assistance to see how soon can i expect my article,DELIVERY
what do i need to do to restore my account pin,ACCOUNT
i cannot sign up i need to notify of signup proiblems,ACCOUNT
i need assistance chatting with a person,CONTACT
i have to see the withdrawal fees,CANCEL
how to check how soon can i expect the item,DELIVERY
need to use the fucking profile can i get some hepl,ACCOUNT
i have to check the eta of the purchase,ORDER
how to check what delivery methods i have,DELIVERY
i have to submita secondary shipping address help me,SHIPPING
i have problems submitting a different shipping address,SHIPPING
i need assistance creating a account for my dad,ACCOUNT
i need help using the account,ACCOUNT
need assistance unsubscribing to your newsletter,SUBSCRIPTION
i do not know how to retrieve the key of my user,ACCOUNT
where to get a compensation of money,REFUND
check allowed payment modalities,PAYMENT
how do i restore the pin code of my user account,ACCOUNT
i want help notifying of a error with a signup,ACCOUNT
how to open a standard account,ACCOUNT
can i unsubscribe from the corporate newsletter,SUBSCRIPTION
how do i check what hours customer supporft available is,CONTACT
im trying to see the current status of order,ORDER
i want help to inform of problems with payment,PAYMENT
i cant see order status,ORDER
i aint registered yet how can i open a standard account,ACCOUNT
i need assistance getting compensations of my money,REFUND
how can i earn some articles,ORDER
help purchasing some bloody articles,ORDER
closing account,ACCOUNT
see in what cases can i request a reimbursement,REFUND
i want help to see the eta of the purchase,ORDER
help me reset my use pin,ACCOUNT
i need to chat with an agent,CONTACT
i expect a restitution of has it been processed already,REFUND
help me seeing in which situations can i request a refund,REFUND
updating data on account,ACCOUNT
can uhelp me to add a bloody item topurchase,ORDER
help me to see at what time i can contact customer service,CONTACT
i would like to see what payment options you accept help me,PAYMENT
i cannot check the refund current status,REFUND
assistance seeing how soon can i expect the delivery,DELIVERY
i have to unsuscribe to your company newsletter i need help,SUBSCRIPTION
i do not know what to do to notify of a registration error,ACCOUNT
i try to see what shipment options are available,DELIVERY
where to see the status of my rebate,REFUND
how do i edit order,ORDER
submitting product review,FEEDBACK
assistance earning some of ur article,ORDER
speak to human agent,CONTACT
i need to cancel my company newsletter subscription,SUBSCRIPTION
can you help me to download the invoice,INVOICE
i cannot talk with a operator,CONTACT
need to check when my order is gonna arriev,DELIVERY
i have to use the premium profile how to do it,ACCOUNT
can uhelp me speak tyo somebody,CONTACT
i do not know how to set my shipping address up,SHIPPING
i have problems with creating a platinum account,ACCOUNT
where to switch to the pro account,ACCOUNT
where do i check how long it takes for my package to arrive,DELIVERY
i do not know what to do to check the bloody withdrawal fee,CANCEL
i want to talk with an assistant,CONTACT
i need to create a gold account for my fiance,ACCOUNT
can uhelp me to contact somebody,CONTACT
i do not know how to check the early termination penalties,CANCEL
i dont know how i can create a freemium account,ACCOUNT
i do not know what to do to track my compensation,REFUND
i dont know how i can switch to the gold account,ACCOUNT
i want assistance creating a account for my fiance,ACCOUNT
i need help sending feedback for your company,FEEDBACK
i dont know what i have to do to check my invoice,INVOICE
correct info on freemium account,ACCOUNT
could i check in which cases can i ask for my money back,REFUND
i need help looking for my bill from,INVOICE
i dont know how to open a gold account,ACCOUNT
want help to lodge a customer reclamation,FEEDBACK
i need to file a customer claim against your organizaion,FEEDBACK
help to see how long it takes for the delivery to arrive,DELIVERY
i need assistance to submit my feedback about your products,FEEDBACK
where to list your allowed payment options,PAYMENT
can you help me report a problem with online payment,PAYMENT
how can i get information about damn delivery period,DELIVERY
issues creating account,ACCOUNT
i have to edit the address i need assistance,SHIPPING
idont know how i can recover my account access key,ACCOUNT
wanna open a platinum account,ACCOUNT
i need supports updaing the damn address,SHIPPING
how do i obtain a restitution of money,REFUND
i dont know how i can chat with a live agent,CONTACT
i want help listing your accepted payment methods,PAYMENT
i do not know how i can file a claim,FEEDBACK
i want help to lodge a claim against your company,FEEDBACK
i no longer need the account i want to delete it,ACCOUNT
im trying to find the invoice,INVOICE
notify of issues with signup,ACCOUNT
what are the available shipment options,DELIVERY
want help solving a problem with payments,PAYMENT
i have problems with opening a premium account,ACCOUNT
what do i need to do to set the delivery address up,SHIPPING
i want assistance to make a customer reclamation,FEEDBACK
need to check the eta of order,ORDER
what do i ned to do to change to the account,ACCOUNT
i dont know how i can download my invoice,INVOICE
in which cases can i ask to be reimbursed,REFUND
i need assistanceto chat with a live agent,CONTACT
i have a prolem trying to update my address,SHIPPING
i do not know how i can buy several articles,ORDER
i want assistyance deleting my standard account,ACCOUNT
where do i open a account,ACCOUNT
i do not know how to look for the invoice from,INVOICE
i need assistance checking the methods for shipment,DELIVERY
i want help entering the delivery address,SHIPPING
where to check my bills from,INVOICE
i need assistance downloading the bill from,INVOICE
i need help retrieving my user pwd,ACCOUNT
i need help seeing the cancellation charge,CANCEL
i cannot sign up to your corporate newsledtter,SUBSCRIPTION
inform of a signup issue,ACCOUNT
would ugive me information about editing my delivery address,SHIPPING
want help to report an issue with online payments,PAYMENT
help me notify of an signup error,ACCOUNT
where to report probles with online payment,PAYMENT
i want assistance obtaining a reimbursement of my money,REFUND
tell me about canceling the subscription to the newsletter,SUBSCRIPTION
i have to speak with a bloody human agent,CONTACT
uhave a address to send some feedback for ur services,FEEDBACK
can ya help me cancel the subscription to the newsletter,SUBSCRIPTION
i dont want my account how could i close it,ACCOUNT
where could i cancel purchase,ORDER
where can i see the early termination charge,CANCEL
help to see how soon can i expect the article,DELIVERY
check the available payment options,PAYMENT
want help to check what hours i cancall customer service,CONTACT
i dont know what i need to do to speak to an operator,CONTACT
i cant talk with an assistant,CONTACT
i do not know how i can close a standard account,ACCOUNT
can ya help me to subscribe to ur corporate newsletter,SUBSCRIPTION
can you help me canceling order,ORDER
i need to check the payment methods how to do it,PAYMENT
updating pro accojnt,ACCOUNT
i have tp see how long refunds take how to do it,REFUND
need assistance solving a problem with online payment,PAYMENT
how to retrieve the pin code of myuser,ACCOUNT
help to leave a comment for your services,FEEDBACK
can i see the termination penalty,CANCEL
i am looking for information about my password reset,ACCOUNT
i try to talk to a perrson,CONTACT
how do i find the bills from,INVOICE
have a question about cancelling order,ORDER
how to see what options for delivery you offer,DELIVERY
im extremely unsatisfied with ur wor i wanna lodge a claim,FEEDBACK
im unsatisfied with ur work how do i lodge a claim,FEEDBACK
need assikstance checking your allowed payment modalities,PAYMENT
how do i create a premium account,ACCOUNT
i need help tl give a quick look at the bill,INVOICE
want help receiving ur newsletter,SUBSCRIPTION
what do i have to do to see the status of purchase,ORDER
assistance using the pro profile,ACCOUNT
i want to know more about opening accounts,ACCOUNT
i have submitted a wrong shippingh address update it,SHIPPING
i need to correct the address can you help me,SHIPPING
assistance ordering a few of your product,ORDER
i have to inform of registration errors,ACCOUNT
i want assistanec to leave an opinion,FEEDBACK
can i send my feedback about your products,FEEDBACK
i want help speaking to customer service,CONTACT
open another premium account,ACCOUNT
help me updating my shipping address,SHIPPING
wanna use the premium profile help me,ACCOUNT
i want assistance using tghe fucking account,ACCOUNT
i want assistance to check the available payment modalities,PAYMENT
i do not know what i have to do to get my invoice,INVOICE
in which cases can i request to be refunded,REFUND
i try to know if there is anything new on my compensation,REFUND
i have to check what hours customer support available is,CONTACT
i dont know how i can cotnact somebody,CONTACT
need help to change to the account,ACCOUNT
could you help me listing the allowed payment modalities,PAYMENT
i do not know how i can list the goddamn payment methods,PAYMENT
how soon can i expect my purchase,DELIVERY
support regarding online pamyent,PAYMENT
need assistance to sign up to the newsletter,SUBSCRIPTION
can you help me checking the methods for shipment,DELIVERY
is it possible to download my bills from,INVOICE
how can i inform of a problem with a signup,ACCOUNT
i need hepl to lodge a consumer reclamation,FEEDBACK
i want help setting up a new shipping address,SHIPPING
assistance to see when my order is going to arrive,DELIVERY
i want assistance to restore my goddamn account pin,ACCOUNT
i have problems with cancelling purchase,ORDER
check at what time i can call customer service,CONTACT
i have to see in which cases can i request to be refunded,REFUND
how do i check the termination penalties,CANCEL
opening new premium account for daughter,ACCOUNT
can uhelp me to report a trouble with online payment,PAYMENT
switch several items of order,ORDER
where can i check how soon can i expect the item,DELIVERY
wanna change my delivery dadress could i get some help,SHIPPING
can you help me report a payment issue,PAYMENT
can you show me when my product is going to arrive,DELIVERY
i have got to see ur refund policy can uhelp me,REFUND
i have to inform of problems with signup can i get some help,ACCOUNT
i do not know how to earn a few of your item,ORDER
i need assistance using the platinum account,ACCOUNT
is it possible to check the eta of order,ORDER
i have got to see how long reimbursements take,REFUND
can ya help me to make a complaint against ur company,FEEDBACK
how can i contact customer service,CONTACT
want help to file a customer reclamation against ur business,FEEDBACK
i have got to see the termination charges,CANCEL
could i recover my key,ACCOUNT
i do not know how to inform of issues with a registration,ACCOUNT
i need help seeing the cancellation penalty,CANCEL
i dont know how to receive a refund of my money,REFUND
i need help contacting a human agent,CONTACT
show me in what casescan i request my money back,REFUND
i do not know how i can chat with an agent,CONTACT
i need help to correct the delivery address,SHIPPING
customer reclamation against your organzation,FEEDBACK
want assistance to retrieve the pin code of my user profile,ACCOUNT
want help to solve a payment problem,PAYMENT
support submitting another delivery address,SHIPPING
assistance changing order,ORDER
i have a question about the deletion of a account,ACCOUNT
i have a problem with cancelling order,ORDER
help changing to the platinum account,ACCOUNT
help me to unsubscribe from ur damn corporate newsletter,SUBSCRIPTION
edit freemium account,ACCOUNT
i dont know wgat i need to do to sign up to the newsletter,SUBSCRIPTION
question about my account removal,ACCOUNT
i try to check in what cases can i request my money back,REFUND
how to contact an assistant,CONTACT
where to see if there are any updates on the refund,REFUND
i have to notify of issues with a signup,ACCOUNT
i call to see how long it takes for my package to arrive,DELIVERY
i cant see the compensation status,REFUND
i have problems submitting the delivery address,SHIPPING
wherer to restore the pwd of my user profile,ACCOUNT
how can i talk with a human agent,CONTACT
hwlp me remove the account,ACCOUNT
need assistance to create a premium account,ACCOUNT
want assistance changing to the pro account,ACCOUNT
do you have a tollfree customer service number,CONTACT
help to cancel purchase,ORDER
what is order current status,ORDER
i dont know what i have to do to reset the pin of my user,ACCOUNT
assistance to recover my acconut key,ACCOUNT
modifying data on gold account,ACCOUNT
supports trying to update my address,SHIPPING
i do not know how i can chat with an operator,CONTACT
i want help canceling the account,ACCOUNT
i dont know what i have to do to look for invoice,INVOICE
i want assistance to see what delivery methods i have,DELIVERY
i have problems with the cancellation of a damn pro account,ACCOUNT
can you help me cancelling order,ORDER
making complaint against your organization,FEEDBACK
i am trying to download my invoice from,INVOICE
i dont know how i could oen a premium account for my fiance,ACCOUNT
where can i enter a secondary shipping adcress,SHIPPING
i do not have a freemium account i try to register,ACCOUNT
i want to check the termination fee help me,CANCEL
can you help me shopping an article,ORDER
wanna change the info on my account can i get some help,ACCOUNT
i need to ask fot refunds of money,REFUND
subscribing to newsletter,SUBSCRIPTION
i need assistance to set up a secondary shipping address,SHIPPING
i have an error trying to change my address,SHIPPING
i do not know what i have to do to cancel my account,ACCOUNT
i dont need my standard account help cancelling it,ACCOUNT
i have to check the withdrawal penalties,CANCEL
i need assistance to create a premium account,ACCOUNT
how to make a damn customer claim against your business,FEEDBACK
i need assistance setting up another delivery address,SHIPPING
where to see the current status of the reimbursement,REFUND
i want help checking in what cases can i request a refund,REFUND
the address has changed help me modify it,SHIPPING
i have to report problems with online payment,PAYMENT
im calling to see the shipment methods,DELIVERY
i made a mistake i want help to edit order,ORDER
i need to unsubscribe to your newsletter,SUBSCRIPTION
i have paid for an article i want an refund,REFUND
modify details on gold account,ACCOUNT
wanna modify purchase,ORDER
deliveries to,DELIVERY
can i subscribe to ur corporate newsletter,SUBSCRIPTION
i do not know how i can cancel my account,ACCOUNT
ya have an address to send some feedback about ur services,FEEDBACK
i want assistance asking for a reimbursement of my money,REFUND
want help to inform of issues with a registration,ACCOUNT
need help obtaining rebates,REFUND
can i use the account,ACCOUNT
i try to talk to an agent,CONTACT
what do i have to do to get invoice,INVOICE
using accouny,ACCOUNT
look for bill,INVOICE
i dont know how i could notify of payment issues,PAYMENT
how to enter my shipping address,SHIPPING
can you help me unsubscribing from the company newsletter,SUBSCRIPTION
i try to see at what time i can reach customer support,CONTACT
wanna know about canceling the subscription to ur newsletter,SUBSCRIPTION
how do i purchase several of your product,ORDER
need help to get a copmpensation of money,REFUND
could you help me shop a few of your article,ORDER
im waiting for a ocmpensation of dollars,REFUND
i wany assistance to give a quick look at invoice,INVOICE
i cannot see order status,ORDER
where do i check how soon can i expect the item,DELIVERY
can i check in what cases can i request a reimbursement,REFUND
id like to dad an item to purchase,ORDER
where can i find information about the methods for shipping,DELIVERY
i dont know what i need to do to sign up to the newsletter,SUBSCRIPTION
i cant open a user profile where do i report signu errors,ACCOUNT
wanna check the withdrawal penalty help me,CANCEL
i need assistance modifying the damn data on my account,ACCOUNT
reimburse dollars,REFUND
need help to solv problems with online payment,PAYMENT
editing account,ACCOUNT
i am looking for the bloody shipping period,DELIVERY
iwant a freemium account for my husband open it,ACCOUNT
want help to check what hours i can reach customer service,CONTACT
i need assistance seeing the termination fees,CANCEL
i want assistance seeing the cancellation charge,CANCEL
where can i get information about an address change,SHIPPING
modifying information on account,ACCOUNT
can you help me seeing the invoice,INVOICE
i need to submit some feedback for a service,FEEDBACK
i have to contact customer support,CONTACT
i need help seeing in which cases can i ask for a refund,REFUND
how can i report troubles with online payment,PAYMENT
where can i check themethods for shipment,DELIVERY
i want to see the cancellation fees,CANCEL
i try to leave some feedback about a service,FEEDBACK
i have got to edit my account will you help me,ACCOUNT
i dont know what to do to download the invoice,INVOICE
help me check your money bck guarantee,REFUND
is it plssible to order from,DELIVERY
can you help me seeing the eta of purchase,ORDER
how do i check the termination charge,CANCEL
i cannot see purchase goddamn current status,ORDER
i have to change the personal details,ACCOUNT
i dont know what i have to do to switch to the acfcount,ACCOUNT
i need help seeing in what cases can i ask for my money back,REFUND
change data on platinum account,ACCOUNT
could you help me see the early termination charges,CANCEL
assistance checking when my purchase is going to arrive,DELIVERY
can i list your allowed payment modalities,PAYMENT
i need to know if there is anything new on my refund,REFUND
i need assistance seeing the invoices from,INVOICE
i need help to edit the address,SHIPPING
i do not know what to do to locate purchase,ORDER
where do i see what hours i can reach customer assistance,CONTACT
i try to see purchase 00004587345current status,ORDER
i want help checking the methods for shipping,DELIVERY
iam trying to notify of troubles with online payment,PAYMENT
want assisance to speak with an operator,CONTACT
see in what situations can i ask to be refunded,REFUND
i want help getting a compensation of my money,REFUND
i want assistance reporfting an error with signup,ACCOUNT
i have got to buy a product can i get some help,ORDER
is there an email to send a review for your products,FEEDBACK
removing account,ACCOUNT
unsubscribe from your corporate newsletter,SUBSCRIPTION
im trying to download the invoice,INVOICE
i paid for this order help me getting a compensation,REFUND
i dont know what to do to find the bills from,INVOICE
i try to check what hours i can contact customer service,CONTACT
where to check your payment modalities,PAYMENT
help me seeing in which cases can i request my money back,REFUND
i do not know what to do to inform of a signup problem,ACCOUNT
how could i check what methods for delivery i can choose,DELIVERY
need help listing ur payment modalities,PAYMENT
need help swapping a item of purchase,ORDER
i do not know how i can create a account for my daughter,ACCOUNT
help me to receive rebates of my money,REFUND
want help to restore the password of ym user profile,ACCOUNT
where do i retrieve my user acount key,ACCOUNT
i have got to lodge a reclamation against your business,FEEDBACK
need help to see my rebate current status,REFUND
can you help me file a consumer claim against your business,FEEDBACK
i cant see the eta of purchase,ORDER
where can i set the secondary delivery address up,SHIPPING
need assistance listing ur acceptedpayment modalities,PAYMENT
assistance notifying of troubles with payments,PAYMENT
i want to enter the delivery address how to do it,SHIPPING
how can i restore my user pin code,ACCOUNT
i want assistance to request reimbursements of my money,REFUND
informing of online registration problem,ACCOUNT
i dont know how to switch to the platinum account,ACCOUNT
how can i subscribe to the company newsletter,SUBSCRIPTION
is it possible to make a complaint against your company,FEEDBACK
is it possible to reset the keyof my user account,ACCOUNT
i want assistance seeing the allowed payment options,PAYMENT
where do i get reimbursements of my money,REFUND
i try to see in which cases can i ask for reimbursements,REFUND
check bills from,INVOICE
help to leave a review,FEEDBACK
i cant reset the pin code of my profile,ACCOUNT
i do not know how i could create a standard account,ACCOUNT
what do i need to do to buy several products,ORDER
help to moidfy purchase,ORDER
how can i get my bill from,INVOICE
assistancesolving a trouble with payment,PAYMENT
i do not know what i have to do to see the shipping options,DELIVERY
i try to check the shipment options,DELIVERY
i cant set up the new shipping address,SHIPPING
i am waiting for an bloody restitution of dollars,REFUND
show me bill,INVOICE
help me see in what cases can i ask for a refund,REFUND
what do i need to do to notify of an issue with a signup,ACCOUNT
assistance to file a customer complaint,FEEDBACK
getting invoice,INVOICE
im trying to download invoice,INVOICE
how can i demand refunds,REFUND
i have got to download bill how do i do it,INVOICE
close pro account,ACCOUNT
help me check thee early termination penalties,CANCEL
modify data on platinum account,ACCOUNT
i need to see what fucking delivery options i have,DELIVERY
help seeing order status,ORDER
i have to see at what time i can reach customer service,CONTACT
what do i have to do to reset the pwd of my user account,ACCOUNT
i am trying to submit a new shipping address,SHIPPING
need help informing of an error with payments,PAYMENT
help me report an issue with registrations,ACCOUNT
my card was declined where do i report a payment error,PAYMENT
i want to see what shipping options i have how to do it,DELIVERY
i have got to change to the account i need help,ACCOUNT
i ned help to talk to an operator,CONTACT
update purchase732201349959,ORDER
want assistance closing my standard account,ACCOUNT
i want to make a consumer claim,FEEDBACK
i havegot to leave a review for your company,FEEDBACK
see my compensation status,REFUND
have a problem with changing purchase,ORDER
help me lodge a consumer claim against ur company,FEEDBACK
i have got to notify of an issue with registrtions,ACCOUNT
i try to set up my delivery address,SHIPPING
chnaging order,ORDER
how can i switch to the account,ACCOUNT
need to check under what circumstances can i request refunds,REFUND
i need aasistance trying to update the address,SHIPPING
where could i buy several articles,ORDER
i dont know what to dl to download the invoice,INVOICE
help me reporting an issue wigh online payment,PAYMENT
i want assistance seeing the termination fees,CANCEL
i am trying to receive a reimbursement,REFUND
can you help me make a claim against your organization,FEEDBACK
i have got to switch to the standard account help me,ACCOUNT
what do i have to do to notify of a damn payment problem,PAYMENT
need help lodging a cutomer claim against your organization,FEEDBACK
i entered a wrong address help me editing it,SHIPPING
need help to swap a fucking article of purchase,ORDER
help me cancel the subscription to your company newsletter,SUBSCRIPTION
question about the passowrd reset,ACCOUNT
what do i ened to do to subscribe to ur newsletter,SUBSCRIPTION
can you help me to obtain a refund of money,REFUND
need help switching to my new profile,ACCOUNT
i have got to know if there are any updates on my rebate,REFUND
i am trying to see the early exit fees,CANCEL
i dont know how i can speak to customer support,CONTACT
i have got to subscribe to the newsletter i need assistance,SUBSCRIPTION
need to change the details on my user profile help me,ACCOUNT
i want assistance trying to change my shipping address,SHIPPING
need assistance tosee your available payment methods,PAYMENT
i cant unsubscribe from your corporate newsletter,SUBSCRIPTION
i dont know what to do to talk to a live agent,CONTACT
where do i earn an article,ORDER
i need help to retrieve my user pin code,ACCOUNT
how to use the platinum account,ACCOUNT
i want to leave a review for a product,FEEDBACK
i do not know what i have to do to delete a account,ACCOUNT
help to see what options for delivery i can choose,DELIVERY
i need assistance giving a quick look at the invoice,INVOICE
what do i need to do to set up a different shipping address,SHIPPING
can i pay with paypal,PAYMENT
i have to see what hours customer support available is,CONTACT
i dont know how to track my restitution,REFUND
edit information on standard account,ACCOUNT
i have to cancel my company newsletter subscription,SUBSCRIPTION
want assistance to check how soon can i exppect the item,DELIVERY
i want help checking what methods for delivery i can choose,DELIVERY
lodge customer complaint,FEEDBACK
i have issues trying to edit my delivery address,SHIPPING
i cannot add a fucking product to order,ORDER
is it possible to see purchase current status,ORDER
i dont know how i can request a rebate,REFUND
i need help submitting my feedback for your company,FEEDBACK
i have to talk with customer assistance how can i do it,CONTACT
wanna cange an item of order how could i do it,ORDER
help me check in which cases cani request reimbursements,REFUND
i call to see when my product is gonna arrive,DELIVERY
i do not know how to call customer service,CONTACT
help seeing in which situations can i request my money back,REFUND
i have to find my bills from,INVOICE
i want assistance canceling my account,ACCOUNT
how can i check if there are any updates on the restitution,REFUND
can i check what hours i can call customer assitsance,CONTACT
i want help to shop a product,ORDER
i need help checking in what cases can i request refunds,REFUND
i paid for this order want help getting an rebate,REFUND
where can i make a customer claim against your company,FEEDBACK
how to see how long it takes for my package to arrive,DELIVERY
i want help canceling order,ORDER
i dont know what to do to reset the key of my user account,ACCOUNT
how could i file a consumer complaint,FEEDBACK
i dont know how to check the eta of purchase,ORDER
how to download the bills from,INVOICE
where to see how long the delivery takes,DELIVERY
can i order frlm,DELIVERY
i want help to see the payment modalities,PAYMENT
i dont know how i can check the termination penalty,CANCEL
i want help informing of signup problems,ACCOUNT
i want to check what hours i can contact customer support,CONTACT
i have to notify of errors with online payment,PAYMENT
assistance to send some feedback about ur company,FEEDBACK
how do i see how long it takes for my damn parcel to arrive,DELIVERY
i do not know what to do to check the termination penalty,CANCEL
i would like to make a consumer complaint will you help me,FEEDBACK
i dont know how i can recover my account access key,ACCOUNT
i want assistance seeing the withdrawal fee,CANCEL
there is a trouble setting a secondary shipping address up,SHIPPING
want assistance reportingan issue with a signup,ACCOUNT
can you help me talk with aperson,CONTACT
can uhelp me downloading the invoice from,INVOICE
i do not know what to do to check the termination charges,CANCEL
i have got to notify of ah issue with a registration,ACCOUNT
i need help to submit some feedback about your company,FEEDBACK
i have a problem with the termination of my account,ACCOUNT
i dont know how i can speak to an agent,CONTACT
i am looking for information about a password retrieval,ACCOUNT
i need to unsubscribe from the newsletter,SUBSCRIPTION
assistance restoring my user account access key,ACCOUNT
what do i have to do to find my bills from,INVOICE
need asisstance to cancel my subscription to the newsletter,SUBSCRIPTION
i would like to shop several of your article i need help,ORDER
updating information on pro account,ACCOUNT
how to download my bills from,INVOICE
how could i submit feedback,FEEDBACK
i dont know what to do to list the payment options,PAYMENT
how do i check what methods for delivery are there,DELIVERY
find information about the deletion of a account,ACCOUNT
can you help me to delete the platinum account,ACCOUNT
i do not know what to do to close my gold account,ACCOUNT
can ya help me give a quick look at my bill,INVOICE
check at what time i can contact customer assistance,CONTACT
i want help to use the bloody profile,ACCOUNT
correcting info on aqccount,ACCOUNT
i do not know how i can cancel purchase,ORDER
how do i download the invoive from last weeks,INVOICE
i need assistance seeing how long refunds take,REFUND
how do i swap a product of order,ORDER
i dont know how to restore the pin of myuser account,ACCOUNT
i want help getting my invoices from,INVOICE
i am waiting for a rebate of was it processed,REFUND
what do i have to do to download the bills from,INVOICE
wanna acquire some of ur article,ORDER
i need assistance with canceling purchase,ORDER
help me checking what shipping methods you offer,DELIVERY
i am trying to see your reimbursement policy,REFUND
i try to see how long it takes for my delivery to arrive,DELIVERY
can i check what delivery methods i can choose,DELIVERY
how to receive your company newsletter,SUBSCRIPTION
where do i update my delivery address,SHIPPING
where to acquire a few of ur item,ORDER
assistance informing of an issue with a signup,ACCOUNT
i want to update my address,SHIPPING
i dont know how i can modify the address,SHIPPING
would it be possible to check what shipping options i have,DELIVERY
what is my rebate status,REFUND
i need help trying to update my deliery address,SHIPPING
my delivery address is not valid what should i do,SHIPPING
how to submit the secondary delivery address,SHIPPING
cancel platinum account,ACCOUNT
i need help checking what payment methods are allowed,PAYMENT
can i check how soon can i expect the parcel,DELIVERY
i dont know how i can acquire some fucking articles,ORDER
i need help to report a payment error,PAYMENT
have a problem with platinum account deletions,ACCOUNT
i would like to see what goddamn delivery options i have,DELIVERY
i want help seeing what payment options are allowed,PAYMENT
i dont know how i can acquire some items,ORDER
i try to notify of a signup error,ACCOUNT
what do i need to do to track order,ORDER
help me subscribe to ur newsletter,SUBSCRIPTION
where do i notify of a payment problem,PAYMENT
i do not know how i can inform of an issue with a signup,ACCOUNT
how can i talk to customer assistance,CONTACT
i have a question about correcting order,ORDER
assistance to reset my password,ACCOUNT
do you have an address to send some feedback,FEEDBACK
want assistance to use the account,ACCOUNT
i have to enter a different shipping address,SHIPPING
i cannot set up my secondary shipping address,SHIPPING
i have issues setting up a secondary delivery address,SHIPPING
i cannot receive the fucking newsletter,SUBSCRIPTION
how can i retrieve the pin code opf my profile,ACCOUNT
i dont know how i can remove my standard account,ACCOUNT
i have to leave feedback about a product,FEEDBACK
what is the customer assistance phone number,CONTACT
checking order status,ORDER
i have to check in which cases can i ask to be reimbursed,REFUND
i need to see at what time i can reach customer assistance,CONTACT
need to see the accepted payment options how do i do it,PAYMENT
want help to see ur money back policy,REFUND
wqnna notify of an error with payments,PAYMENT
i paid for this product assistance to receive a refund,REFUND
i have got to download my invoices from,INVOICE
i cant find anything about the termination penalty,CANCEL
withrdawal penalty,CANCEL
want assistance reporting troubles with payment,PAYMENT
i do not know how to speak to somebody,CONTACT
i have got to check how soon can i expect the order,DELIVERY
i want to correct purchase how can i do it,ORDER
i dont know how to check the available payment methods,PAYMENT
what are ur available payment methods,PAYMENT
i dont know how to call bloody customer support,CONTACT
need assistance correcting the delivery address,SHIPPING
can you help me to buy a damn article,ORDER
want help to sign up to the company newsletter,SUBSCRIPTION
i need to check the available payment methods help me,PAYMENT
can you help me ordering several items,ORDER
i have to speak with someone i need hrlp,CONTACT
i would like to locate purchase i need help,ORDER
problem with the deletion of a account,ACCOUNT
i have to shop several of ur article how to do it,ORDER
i haqve got to check when my delivery is gonna arrive,DELIVERY
i have a error changing the delivery address,SHIPPING
problems correcting address,SHIPPING
help to report a signup error,ACCOUNT
help me earn several products,ORDER
showing me purchase status,ORDER
i have chosen a wrong shipping address how do i correct it,SHIPPING
i have problems with creating a account,ACCOUNT
i want to check how long refunds take i need assistance,REFUND
help me to reset the pass of my user account,ACCOUNT
can you tell me your allowed payment modalities,PAYMENT
i cannot check the current status of the rebate,REFUND
i have issues modifying the delivery address,SHIPPING
open account for wife,ACCOUNT
check status of refund,REFUND
can ay help me notifying of a trouble with payment,PAYMENT
open a gold account for my dad,ACCOUNT
i do not know what i need to do to check the withdrawal fees,CANCEL
i do not know what i neerd to do to download my bill,INVOICE
want assistance notifying of errors with payment,PAYMENT
i need to acquire some items,ORDER
i have to talk to customer service how do i do it,CONTACT
i dont know how to acquire several of your article,ORDER
i need to check at what time i can reach custome assistance,CONTACT
i have issues setting up a secondary shipping address,SHIPPING
can you send me the bill from,INVOICE
want help talking to someone,CONTACT
i dont know what i need to do to reset my account password,ACCOUNT
i cannot report a registration error,ACCOUNT
see at what time i can contact customer service,CONTACT
i have to submit a different delivery address i need help,SHIPPING
help me lodge a complaint against ur business,FEEDBACK
how to ask for a restitution of my money,REFUND
assistance to list your fucking accepted payment modalities,PAYMENT
what do i have to do to obtain my money back,REFUND
wanna shop a few of ur item how do i do it,ORDER
i do not know what to do to talk to a live agent,CONTACT
uarent being helpful how to chat with a agent,CONTACT
cancel subscription to ur newsletter,SUBSCRIPTION
want assistance seeing the delivery options,DELIVERY
i do not know how to contact customer service,CONTACT
i need help downloading the bill,INVOICE
i want help canceling order,ORDER
help me to check the withdrawal fees,CANCEL
can you help me seeing when will my parcel arrive,DELIVERY
can ya help me purchase several items,ORDER
i dont know what i have to do to delete a premium account,ACCOUNT
want help restoring the pin code of my user,ACCOUNT
where to check how long it takes for my delivery to arrive,DELIVERY
i need to set up a secondary shipping address,SHIPPING
where to see what hours i can reach customer service,CONTACT
can ya help me listing the available payment methods,PAYMENT
i do not know what to do to edit the delivery address,SHIPPING
help seeing at what time customer service available is,CONTACT
can you help me seeing in which cases can i request refunds,REFUND
need to set my new shipping addrses up,SHIPPING
i have got to contact customre support,CONTACT
i do not know how to check what shipping options i have,DELIVERY
i need help seeing if there are any news on the compensation,REFUND
is it possible to inform of an error with registrations,ACCOUNT
whhere to see the allowed payment modalities,PAYMENT
where do i restore my user account pass,ACCOUNT
help to list your allowed payment options,PAYMENT
help me seeing your accepted payment methods,PAYMENT
i forgot my user account pin code help me recover it,ACCOUNT
can i see at what time i can contact customer service,CONTACT
i do not know what to do to check the options for shipment,DELIVERY
i have got to see the cancellation charge can you help me,CANCEL
i do not know how i can recover my profile access key,ACCOUNT
could you help me see the status of order,ORDER
do you have a tollfree number to reach customer support,CONTACT
help me submitting my new delivery addres,SHIPPING
i need to sign up to your company newsletter,SUBSCRIPTION
assistance to check the eta of order,ORDER
help to submit a secondary delivery address,SHIPPING
i have got to enter a new shipping address how do i do it,SHIPPING
help to see the eta of the ortder,ORDER
could i see when will my article arrive,DELIVERY
can you show me the early termination fee,CANCEL
help me submitting the shipping address,SHIPPING
need to check the eta of the purchase help me,ORDER
what do i need to do to chat with an assistant,CONTACT
i have to locate the bill from i need assistance,INVOICE
i have a question about the termination of a account,ACCOUNT
i need to send feedback how can i do it,FEEDBACK
hgow can i inform of issues with payments,PAYMENT
where can i see if there is anything new on the restitution,REFUND
i do not know how i can contact an operator,CONTACT
is there a way to submit a comment for your services,FEEDBACK
i have problems with the deletion of my premium account,ACCOUNT
i need help seeing ur payment methods,PAYMENT
i dont know how i can inform of problems with signup,ACCOUNT
where to see the withdrawal charge,CANCEL
i have to check the withdrawal charge how can i do it,CANCEL
how do i speak to customer service,CONTACT
i want assistance to see ur allowed payment options,PAYMENT
i have to check the shipping options will you help me,DELIVERY
i need assistance to talk to customer service,CONTACT
i dont know how to locate the invoice,INVOICE
can you help me to make a reclamation against your business,FEEDBACK
can i check when will my purchase arrive,DELIVERY
i expect a damn restitution of dollars was it processed,REFUND
i try to see what payment options are accrpted,PAYMENT
help to see your accepted paymentt methods,PAYMENT
wanna check how long it takes for my package to arrive,DELIVERY
i need assistance to edit the personal details,ACCOUNT
id like to list the fucking payment methods how do i do it,PAYMENT
can i see what hours i can contact customer support,CONTACT
i dont know what to do to check your fucking refund policy,REFUND
solve payment error,PAYMENT
i want to see how long it takes for my shipment to arrive,DELIVERY
how can i ask for a rebate,REFUND
where can i acquire some products,ORDER
can i see the eta of the order,ORDER
im waiting for a reimbjrsement of,REFUND
how long till i get my damn reimbursement,REFUND
i dont know how to close my account,ACCOUNT
i dont know what to do to get the invoice,INVOICE
i need to check my goddamn restitution status,REFUND
help downloading the invoice,INVOICE
i have got to see the shipping options how to do it,DELIVERY
i want help to check what options for delivery you offer,DELIVERY
i do not know how to send my goddamn feedback for a product,FEEDBACK
want help informing of a registration error,ACCOUNT
how can i report an trouble with payment,PAYMENT
close platinum account,ACCOUNT
i cant retrieve the pin of my account,ACCOUNT
how od i edit purchase,ORDER
ohw do i check how soon can i expect the item,DELIVERY
can ushow me the early exit charge,CANCEL
i dont know how i can get in touch with customer support,CONTACT
i do not know what to od to download my bill,INVOICE
i want to see in what cases can i request refunds help me,REFUND
i want to check the termination charge help me,CANCEL
i have to see the options for shipping,DELIVERY
im waiting for a reimbursement ofv was it processed,REFUND
i want to list the allowed payment options i need help,PAYMENT
i need help to create a standard account,ACCOUNT
see in which situations can i request a refund,REFUND
i want assistance asking for a reimbursement of my money,REFUND
assistance sending some efedback about a product,FEEDBACK
i aint registered yet could i open a pro account withyou,ACCOUNT
can ya help me talk with a human agent,CONTACT
want help shopping several of your item,ORDER
how to swap some articles of order,ORDER
i want help retrieving my pin code,ACCOUNT
when am i going to get a reimbursement,REFUND
wanna know more about creating accounts,ACCOUNT
i want assistance seeing order status,ORDER
i have a problem correcting te shipping address,SHIPPING
help to remove some products from order,ORDER
i want help to track the compensation,REFUND
need to update my address,SHIPPING
how to check at what time i can contact customer support,CONTACT
is it possibpe to check how long refunds take,REFUND
i have to notify of a signup error,ACCOUNT
i havbe problems updating my delivery address,SHIPPING
i do not use my cacount i want help removing it,ACCOUNT
assistance to submit feedback for ur company,FEEDBACK
i need help seeing the cancellation fee,CANCEL
how can i report troubles with online payments,PAYMENT
need assistance to check the delivery methods,DELIVERY
help to cancel the subscription to your newsletter,SUBSCRIPTION
i have to file a consumer complaint against your company,FEEDBACK
i have an error updating my fucking shipping address,SHIPPING
i do not know how i can download my bills from,INVOICE
how to check if there is anything wrong with my rebate,REFUND
im trying to find information about modifying the address,SHIPPING
i have got to subscribe to the newsletter how to do it,SUBSCRIPTION
what do i have to do to make a consumer compoaint,FEEDBACK
can uhelp me to unsubscribe from the corporate newsletter,SUBSCRIPTION
correct info on pro account,ACCOUNT
information about the termination of my account,ACCOUNT
where to open a account,ACCOUNT
i want help to inform of an issuewith signup,ACCOUNT
i need to retrieve the key of my profile,ACCOUNT
update information on gold account,ACCOUNT
wanna change the personal details i need help,ACCOUNT
can uhelp me to sign up to the newsletter,SUBSCRIPTION
creating new account for daughter,ACCOUNT
i want to see how long it tyakes for my package to arrive,DELIVERY
i do not know what to do to check the early exit fee,CANCEL
i do not know how i can list the allowed payment options,PAYMENT
i need to see my goddamn invoices from last year,INVOICE
i try to restore the pwd of my user profile,ACCOUNT
how to check what payment options are avaialble,PAYMENT
need help cancelling the newsletter subscription,SUBSCRIPTION
see under what circumstances can i ask to be refunded,REFUND
i have got to obtain an reimbursement of money,REFUND
i do not know how to recover the pin of my user profile,ACCOUNT
i can no longer pay for order,ORDER
where to submit a different delivery address,SHIPPING
i need assistance to check order current status,ORDER
what do i need to do to see the status of the rebate,REFUND
im trying to check what hours i can reach customer suport,CONTACT
i do not know what i have to do to close my account,ACCOUNT
help me see the methods for shipment,DELIVERY
can uhelp me to swap something of order,ORDER
i need assistance to cancel purchase,ORDER
i do not know what i need to do to purchase some products,ORDER
can you help me receiving the company newsletter,SUBSCRIPTION
have problems with opening my freemium account,ACCOUNT
i want to see at what time customer service available is,CONTACT
i dont know what to do to talk with customer assistance,CONTACT
where to see order current status,ORDER
i want to unsubscribe from your company newsletter,SUBSCRIPTION
i want to see if there are any news on my rebate,REFUND
help to speak to customer assistance,CONTACT
i do not know how i could download the invoice,INVOICE
i dont know what i have to do to create a account,ACCOUNT
assistance seeing what shipment options are available,DELIVERY
i would like to earn several products how could i do it,ORDER
assistance to see how long it takes for my item to arrive,DELIVERY
i do ont know what to do to acquire some items,ORDER
i want assistance to see what shipment methods i can choose,DELIVERY
help me set up a different delivery address,SHIPPING
i do not know what to do to download the bill,INVOICE
i am calling to download the bill,INVOICE
how can i list the accepted payment modalitiues,PAYMENT
want help to write an opinion about a product,FEEDBACK
i do not know what i have to do to delete my premium account,ACCOUNT
where to make a relcamation against your company,FEEDBACK
i dont know what i have to do to download my bill,INVOICE
problem with correcting purchase,ORDER
i do not know how to create a platinum account,ACCOUNT
i want information about modifying order,ORDER
what do i need to do to chat wth a person,CONTACT
nede to download my bill,INVOICE
sign up to the corporate newsletter,SUBSCRIPTION
where could i switch to the bloody standard account,ACCOUNT
i dont know wwhat i need to do to check invoice,INVOICE
need help requesting reimbursements of my money,REFUND
i cant set up my new shipping address,SHIPPING
show cancellation penalty,CANCEL
i dont know what i need to dol to make a reclamation,FEEDBACK
i need help to submit a new delivery address,SHIPPING
i dont know what to do to switch to the standard account,ACCOUNT
checking bill,INVOICE
my new shipping address is invalid can you help me,SHIPPING
help seeing the fucking cancellation charges,CANCEL
i want assistance to see the early termination fees,CANCEL
i need to check in which situations can i requst a refund,REFUND
im rtying to cancel order,ORDER
can i speak with someone,CONTACT
where do i take a quick look at the bill,INVOICE
assistance to see the eta of purchase,ORDER
i dont know what to do to get the bills from,INVOICE
where do i check how long it takes for my item to arrive,DELIVERY
i need assistance sending some feedback for a product,FEEDBACK
help to obtain a compensation of my money,REFUND
do you have an email to send a review about a service,FEEDBACK
modify information on gold acfount,ACCOUNT
i am trying to submit my bloody feedback for your services,FEEDBACK
need help seeing how soon can i expect my package,DELIVERY
is it possible to find bill,INVOICE
can uhelp me set up another shipping address,SHIPPING
i cantcancel my subscription to ur company newsletter,SUBSCRIPTION
i want to get bill,INVOICE
i dont know what i have to do to earn an article,ORDER
i need help to see the accepted paayment options,PAYMENT
ohw to contact a person,CONTACT
where can i notify of a registration issue,ACCOUNT
i would like to lodge a consumer claim against your business,FEEDBACK
where can i ask for compensations of money,REFUND
i dont know how to check my restitution status,REFUND
can youhelp me to check the cancellation fee,CANCEL
id like to recover the key of my user account,ACCOUNT
i paid dollars for an article i try to obtain a rebate,REFUND
i want assistance talking with an assistant,CONTACT
i dont know what to do to download bill,INVOICE
help me filing a reclamation against your business,FEEDBACK
i dont know what i have to do to shop some itmes,ORDER
help to ask for a rebate of my money,REFUND
i want assistance setting up my delivery address,SHIPPING
i am unsatisfied with your services how to file a claim,FEEDBACK
help me make a claim against your business,FEEDBACK
i do not know how i can get my bill from,INVOICE
want help listing the accepted payment methods,PAYMENT
i need help getting the invoice from,INVOICE
i cannot find the withdrawal charge help me,CANCEL
what do i have to do to change my shipping address,SHIPPING
where to check the eta of the order,ORDER
need to see how soon can i expect the order could uhelp me,DELIVERY
i do not know how i can remove a account,ACCOUNT
help requesting a compensation,REFUND
i do not know how to speak with an assistant,CONTACT
where can i see the withdrawal fees,CANCEL
help me check in what situations can i ask to be reimbursed,REFUND
trouble setting up my secondarydelivery address,SHIPPING
y i cannot submit the new shipping address valid,SHIPPING
help me see if there are any updates on my reimbursement,REFUND
wanna locate my bill can i get some help,INVOICE
want help trying to correct the address,SHIPPING
creating pro account,ACCOUNT
modifying ddetails on account,ACCOUNT
can uhelp me check how soon can i expect my article,DELIVERY
what do i need to do to chat with a human agent,CONTACT
where do i inform of a trouble with payments,PAYMENT
editing info on account,ACCOUNT
i want to check the bloody payment options,PAYMENT
help seeing the delivery options,DELIVERY
want help to submit another shipping address,SHIPPING
i need to talk with customer support how todo it,CONTACT
i want assistance to look for invoice,INVOICE
help me checking in what cases can i ask for refunds,REFUND
show me at what time i can reach customre service,CONTACT
i cant remembner my pass can you help me to retrieve it,ACCOUNT
how much will ya charge me if i cancel the contract,CANCEL
i want help to see at what time i can reach customer service,CONTACT
i have to check the accepted payment options,PAYMENT
help me contact customer assistance,CONTACT
i cant remember my bloody user key how to reset it,ACCOUNT
i want to see order bloody current status,ORDER
remove article from purchase,ORDER
can you help me to retrieve the pin of my profile,ACCOUNT
how do i talk to a human agent,CONTACT
i do not know how i can download the bill from,INVOICE
getting invoice from last month,INVOICE
i cannot receive the corporate newsletter,SUBSCRIPTION
i dont know how i can notify of a payment issue,PAYMENT
i have got to see when will my aprcel arrive,DELIVERY
i try to inform of troubles with online payments,PAYMENT
i want to see the cancellation penalty,CANCEL
can i remove a platinum account,ACCOUNT
i want help seeign when will my product arrive,DELIVERY
i need assistance solving errors with payment,PAYMENT
i want assistance to write a review,FEEDBACK
what do i have to do to acquire some products,ORDER
i dont know what i need to do to talk to someone,CONTACT
can uhelp me to check the fucking eta of the order,ORDER
chcek bills from,INVOICE
canceling order,ORDER
cancel purchase370795561790,ORDER
help me noitfy of an error with online payments,PAYMENT
is it possible to see the eta of order,ORDER
im trying to submit a shipping address,SHIPPING
can ya show me at what time customr service available is,CONTACT
i need help to enter another delievry address,SHIPPING
could you help me to check what delivery methods i have,DELIVERY
need help to order several of your article,ORDER
i need assistance seeing how soon can i expect the package,DELIVERY
where can i submit my feedback for your company,FEEDBACK
i dont know what to do to change to the gold account,ACCOUNT
where can i switch to the account,ACCOUNT
i need assistance acquiring some of ur product,ORDER
i weant help using the account,ACCOUNT
i have to list the available payment options,PAYMENT
i paid for this item help me get a refund,REFUND
im not registered i want assistance creating a account,ACCOUNT
you are not helpful help talking to an operator,CONTACT
can you help me resetting the password of my profile,ACCOUNT
updating order,ORDER
help to notify of a payment issue,PAYMENT
i need assistance with canceling order,ORDER
assistance to check what methods for delivery i have,DELIVERY
i cannot check your reimbursement policy,REFUND
i do not know what to do to look for the bill,INVOICE
i have to shop several articles,ORDER
assistance contacting a person,CONTACT
what do i need to do to switch to the pro account,ACCOUNT
can uhelp me to unsubscribe from ur corporate newsletter,SUBSCRIPTION
how can i see how soon can i expect my article,DELIVERY
want help to check in what situations can i ask for refunds,REFUND
i have entered a wrong delivery address help me changing it,SHIPPING
how can i see how son can i expect my package,DELIVERY
i want assistance to list the accepted payment methods,PAYMENT
i need help to unsubscribe to the corporate newsletter,SUBSCRIPTION
i want help to see the options for shipment,DELIVERY
im calling to gt the bloody bills from,INVOICE
can i check your fucking accepted payment options,PAYMENT
i want help earning several articles,ORDER
i have to leave a comment about a service i need help,FEEDBACK
i want help purchasing an item,ORDER
i have got to check the cvancellation penalty how to do it,CANCEL
where do i demand a rebate ofb money,REFUND
i need help checking how soon can i expect my shipment,DELIVERY
i have a problem with opening my premium account,ACCOUNT
how can i purchase something,ORDER
question about the deletion of a fucking account,ACCOUNT
how do i see at what time i can call customer support,CONTACT
is there a way to submit feedback for your company,FEEDBACK
need help to speak to a uhman agent,CONTACT
there are troubles setting up a differnet delivery address,SHIPPING
help to give a quick look at my invoice,INVOICE
i want to speak to customer assistance,CONTACT
would it be possible to receive the newsletter,SUBSCRIPTION
wanna know about an address modification,SHIPPING
where can i see what delivery methods i can choose,DELIVERY
what do i have to do to speak with somebody,CONTACT
i dont know what to do to download the bill,INVOICE
where can i get information about a delivery address change,SHIPPING
i have troubles setting up a new shipping address,SHIPPING
changkng to standard account,ACCOUNT
i would like to see the payment methods will you help me,PAYMENT
i do not want this item i try to cancel order,ORDER
im trying to notify of errors with signup,ACCOUNT
could you help me update order,ORDER
i need assistance downloading the invoice from,INVOICE
what do i have to do to buy some items,ORDER
i want to file a damn consumer claim how can i do it,FEEDBACK
i have to check at what time custmer support available is,CONTACT
i do not know how to get refunds of my money,REFUND
i need to retrieve my user account pin code,ACCOUNT
where do i check the termination penalty,CANCEL
where could i list the goddamn accepted payment methods,PAYMENT
i nee assistance to cancel purchase,ORDER
i want assistance checking how long refunds usually take,REFUND
i am trying to purchase several of your article,ORDER
needhelp submitting some feedback,FEEDBACK
what is the customer service workinghours,CONTACT
want help to retrieve the pwd of my prlfile,ACCOUNT
file reclamation,FEEDBACK
i need help to reset the password of my profile,ACCOUNT
i cant swap several items of purchase,ORDER
i have to retrieve the pin cpde of my account,ACCOUNT
i cannot remove an article from order,ORDER
need assistance listing your accepted payment options,PAYMENT
want support modifying the delivery address,SHIPPING
help listing your allowed payment methods,PAYMENT
i have got to earn some products,ORDER
i do not know what i need to do to download the bill,INVOICE
have a problem with creating my standard account,ACCOUNT
i cant pay notify of a trouble with online payment,PAYMENT
lodge reclamation,FEEDBACK
help me seeing what delivery methods i can choose,DELIVERY
assistance to switch to the pro account,ACCOUNT
where to reoort a problem with a signup,ACCOUNT
i am having an isuse with my signup,ACCOUNT
i want to check my damn rebate status how do i do it,REFUND
i have paid for these items want help to get a rebate,REFUND
opening gold account,ACCOUNT
im trying to order several articles,ORDER
how do i check the eta of order00123842,ORDER
how can i see how long it takes for my purchase to arrive,DELIVERY
i want assistance making a complaint against your business,FEEDBACK
is it possible to report issues with signup,ACCOUNT
what do i have to do to close my standard account,ACCOUNT
is there an email to submit feedback for your company,FEEDBACK
i need assistance seeing your goddamn money back guarantee,REFUND
i want aswsistance taking a quick look at the invoice,INVOICE
create another account for mum,ACCOUNT
how to repoft troubles with online payment,PAYMENT
i have got to locate order how can i do it,ORDER
can i check how soon can i expect the item,DELIVERY
what do i need to do to see the terminbation fee,CANCEL
i domt know what to do to see the available payment options,PAYMENT
help me see what shipping methods are there,DELIVERY
is it possible to download my damn invoices from,INVOICE
help to check how long it takes for my package to arrive,DELIVERY
i have got to cancel purchase how do i do it,ORDER
uhave a way to submit an opinion about a product,FEEDBACK
i am trying to check purchase current status,ORDER
i need to speak to customer support can i get some help,CONTACT
i have to check the eta of order732201349959 i need help,ORDER
help me submit another delivery address,SHIPPING
i have problems submitting a secondary shipping address,SHIPPING
how do i demand a bloody compensation of my money,REFUND
ya have a method to send feedback,FEEDBACK
i ned help to reset the pin of my profile,ACCOUNT
could i make a goddamn reclamation,FEEDBACK
i need help shopping some of ur article,ORDER
find information about the deletion of my gold account,ACCOUNT
want assistance opening a premium account,ACCOUNT
modify gold account,ACCOUNT
where to cancel purchase,ORDER
i would like to inform of troubles with online payments,PAYMENT
need help to obtain my money back,REFUND
i need to get my bill from could you help me,INVOICE
want assistance cancelling a account,ACCOUNT
problem with account deletions,ACCOUNT
i try to check how long it takes forf my product to arrive,DELIVERY
show the available methods for shipment,DELIVERY
help me retrieve the key of my account,ACCOUNT
need to file an fucking consumer claim can i get some help,FEEDBACK
help to report an error with signup,ACCOUNT
need assistance checking the early termination fee,CANCEL
help me retrieve my profile pin code,ACCOUNT
how to file a customer reclamation against ur organization,FEEDBACK
i need assistance to locate order,ORDER
i have got to buy some prodcuts,ORDER
i want to inform of pamyent issues,PAYMENT
notify of issues wiht payment,PAYMENT
i do not know how to switch some items of order,ORDER
need help to leave a comment for your productsa,FEEDBACK
i paid for these articles i have to obtain a rebate,REFUND
i wan assistance purchasing several of your article,ORDER
can uhelp me to get in touch with customer support,CONTACT
open a account for my dad,ACCOUNT
see the withdrawal penalties,CANCEL
help to see the eta of the order,ORDER
change to gold account,ACCOUNT
i want help to swap several items of purchase,ORDER
i have a problem entering another delivery address,SHIPPING
i cannot make a payment i need to inform of issues,PAYMENT
i try to file a customer claim against ur company,FEEDBACK
show me in which cases can i request my money back,REFUND
i dont know how to cancel my subscription to the newsletter,SUBSCRIPTION
edit data on premium account,ACCOUNT
where to order several products,ORDER
i want to edit my account could i get some help,ACCOUNT
i have got to acquire a few of u article,ORDER
i do not know what to do to get my invoice,INVOICE
where to notify of a trouble with online payments,PAYMENT
where do i receive reimbursements of my money,REFUND
wanna make a consumer complaint,FEEDBACK
reimbursing,REFUND
need help to see when my parcel is going to arrive,DELIVERY
i am waiting for a compensation of doolars,REFUND
i need to use the platinum profile can you help me,ACCOUNT
i cant afford order i need help to cancel it,ORDER
someone stole my goddamn account pin want help resyoring it,ACCOUNT
i do not know what i have to do to look for the bill,INVOICE
i have to check what delivery options are there help me,DELIVERY
can you help me receiving refunds,REFUND
i try to check my restitution status,REFUND
is there a section to submit an opinion for ur products,FEEDBACK
i do not know how i can switch to tbe account,ACCOUNT
assistance to modify the bloody address,SHIPPING
is there an addressx to submit an opinion for ur company,FEEDBACK
i need help to chat with a live avent,CONTACT
create new standard account for daughter,ACCOUNT
i want support modifying the address,SHIPPING
help to see what delivery methods are available,DELIVERY
im trying to unsubscribe from the newsletter,SUBSCRIPTION
help to swap an article of order,ORDER
the experience with you was too bad make a bloody claim,FEEDBACK
change details on freemium account,ACCOUNT
i want to correct purchase,ORDER
what do i need to do to unsubscribe to your newsleyter,SUBSCRIPTION
where can i subscribe to your corporate newsletter,SUBSCRIPTION
help me inform of a signup problem,ACCOUNT
what do i have to do to creare a account for my daughter,ACCOUNT
show me what shipping methods i have,DELIVERY
how do i retrieve the password of my user,ACCOUNT
problems with cnceling purchase,ORDER
i do not understand you help me chatting with someone,CONTACT
need assistance to submit my feedback for your services,FEEDBACK
i have to report a problem with online payments,PAYMENT
how do i check the invoice,INVOICE
i want help to cancle purchase,ORDER
i need help entering the bloody secondary shipping address,SHIPPING
cancelling platinum account,ACCOUNT
what do i have to do to sign up to your damn newsletter,SUBSCRIPTION
help to leave my goddamn feedback for your company,FEEDBACK
i need help to see in which situations can i request refunds,REFUND
want help to solve errors with payment,PAYMENT
opening account,ACCOUNT
where can i restore the pin of my account,ACCOUNT
i want help taking a quick look at the bill,INVOICE
how do i report problems with a registration,ACCOUNT
i cant notify of issues with a signup,ACCOUNT
i want help to check in what cases can i request a refund,REFUND
i need help to update my account,ACCOUNT
assistance seeing ur accepted payment modalities,PAYMENT
i need to use the gold profile how can i do it,ACCOUNT
need to create a account,ACCOUNT
can i order from,DELIVERY
how could i open a account,ACCOUNT
can ushow me the status of purchase,ORDER
i want assistance to check how soon can i expect the article,DELIVERY
help to ask for refunds of money,REFUND
help seeing in what cases can i request refunds,REFUND
i do not know how i can see what shipping methods i have,DELIVERY
can you help me to check what payment options you accept,PAYMENT
i do not know how to reset the pass of my profile,ACCOUNT
assistance to report issues with payment,PAYMENT
how to subscribe to the newsletter,SUBSCRIPTION
how to check how soon can i expect my article,DELIVERY
assistance contacting a live agent,CONTACT
where can i change to the freemium account,ACCOUNT
i have got to see the shipment options i need help,DELIVERY
i want help seeing the fucking available payment methods,PAYMENT
i need help unsubscribing to the newsletter,SUBSCRIPTION
i dont knnow how to notify of an error with online payment,PAYMENT
wanna leave a comment how do i do it,FEEDBACK
want assistance informing of an error with online payment,PAYMENT
will you give m information about the pin retrieval,ACCOUNT
could you help me to request a restitution of my money,REFUND
i want help subscribing to the newsltter,SUBSCRIPTION
updating info on freemium account,ACCOUNT
i do not know what i need to do to look for bill,INVOICE
i dont know what i need to do to edit my shipping address,SHIPPING
i want assistance to subscribe to the corporate newsletter,SUBSCRIPTION
i need help to check what hours i can call customer support,CONTACT
i dont know what i need to do to make a customer complaint,FEEDBACK
i want help writing a reviw about your products,FEEDBACK
how can i cancel a freemium account,ACCOUNT
i want assistance to recover the pin code of my profile,ACCOUNT
assistance to contact an operator,CONTACT
what do i have to do to locate order,ORDER
i canno notify of errors with a signup,ACCOUNT
i want help checking how soon can i expect the parcel,DELIVERY
i do not know how to leave a review about ur services,FEEDBACK
when is my purchase gonna arrive,DELIVERY
how to inform of problems with signup,ACCOUNT
change to acount,ACCOUNT
i need help looking for my invoice,INVOICE
i have to subscribe to the newsletter help me,SUBSCRIPTION
i do not know what i have to do to download invoice,INVOICE
making order,ORDER
want help to speak to somebody,CONTACT
i want help notifying of a problem with online payments,PAYMENT
im trying to leave my feedback about ur services,FEEDBACK
i want help to get in touch with goddamn customer assistance,CONTACT
assistance talking with somebody,CONTACT
hlp seeing ur money back guarantee,REFUND
i need assistanc chatting with a live agent,CONTACT
id like information about my newsletter subscription,SUBSCRIPTION
i want information about cancel my newsletter subscription,SUBSCRIPTION
want assistance updating the address,SHIPPING
i need to see the delivery options how do i do it,DELIVERY
how to check what payment payment modalities are allowed,PAYMENT
wanna cancel my subscription to the company newsletter,SUBSCRIPTION
how to see the cancellation penalty,CANCEL
need to update my user information how can i do it,ACCOUNT
i have to see the shipment options,DELIVERY
i want help to speak with a human agent,CONTACT
could i check what shipment options you offer,DELIVERY
can you help me to use the platinum profile,ACCOUNT
how do i modify the goddamn details included on my profile,ACCOUNT
i cannotdelete some articles from purchase,ORDER
could you help me to check your payment modalities,PAYMENT
subscription to ur company newsletter,SUBSCRIPTION
i want help to swap an article of purchase,ORDER
do you have a method to submit some feedback,FEEDBACK
edit info on gold accunt,ACCOUNT
wanna receive ur company newsletter how do i do it,SUBSCRIPTION
what d i have to do to notify of an issue with a signup,ACCOUNT
i have to notify of a payment error,PAYMENT
i need assistance to talk with somelne,CONTACT
where can i get bloody rebates of money,REFUND
can i check how long reimbursements usually take,REFUND
opdn standard account,ACCOUNT
i have got to locate order,ORDER
i have to receive your newsletter how do i do it,SUBSCRIPTION
help me checking what shipping methods are available,DELIVERY
i od not know how to notify of signup issues,ACCOUNT
i want my rebate of money,REFUND
assistance to check in which cases can i request a refund,REFUND
i ahve to acquire some products,ORDER
i cant seed your refund policy,REFUND
ned assistance to switch to the bloody platinum account,ACCOUNT
i dont know how to see the eta of order,ORDER
i have to list thye available payment modalities,PAYMENT
help me to unsubscribe to ur newsletter,SUBSCRIPTION
i want assistance seeing the withdrawal penalty,CANCEL
i cannot make a transfer notify of payment issues,PAYMENT
i want to order a few of your product can i get some help,ORDER
can ya help me cancel my corporate newsletter subscription,SUBSCRIPTION
i have to edit my delivery address,SHIPPING
i dont know how i can see your payment methods,PAYMENT
wanna see how long it takes for my purchase to arrive,DELIVERY
i want to check what shipment methods i have,DELIVERY
assistance opening user account,ACCOUNT
what is order status,ORDER
i do not know what i need to do to cancel my account,ACCOUNT
i have to see what delivery options you offer help me,DELIVERY
i cannot remember my damn profile key how to restore it,ACCOUNT
i have issus setting the secondary delivery address up,SHIPPING
i need to see how soon can i expect the order help me,DELIVERY
problem with standard account removals,ACCOUNT
i cant swap some products of order,ORDER
i want help to unsubscribe to the company newsletter,SUBSCRIPTION
wanna chevk the invoices from years ago how could i do it,INVOICE
help me request compensations,REFUND
i call to downbload my invoices from,INVOICE
can uhelp me see ur available payment options,PAYMENT
i need help to see the cancellation charges,CANCEL
i want help to get compensations,REFUND
i want assisatance seeing the allowed payment options,PAYMENT
i try to notify of an error with registrations,ACCOUNT
i do not know how to file a claim against ur business,FEEDBACK
i expect a compensation of was it processed,REFUND
wasnt assistance to set up a delivery address,SHIPPING
help to use the premium profile,ACCOUNT
hpw to call customer service,CONTACT
how do i retrieve the pin code of myaccount,ACCOUNT
how to see what options for delivery are there,DELIVERY
i do not know what to do to resetthe key of my user profile,ACCOUNT
switch to pro account,ACCOUNT
i have got to leave my feedback can i get some help,FEEDBACK
can i contact someone,CONTACT
when am i obtaining a refund,REFUND
can ushow me the eta of purchase,ORDER
help to check in which situations can i ask for refunds,REFUND
reporting issue creating user,ACCOUNT
need assistance checking my compensation current status,REFUND
problems with standard account terminations,ACCOUNT
cancelin premium account,ACCOUNT
i want information about my platinum account termination,ACCOUNT
need help requesting a compensation of money,REFUND
seeing termination charge,CANCEL
i dont know how i can check the cancellation fee,CANCEL
can you give me information about standard account removals,ACCOUNT
can ya help me demand a rebate of money,REFUND
i dont know how to locate order,ORDER
can you help me see when my order is going to arrive,DELIVERY
i dont know what to do to ask for compensationsof my money,REFUND
find information about shipping period,DELIVERY
were can i leave a review for your services,FEEDBACK
i dont know how to set up the new delivery addresd,SHIPPING
i do not know how to check what shipment options uoffer,DELIVERY
help seeing in which cases can i request a reimbursement,REFUND
i dont khow what i need to do to change to the gold account,ACCOUNT
can you help me solve errors with payments,PAYMENT
i want assistance to enter a new delivery address,SHIPPING
what do i need to do to chat with a person,CONTACT
how long till i receive a refund of money,REFUND
modify pro account,ACCOUNT
can you help me seeing the status of order,ORDER
editing details on gold account,ACCOUNT
where to see the eta of the purchase,ORDER
can you help me changing to the gold account,ACCOUNT
see the bill,INVOICE
i do not know how i can see the avalable payment methods,PAYMENT
i submitted an wrong address how can i edit it,SHIPPING
can you help me seeing in what cases can i request a refund,REFUND
what do i have to do to change to the account,ACCOUNT
i have to see what shipping methods you offer how to do it,DELIVERY
information about the removal of a account,ACCOUNT
need help calling damn customer assistanec,CONTACT
is it possible to swap an item of purchase,ORDER
i am unsatisfied with your work how do i lodge a claim,FEEDBACK
showing me order current status,ORDER
i cant see if there are any updates on the refund,REFUND
i want assistance requesting reimbursements,REFUND
how do i add some items to order,ORDER
how to check ur refund policy,REFUND
tell me about signingup to ur corporate newsletter,SUBSCRIPTION
i need help to acquire a product,ORDER
assistance seeing when my purchase is going to arrive,DELIVERY
help me set my secondary delivery address up,SHIPPING
need to create a standard account,ACCOUNT
want assistance to get my invoices from,INVOICE
is there an address to send a comment for your services,FEEDBACK
how can i submit my feedback about ur products,FEEDBACK
need help to check in which case can i ask to be refunded,REFUND
can i check in which cases can i ask for my money back,REFUND
correcting infornation on pro account,ACCOUNT
update details on account,ACCOUNT
assistance filing a customer complaint against your business,FEEDBACK
need assistance to report registration issues,ACCOUNT
show me in which situations can i ask for refunds,REFUND
help receiving a refund of money,REFUND
i dont have a account how could i register,ACCOUNT
how can i notify of an error with online payments,PAYMENT
i need help ot file a complaint against your company,FEEDBACK
want help to shop a few of ur article,ORDER
solve issue with payment,PAYMENT
i cannot inform of signup issues,ACCOUNT
is there an address to send a review about ur company,FEEDBACK
can i create a gold account,ACCOUNT
would it be possible to report problems with a signup,ACCOUNT
where do i check the early termination fees,CANCEL
help me sending my feedback for ur products,FEEDBACK
i call to get my invoice from,INVOICE
the new delivery address isnt valid can you help me,SHIPPING
i need help to know if there is anything new on my rebate,REFUND
i have to write a comment for a service how can i do it,FEEDBACK
information about a deliveryaddress change,SHIPPING
i dont know what i have to do to change to the account,ACCOUNT
im calling to leave a comment about a service,FEEDBACK
i have to contact an agent,CONTACT
i have missed some goddamn articles in purchase,ORDER
want help to inform of errors with a signup,ACCOUNT
id like to notify of a problem with a goddamn signup,ACCOUNT
i dont know wat i have to do to download my bill,INVOICE
i do not know how to speak with an opeator,CONTACT
is there a way to submit some feedback for ur services,FEEDBACK
i have paid for an order help me to obtain a refund,REFUND
i have to check in what cases can i ask for refunds,REFUND
need assistance receiving ur company newsletter,SUBSCRIPTION
how can i notify of problems with payment,PAYMENT
do you have a way to leave a review about your company,FEEDBACK
remove item from order,ORDER
i cant check if there is anything new on my restitution,REFUND
i call to submit feedback about ur services,FEEDBACK
when will i obtain a reimbursement of money,REFUND
would it be possible to cancel purchase,ORDER
i want assistance to inform of a problem with registrations,ACCOUNT
i need assistance to open a pro account for my dad,ACCOUNT
where can i get information about opening pro accounts,ACCOUNT
is there an address to send a comment about a product,FEEDBACK
assistance with cancelling purchase,ORDER
assistance to create another fucking freemium account,ACCOUNT
i dont know what i have to do to lodge a consumer claim,FEEDBACK
i do not know what i need to do to purchase something,ORDER
iwant assistance canceling order,ORDER
using pro accouny,ACCOUNT
help me to notify of issues with payment,PAYMENT
can i create a account for my fiance,ACCOUNT
i want to order some of your item i need help,ORDER
where to unsubscribe from the corporate newsletter,SUBSCRIPTION
i cannot register where do i report damn signup problems,ACCOUNT
can ya help me receive rebates,REFUND
assistance to check how soon can i expect the product,DELIVERY
i need to reocver my pass,ACCOUNT
notify of issues with online registration,ACCOUNT
could i check the withdrawal charge,CANCEL
i do not know how to check my refund current status,REFUND
want assistance listing your available payment options,PAYMENT
i expect a bloody rebate of was it processed already,REFUND
i wanthelp filing a customer complaint against ur company,FEEDBACK
i submitted a wrong address edit it,SHIPPING
i have got to talk to customer support,CONTACT
want help to check in what cases can i request refunds,REFUND
there is a problem trying to modify the delivery address,SHIPPING
how to swap a product of order,ORDER
i espect a goddamn reimbursement of,REFUND
i try to check what hours customer assistance available is,CONTACT
buying item,ORDER
i have to use the account will ya help me,ACCOUNT
i am experiencing a problem with the signup,ACCOUNT
i cant recerive the newsletter,SUBSCRIPTION
i need information about delivery periods,DELIVERY
i dont know what i have to do to cancel the account,ACCOUNT
i try to cancel order,ORDER
uhave a method to submit an opinion for ur company,FEEDBACK
i try to inform of issues with payments,PAYMENT
need assistance to leave my feedback about a service,FEEDBACK
i have to unsubscribe from the company newsletter,SUBSCRIPTION
canm you help me to update purchase,ORDER
help to unsubscribe frmo your company newsletter,SUBSCRIPTION
needc to talk to an assistant,CONTACT
i want help cancelling my newsletter subscription,SUBSCRIPTION
i need help seeing if there are any news on the rebate,REFUND
i try to check what hours i can contact customer support,CONTACT
i want assistance to set up a shipping address,SHIPPING
i cannot find the termination charge,CANCEL
what payment methods are accepted,PAYMENT
need to see what payment methods are available can uhelp me,PAYMENT
i have to see the withdrawal penalty,CANCEL
i do not know how to report issues with registrations,ACCOUNT
i want assistance to set up the new delivery address,SHIPPING
need to buy some of ur item,ORDER
problems with swapping some items of purchase,ORDER
where can i order some of ur article,ORDER
i want to write a comment about a service will you help me,FEEDBACK
assistance talking with a person,CONTACT
i need help seeing the withdrawal fee,CANCEL
assistance seeing if there is anything wrong with my refund,REFUND
can i delete a damn article from order,ORDER
can you help me check what delivery methods are there,DELIVERY
help me purchase some of your item,ORDER
need help to report problems with a registratoon,ACCOUNT
i need assistance opening a pro account for my daughter,ACCOUNT
i cannot afford purchase,ORDER
i entered a wrong shipping address can i edit it,SHIPPING
im trying to get in touch with bloody customer service,CONTACT
i need information about standard account cancellations,ACCOUNT
need assistance seeing when will my parcel arrive,DELIVERY
i dont know what i have to do to delete my account,ACCOUNT
want assistance talking with somebody,CONTACT
what do i ned to do to change to the account,ACCOUNT
i want to send feedback,FEEDBACK
i want help seeing the goddamn eta of purchase,ORDER
i have lost bill could you mail it to me,INVOICE
i need to unsubscribe from your newsletter,SUBSCRIPTION
help changing to the standard account,ACCOUNT
i have troubles setting up a secondary shipping address,SHIPPING
how do i receive reimbursements of my mopney,REFUND
where do i see what delivery methods are there,DELIVERY
is it possible to notify of issues with online payment,PAYMENT
can you help me demand a reimbursement of money,REFUND
i have got to use the profile help me,ACCOUNT
assistance seeing ur available payment options,PAYMENT
i want asistance to retrieve my fucking password,ACCOUNT
i need help with canceling purchase,ORDER
need help to lodge a complaint against your organization,FEEDBACK
i need help cancelling my bloody newsletter subscription,SUBSCRIPTION
could you help me speak to somebody,CONTACT
assistance to check how long it takes for my item to arrive,DELIVERY
i want help seeing how soon can i expect my goddamn order,DELIVERY
can you help me seeing your refund policy,REFUND
can you help me checking the termination charges,CANCEL
how can i purchase several of your article,ORDER
i have to use the pro account,ACCOUNT
how can i write a comment,FEEDBACK
correct details onpro account,ACCOUNT
i do not know what to do to inform of a signup issue,ACCOUNT
is it possible to report issues with online payment,PAYMENT
i do not know how to set up the deliivery address,SHIPPING
help creating user,ACCOUNT
i never use my account could i cancel it,ACCOUNT
how to notify of a trouble with online payments,PAYMENT
can you help me to restore the pass of my account,ACCOUNT
i want help to lodge a consumer reclamation,FEEDBACK
can you help me make a customer claim,FEEDBACK
mldifying standard account,ACCOUNT
assistance seeing your refund policy,REFUND
need to check what hours i can reach customer service,CONTACT
i do not know what to do to buy some of your product,ORDER
report a trouble wuth payments,PAYMENT
i need to see your damn money back policy how do i do it,REFUND
i have to leave a comment for your services help me,FEEDBACK
i dont know what to do to earn several items,ORDER
assistance lodging a customer claim,FEEDBACK
can you help me write a comment about your products,FEEDBACK
can you help me write an opinion about a product,FEEDBACK
correct information on proaccount,ACCOUNT
i cannot speak with an assistant,CONTACT
where to make a customer complaint against your company,FEEDBACK
help me to ask for a restitution of my money,REFUND
i have got to create a pro account,ACCOUNT
i need help lodging a complaint against your company,FEEDBACK
i have got to correct the user data can i get some help,ACCOUNT
i need informqtion about creating platinum accounts,ACCOUNT
where do i track order,ORDER
i want help talking to an operator,CONTACT
can you help me check the status of my compensation,REFUND
eta of oorder,ORDER
assistance to change the personal details,ACCOUNT
is it possible to inform of an issue with online payments,PAYMENT
want help acquiring a few of your article,ORDER
the shipping address changed is it possible to update it,SHIPPING
correct details on standard account,ACCOUNT
i dont know what i haqve to do to close a pro account,ACCOUNT
help me get the goddamn bill from,INVOICE
i want assistance filing a complaint against your company,FEEDBACK
where to earn several of your article,ORDER
can uhelp me subscribe to ur newsletter,SUBSCRIPTION
i do not know what to do to send feedback about ur products,FEEDBACK
i do not know how i can chat with an operator,CONTACT
i need to lodge a goddamn conplaint against your business,FEEDBACK
help to see how long it takes for my item to arrive,DELIVERY
where can i check the payment options,PAYMENT
help me make a customer claim against your company,FEEDBACK
can i see ur abailable payment methods,PAYMENT
help me to list the allowed payment modalities,PAYMENT
i do not know what i need to do to get invoice,INVOICE
im trying to see the cancellation fee,CANCEL
iwant assistance to leave my feedback,FEEDBACK
unsubscribe to company newsletter,SUBSCRIPTION
i try to see my restitution status,REFUND
i paid for an item help me receive my money back,REFUND
my address has changed i need help modifying it,SHIPPING
editing data on acocunt,ACCOUNT
find information about the termination of my account,ACCOUNT
i want to see when will my product arrive help me,DELIVERY
where could i reset my profile pin code,ACCOUNT
i do not know how i can check bill,INVOICE
can you help me seeing the withdrawal penalty,CANCEL
help me know if there are any news on my compensation,REFUND
i have a question about a lost pin code,ACCOUNT
showing me eta of purchase,ORDER
there is an error setting my new delivery address up,SHIPPING
how do i use the freemium profile,ACCOUNT
want help to retrieve my user account key,ACCOUNT
i need assistance giving a quick look at the bill,INVOICE
i need help checking your payment modalities,PAYMENT
can ya help me to switch to the account,ACCOUNT
how can i talk wiht customer service,CONTACT
buy some articles,ORDER
i dont know how to make a reclamation against ur company,FEEDBACK
changing details on account,ACCOUNT
what do i need to do to open a platinum account for my dad,ACCOUNT
uhave an address to submit an opinion about a product,FEEDBACK
i do not know how i can reoprt signup errors,ACCOUNT
i need help with canceling order,ORDER
i want assistance to look for my bill,INVOICE
assistance filing a consumer reclamation against ur business,FEEDBACK
i cannot understand you i have got to speak with someone,CONTACT
i do not know what i have to do to check te cancellation fee,CANCEL
assistance to leave some feedback,FEEDBACK
i dont understand you help talking to a goddamn person,CONTACT
i try to check what hours i can reach customer assistance,CONTACT
i need assistance to notify of an trouble with payment,PAYMENT
where do i open a standard account,ACCOUNT
need help to file an customer claim against ur organization,FEEDBACK
i want help asking for an reimbursement,REFUND
could uhlep me to change my goddamn address,SHIPPING
can you show me what payment methods are allowed,PAYMENT
how do i see what options for delivery are available,DELIVERY
i do not know what i need to do to notify of signup issues,ACCOUNT
i want to recover my account password,ACCOUNT
help to buy some articles,ORDER
where to modify my delivery address,SHIPPING
could i check when my package is gonna arive,DELIVERY
can ya help me to see the eta of purchase,ORDER
i want to know about my company newsletter subscription,SUBSCRIPTION
i have got to elave feedback about your products,FEEDBACK
i want to inform of a registration issue,ACCOUNT
i need to demand a rebate,REFUND
need to receive the damn newsletter will uhelp me,SUBSCRIPTION
i want to check in which cases can i request reimbursements,REFUND
i dont know how to talk to someone,CONTACT
i want to know about subscribing to your newsletter,SUBSCRIPTION
i do not know what i need to do to download the bill,INVOICE
i need assistance setting the secondary delivery address up,SHIPPING
how do i see hoq long the shipping takes,DELIVERY
help seeing the eta of the purchase00123842,ORDER
check cancellation fees,CANCEL
i need help getting my invoices from,INVOICE
can i lodge a consumer reclamaion against ur business,FEEDBACK
i want to make a consumer claim against your organization,FEEDBACK
want assistance to get the invoice,INVOICE
where can i lodge a bloody consumer claim against ur company,FEEDBACK
i do not know how i can enter a delivery address,SHIPPING
can you help me inform of a fucking signup issue,ACCOUNT
i need help giving a quick look at my invoice,INVOICE
i have a question about creating a freemium account,ACCOUNT
i need assistance to shop some articles,ORDER
i cant find the cancellation penalties can you help me,CANCEL
i need assistance to contact a human agent,CONTACT
assistance to see how long reimbursements usually take,REFUND
i am trying to report signup problems,ACCOUNT
i need help ordering several articles,ORDER
know if there is anything wrong with the refund,REFUND
i no longer want order how do i cancel it,ORDER
is it possible to order several of your article,ORDER
i cannot receive the company newsletter,SUBSCRIPTION
want assistance listing the accepted payment modalities,PAYMENT
edit ordr,ORDER
i dont know how i can chek the early exit charge,CANCEL
i want to change the information on my account i need help,ACCOUNT
help to get in touch with customer support,CONTACT
where can i check what hourw i can call customer support,CONTACT
can ya help me checking what methds for delivery ya offer,DELIVERY
awnna set my shipping address up,SHIPPING
direct to me an assisrant,CONTACT
i want help removing something from purchase,ORDER
where do i shop several of your product,ORDER
i dont know what i have to do to demad my money back,REFUND
will you show me how soon can i expect my purchase,DELIVERY
i want to see the allowed payment methods can you help me,PAYMENT
i dont know what i need to do to get invoice,INVOICE
i do not know what to do to see the compensation status,REFUND
can i see in what situations can i ask for reimbursements,REFUND
i need assistance talking with customer service,CONTACT
i cannotcancel my subscription to your corporate newsletter,SUBSCRIPTION
open a freemium acocunt,ACCOUNT
i dont know what to do to close my account,ACCOUNT
i need to see in what situations can i ask to be refunded,REFUND
problems setting up the shipping address,SHIPPING
cancel purchase00123842,ORDER
i have got to take a quick look at bill i need help,INVOICE
need asistance filing a consumer claim against your business,FEEDBACK
what do i have to do to remove a account,ACCOUNT
where do i see the withdrawal penalty,CANCEL
what do i have to do to talk to somebody,CONTACT
could i retrieve the access key of my profile,ACCOUNT
help to change to the standard account,ACCOUNT
can i check how soon can i expect my delivery,DELIVERY
how do i see what hours i can call customer assistance,CONTACT
want help speaking with a live agent,CONTACT
could uhelp me to contact an assistant,CONTACT
i would like to add something to purchase,ORDER
will you tell me what hours i can call customer assistance,CONTACT
how do i request a compensation of money,REFUND
i need assistance reporting problems with a signup,ACCOUNT
help getting my invoice,INVOICE
how much would ucharge me for breaking the contract,CANCEL
updating informtaion on account,ACCOUNT
i want to check the withdeawal charges,CANCEL
i need to receive the newsletter how do i do it,SUBSCRIPTION
help me checking the goddamn status of the compensation,REFUND
update data on gold account,ACCOUNT
i have to create a account i need assistance,ACCOUNT
want help to see my bilo from,INVOICE
i expect a rebate of was it processed,REFUND
can you help me enter my secondary shipping address,SHIPPING
can uhelp me to recover te pwd of my user,ACCOUNT
i want help to cancel purchase,ORDER
want assistance purchasing an article,ORDER
can i see order current status,ORDER
i need assistance to subscribe to your newsletter,SUBSCRIPTION
i want to add something to purchase help me,ORDER
what do i need to do to buy several items,ORDER
can you help me to change to the standard account,ACCOUNT
want help recovering the key of my account,ACCOUNT
want help tyo modify my shipping address,SHIPPING
i have lost my user account password how can i reset it,ACCOUNT
issues setting my new delivery address up,SHIPPING
i need help to file a consumer complaint,FEEDBACK
how to use the premium profile,ACCOUNT
i want to see the accepted payment methods,PAYMENT
i try to check in which cases can i ask for a refund,REFUND
how can i get refunds of my money,REFUND
list accepted payment methods,PAYMENT
i want help to check the accepted payment modalities,PAYMENT
can i check at what time i can reach customer service,CONTACT
is it possible to purchase some products,ORDER
what do i have to do to change my delivery address,SHIPPING
help me to see your accepted payment modalities,PAYMENT
i want assistance seeing how soon can i expect my parcel,DELIVERY
i cannot pay for purchase,ORDER
i want help to sdt up the new shipping address,SHIPPING
i want to track purchase how could i do it,ORDER
can i inform of rwgistration errors,ACCOUNT
i have to close my bloody standard account how to do it,ACCOUNT
help me leaving feedback,FEEDBACK
i need help changing to the platinum account,ACCOUNT
can uhelp me to create a standard account,ACCOUNT
where can i order somedthing,ORDER
need help to cancel a standard account,ACCOUNT
help checking the eta of order,ORDER
i don use my account i dont know how i can cancel it,ACCOUNT
i want help to talk to a person,CONTACT
i have got to download the bill how do i do it,INVOICE
modify order370795561790,ORDER
i have a trouble submitting a different shipping address,SHIPPING
help me delete an article from purchase,ORDER
how do i find bill,INVOICE
eta of purchase,ORDER
help me sending some feedback for a product,FEEDBACK
want help informing of a trouble with payment,PAYMENT
remove accoint,ACCOUNT
where to change to the standard accout,ACCOUNT
where could i acquire something,ORDER
help with opening a account,ACCOUNT
see invoicefrom,INVOICE
i want to check the eta of the purchase,ORDER
is it possible to write a comment about your company,FEEDBACK
i need assistance to check the cancellation fee,CANCEL
do uhave a free damn no to talk to customer service,CONTACT
can you help me open a freemium account,ACCOUNT
assistance obtaining a refund,REFUND
help me to chat with an agent,CONTACT
assistance to buy several of your product,ORDER
where do i restore my pass,ACCOUNT
i do not know what i have to do to speak with an operator,CONTACT
i have got to look for my invoice i need assistance,INVOICE
i want assistance to check how soon can iexpect my purchase,DELIVERY
i dont know how i can report registration errors,ACCOUNT
can you help me using the platinum account,ACCOUNT
i need help seeing the goddamn eta of purchae,ORDER
i try to receive a rebate of money,REFUND
using account,ACCOUNT
i try to talk with a person,CONTACT
i have to see at what time i can reach customer assistance,CONTACT
i do not know how to acquire several items,ORDER
i need supports correcting the shipping address,SHIPPING
want assistance checking how soon can i expect the product,DELIVERY
can you help me filing a claim against your organization,FEEDBACK
show your money back guarantee,REFUND
wanna see the options for delivery how to do it,DELIVERY
need help cancelling my subscription to ur newsletter,SUBSCRIPTION
i have a problem updating my delivery address,SHIPPING
complaint against ur company,FEEDBACK
want assistance to create an standard account,ACCOUNT
i call to make a consumer claim against your business,FEEDBACK
you arent helpful at all contact somebody,CONTACT
can you help me to locate the bill from,INVOICE
i need assistance to unsubscribeto the company newsletter,SUBSCRIPTION
where to unsubscribe from the fucking corporate newsletter,SUBSCRIPTION
can i get the bills from,INVOICE
what do i have to do to cancel a premium account,ACCOUNT
wanna send feedback about ur services ho can i do it,FEEDBACK
i want help to contact customer assistance,CONTACT
create platinum account for wife,ACCOUNT
help me to check the early exit few,CANCEL
i have got to restore my password,ACCOUNT
i cannot pay for the last purchase i have made cancel it,ORDER
how to see at what time i can contact customer service,CONTACT
can ya help me downloading the bill from,INVOICE
i want help to earn several of your item,ORDER
can i see in what situations can i request to be reimbursed,REFUND
i cant see your money back policy,REFUND
could i check the termination fee,CANCEL
what do i need to do to inform of isues with payments,PAYMENT
i want to know about editing my delivery address,SHIPPING
see the early exit penalties,CANCEL
help me see the eta of purchase,ORDER
how to check bill,INVOICE
i need help notifying of a problem with online payment,PAYMENT
i have an issue trying to change my shipping address,SHIPPING
seeing order status,ORDER
i need to see in what situations can i request my money back,REFUND
what do i have to do to open a platinum account,ACCOUNT
i need to see order bloody status can you help me,ORDER
is it possible to report an signup issue,ACCOUNT
want supports trying to modify the address,SHIPPING
need help using the freemium account,ACCOUNT
i need help to report problems with a registration,ACCOUNT
i need help to see the early exit fees,CANCEL
i do not know what to do to download my bill,INVOICE
what do i need to do to change to hte account,ACCOUNT
the secondary shipping address is not valid help me,SHIPPING
help to see the eta of purchase,ORDER
getting invoice,INVOICE
where do i lodge a custmoer reclamation,FEEDBACK
want assistnace to cancel my account,ACCOUNT
i want help to check how soon can i expect my package,DELIVERY
i want assistance creatinga standard account,ACCOUNT
i am trying to acquire several articles,ORDER
check what hours i can reach customer support,CONTACT
i dont know what i need to do to speak with an agent,CONTACT
i need to cancel a account could you help me,ACCOUNT
i have a question about creating a account,ACCOUNT
wanna set a shipping address up help me,SHIPPING
can you help me take a quick look at the invoice,INVOICE
help me see the eta of the order,ORDER
where can i get information about account deletions,ACCOUNT
is it possible to use the profile,ACCOUNT
i have a trouble changing the delivery address,SHIPPING
how to use the account,ACCOUNT
how can i swap several items of purchase,ORDER
i have to delete the fucking freemium account i need help,ACCOUNT
could i check in which cases can i ask to be reimbursed,REFUND
i dont know how i can get my goddamn invoice from,INVOICE
modify inof on account,ACCOUNT
wanna see my bill from,INVOICE
i call to check how long it takes for the item to arrive,DELIVERY
where do i cancel purchase,ORDER
i lost the pass of my user how do i recover it,ACCOUNT
i need help to contact an assistant,CONTACT
uhave a way to send an opinion about a product,FEEDBACK
i want to sign up to the newsletter help me,SUBSCRIPTION
make customer claim against your organization,FEEDBACK
get invoice from last purchase,INVOICE
how could i write a comment for your products,FEEDBACK
where do i get a reimbursement,REFUND
assistance purchasing a few of your item,ORDER
id like to add a prdouct to purchase will uhelp me,ORDER
where can i make a consumer claim,FEEDBACK
can i use the freemium rpofile,ACCOUNT
need help chatting with an agent,CONTACT
i need help to contact somebody,CONTACT
i dont want a bot transfer to me a damn operator,CONTACT
i do not know how to report issues with signup,ACCOUNT
is it possible to unsubscribe to the company newsletter,SUBSCRIPTION
i want to submit the shipping address,SHIPPING
could i delete an item from purchase,ORDER
i try to inform of a trouble with online payment,PAYMENT
i am trying to check the withdrawal charge,CANCEL
i have to check the termination fees,CANCEL
talk to an operator,CONTACT
is there an email to leave a review for a service,FEEDBACK
what do i need to do to swigch to the standard account,ACCOUNT
can ya help me see u refund policy,REFUND
need to report issues with registrations,ACCOUNT
how can i switch an item of order,ORDER
i want to restore my user profkle pwd,ACCOUNT
i dont know what i have to do to remove a account,ACCOUNT
i want help checking purchase status,ORDER
i cant retrieve my pass,ACCOUNT
wanna report problems with online payment,PAYMENT
i do not know how i can shop a few of ur product,ORDER
i do not know what i need to do to close afreemium account,ACCOUNT
assistance checking what hours i can call customer service,CONTACT
wanna downlpad my bill from,INVOICE
what do i need to do to call cusromer support,CONTACT
error setting up a damn new shipping address,SHIPPING
what is purchase status,ORDER
is it possible to check the termination charge,CANCEL
how to receive ur newseltter,SUBSCRIPTION
i do not know how to inform of payment problems,PAYMENT
i need assistance toacquire several products,ORDER
how can i check bill,INVOICE
i am trying to check how soon can i expect my purchase,DELIVERY
can i change to the account,ACCOUNT
could you help me retrieve the password of my user account,ACCOUNT
could you help me check the termination penalty,CANCEL
i try to delete the account,ACCOUNT
how long does it take for a damn article to arrive,DELIVERY
how od i order some articles,ORDER
i do not know what to do to delete the account,ACCOUNT
i have to see my refund current status will you help me,REFUND
what do i need to do to talk with a human agent,CONTACT
what do i have to do to use the standard account,ACCOUNT
i want assistance to demand compensations,REFUND
need assistance to set my secondary delivery address up,SHIPPING
i dont know how to inform of an issue with payments,PAYMENT
i need help taking a quick look at my bill,INVOICE
i try to file a consumer complaint against ur organization,FEEDBACK
help me to use the gold profile,ACCOUNT
can you help me see what delivery options i have,DELIVERY
i dont know what i have to do to contact a person,CONTACT
i do not know what i need to do to request a compensation,REFUND
assistance checking your reimbursement policy,REFUND
i dont know what i need to do to remove my standard account,ACCOUNT
i dont know how to download my bill,INVOICE
i do not know what to do to get my bills from,INVOICE
set my new shipping address up,SHIPPING
where can i update the shipping address,SHIPPING
i dont know how i could chat with a goddamn human agent,CONTACT
troubles with payments,PAYMENT
i dont know what i need to do to speak with a human agent,CONTACT
wanna get my bil from how could i do it,INVOICE
can you help me seeing the payment medthods,PAYMENT
i need help to look for the bills from,INVOICE
i have to download my bills from last weeks i need help,INVOICE
i need assistance to leave a review about your products,FEEDBACK
using standard account,ACCOUNT
im trying to obtain compensations,REFUND
what do i have to do to use the profile,ACCOUNT
i want assistance unsubscribing to the newsletter,SUBSCRIPTION
i dont know how to leave feedback about ur company,FEEDBACK
i want assistance to modify the shipping addresxs,SHIPPING
i have issues changing my shipping address,SHIPPING
help me to unsubscribe to the corporate newsletter,SUBSCRIPTION
help seeing in what cases can i request to be refunded,REFUND
i am waiting for a rebate fo dollars,REFUND
need to set my secondary delivery address up how do i do it,SHIPPING
talk with customer support,CONTACT
i try to list your accepted payment options,PAYMENT
can ya help me recovering my userprofile pass,ACCOUNT
i dont know what i have to do to make a customer complaint,FEEDBACK
i need help canceling purchase,ORDER
i cant pay can you help me notifying of payment errors,PAYMENT
shipmetns to,DELIVERY
i try to see in what cases can i request a reimbursement,REFUND
i need help to update my address,SHIPPING
how can i cancel the corporate newsletter subscription,SUBSCRIPTION
wanna change the user information can uhelp me,ACCOUNT
i want supports changing my address,SHIPPING
have a question about my account cancellation,ACCOUNT
i do not know how i can enter a different shipping address,SHIPPING
want help acquiring som items,ORDER
assistance to see when will my product arrive,DELIVERY
status of refund,REFUND
i need help to report a registration error,ACCOUNT
i want to inform of problems with payment,PAYMENT
i have got to use the profile how to do it,ACCOUNT
i do not know how i can list the available payment optrions,PAYMENT
need assistance to notify of an issue with signup,ACCOUNT
i dont know what i have to do to see the termination fees,CANCEL
i dont know what to do to contact a live agent,CONTACT
i have got to submit the secondary shipping address help me,SHIPPING
i need assistance writing a review for ur products,FEEDBACK
can i check when my package is gonna arrive,DELIVERY
how can i see my bill from,INVOICE
i want assistance to locatr my bill,INVOICE
the payment failed i want assistance to notify of a problem,PAYMENT
deleting account,ACCOUNT
i want to check at what time i can contact customer support,CONTACT
assistance checking the eta of the purchase,ORDER
show me your payment options,PAYMENT
where can i find information about a account deletion,ACCOUNT
i want to see how long it takes for the dewlivery to arrive,DELIVERY
how to file a customer reclamation,FEEDBACK
writing review for ur company,FEEDBACK
i need assistance to see the available payment modalities,PAYMENT
i have got to report a trouble with online payment,PAYMENT
i need help to correct the info on my user profile,ACCOUNT
i have issues updating the address,SHIPPING
support setting another shipping address up,SHIPPING
how do i create a bloody account for my father,ACCOUNT
help me adding some products to order,ORDER
i need help seeing order current status,ORDER
changing to premium account,ACCOUNT
i have to change an item of order will uhelp me,ORDER
do you have a method to submit some feedback for a product,FEEDBACK
i want to sign up to the corporate newsletter how to do it,SUBSCRIPTION
i dont want the fucking user profile howw to close it,ACCOUNT
tell me about correcting my shipping address,SHIPPING
i need assistance removign the gold account,ACCOUNT
i have to update order how to do it,ORDER
can i see in what situations can i request to be refunded,REFUND
i have paid for an article want helo getting a rebate,REFUND
want assistance informing of signup issuues,ACCOUNT
can you tell me more about my newsletter subscription,SUBSCRIPTION
i am waiting for a restitution of dollars,REFUND
where do i check what methods for delivery i can choose,DELIVERY
another standard account,ACCOUNT
can ya help me lodging an consumer complaint,FEEDBACK
how to recover my bloody access key,ACCOUNT
i need assistance tospeak with fucking customer support,CONTACT
can you help me to send feedback about your company,FEEDBACK
i do not knowhow i can list the payment options,PAYMENT
want help checking how soon can i expect myy product,DELIVERY
i need assistance to change to the account,ACCOUNT
i do not know how i can download the invoice,INVOICE
removing acconut,ACCOUNT
can ya help me checking when my package is gonna arrive,DELIVERY
what are the withdrawal charged,CANCEL
where could i sign up to the damn corporate newsletter,SUBSCRIPTION
im trying to find shpping period help me,DELIVERY
want assistance to inform of a problem with signup,ACCOUNT
i am looking for information about dselivery period,DELIVERY
can i check the status of purchase,ORDER
i need assistance resetting the pin of my profile,ACCOUNT
my goddamn delivery address has changed change it,SHIPPING
how to see the cancellation penalty,CANCEL
update gold account,ACCOUNT
i hav to change to the premium account help me,ACCOUNT
i have got to check the methods for shipment i need help,DELIVERY
help checking theearly exit charge,CANCEL
what do i need to do to change to the account,ACCOUNT
i am calling to make a complaint against your company,FEEDBACK
can uhelp me ti leave a damn review for a product,FEEDBACK
i cannot open a user help informing of signup problems,ACCOUNT
assistance to check how soon can i expect my purchase,DELIVERY
i need ehlp seeing the termination fees,CANCEL
can i report errors with a signup,ACCOUNT
i need help checking the termination fee,CANCEL
add some damn products to order,ORDER
i do not know what to do to request a reimbursement of money,REFUND
i dont knos how to check when my package is going to arrive,DELIVERY
i do not know what i have to do to locate bill,INVOICE
how to send some feedback about your company,FEEDBACK
i need assistance receiving ur newsletter,SUBSCRIPTION
help me report problems with online payment,PAYMENT
is it possible to cancel the subscription to the newsletter,SUBSCRIPTION
there is a trouble entering a secondary shipping addres,SHIPPING
i dont know how i can get refunds,REFUND
i dont know how i could report a problem with registrations,ACCOUNT
i need help checking how long the shipment takes,DELIVERY
i want assistance informing of a payment issue,PAYMENT
i dont know how to see how soon can i expect my parcel,DELIVERY
assistance to inform of an error with a registration,ACCOUNT
make purchase,ORDER
i want asisstance to speak with a person,CONTACT
help me to file a claim against ur organization,FEEDBACK
can uhelp me check in what situations cani ask for refunds,REFUND
semd me bill,INVOICE
i have a problem trying to edit my shipping address,SHIPPING
i dont know what to do to talk to customer service,CONTACT
want help to create a account for my fiance,ACCOUNT
help me to buy some products,ORDER
can uhelp me retrieving my user password,ACCOUNT
i need to earn a few of your article how do i do it,ORDER
how do i submit my secondary shipping address,SHIPPING
help to retrieve the pin code of my user profile,ACCOUNT
need assistance solving problems with payment,PAYMENT
i have got to see the shipping options help me,DELIVERY
i need help to see the early exit penalties,CANCEL
i have got to order some items can you help me,ORDER
i dont know how to see the early termination charges,CANCEL
help me notify of an issue with payment,PAYMENT
i try to list the accepted payment options,PAYMENT
i cant remember my bloody access key can i restore it,ACCOUNT
help to purchase a few of your item,ORDER
what do i have to do to make a complaint,FEEDBACK
i have to edit my personal information could you help me,ACCOUNT
i have a problem with the removal of my account,ACCOUNT
i mised a product in purchase,ORDER
how do i check when my shipment is going to arrive,DELIVERY
errors submitting my secondary shipping address,SHIPPING
i need to see the reimbursement status how can i do it,REFUND
i have an error trying to correct my address,SHIPPING
need help to check ur accepted payment modalities,PAYMENT
i do not know what to do to set up another delivery address,SHIPPING
i have to locate order could i get some help,ORDER
help to see the early termination charge,CANCEL
what do i have to do to download bill,INVOICE
i want help to check the early exit penalties,CANCEL
how to check the bill,INVOICE
i want help buying several articles,ORDER
assistanc to see what payment options are allowed,PAYMENT
how can i see if there is anything wrong with my rebate,REFUND
i am trying to see the payment options,PAYMENT
where can i resety my user profile pwd,ACCOUNT
help me get my bill from,INVOICE
i odnt know what i need to do to locate the invoice,INVOICE
i have got to create a account,ACCOUNT
help to make a customer complaint against your business,FEEDBACK
i lost the bill from mail it to me,INVOICE
i want assistance to ask for refunds,REFUND
wanna see how soon can i expect my parcel i need assistance,DELIVERY
how can i create a gold account for my fiance,ACCOUNT
what do i need to do to create a account,ACCOUNT
there are issues setting up the shipping address,SHIPPING
help checking the status of the restitution,REFUND
where can i buy some of your article,ORDER
can ya help me checking the withrawal fee,CANCEL
i need to see in what cases can i request to be refunded,REFUND
i neee assistance to report problems with online payment,PAYMENT
i have an issue setting up another shipping address,SHIPPING
i want assistance to send feedback for your services,FEEDBACK
i want to know more about receiging your company newsletter,SUBSCRIPTION
checking invoices from august,INVOICE
i do not know how to switch to the standard account,ACCOUNT
is it possible to submit feedback for ur services,FEEDBACK
want assistance informing of signup errors,ACCOUNT
recover the pin code of my account,ACCOUNT
i would like to close my gold account help me,ACCOUNT
i want help to talk to an assistant,CONTACT
i dont know what i have to do to speak to somebody,CONTACT
assistance cancelling the subscription to ur newsletter,SUBSCRIPTION
i do not kow how i could delete the goddamn standard account,ACCOUNT
is it possible to see how soon can i expect my delivery,DELIVERY
i want assistance sending my damn feedback for a product,FEEDBACK
need to check what shipment options i can choose help me,DELIVERY
i have to change an item of purchase help me,ORDER
i want help to notify oof issues with payment,PAYMENT
how to speak with somebody,CONTACT
i need help seeing the termination charges,CANCEL
i dont know how i can make a purchase,ORDER
can you help me see how soon can i expect the product,DELIVERY
need to checkin which situations can i ask to be refunded,REFUND
can you help me canceling the goddamn platinum account,ACCOUNT
help me modifying order,ORDER
i do not know what i have to do to file a claim,FEEDBACK
need help seeing what hours i can contact customer service,CONTACT
i have to set a shipping address up how can i do it,SHIPPING
help me editing the shipping address,SHIPPING
i want help seeing the restitution status,REFUND
wanna give an quick look at my bill i need assistance,INVOICE
i need assistance to change to the pro account,ACCOUNT
i want to see how long refunds take,REFUND
help me to make a customer claim,FEEDBACK
i need help to see how long the delivery takes,DELIVERY
i nmeed assistance calling customer support,CONTACT
could i report a signup issue,ACCOUNT
change information on freemium account,ACCOUNT
problems with deleting some productsfrom order,ORDER
where can i check order status,ORDER
where do i enter a different shipping address,SHIPPING
i want help to modify my user details,ACCOUNT
need help to see what payment options are allowed,PAYMENT
where can i send some feedback for ur company,FEEDBACK
i want assistance checking what delivery methods i have,DELIVERY
i dont know what to do to recover the pwd of my profile,ACCOUNT
can i submit feedback about your products,FEEDBACK
find information about lost access key,ACCOUNT
contact a fucking live agent,CONTACT
can you help me close a account,ACCOUNT
check under what circumstances can i ask for my money back,REFUND
assistance to inform of an issue with online payments,PAYMENT
help to make a consumer complaint,FEEDBACK
id like to unsubscribe from the newsletter i need help,SUBSCRIPTION
need assistance filing a reclamation against your company,FEEDBACK
my experience with you was awful lodge a bloody claim,FEEDBACK
need assistance to get my invoice,INVOICE
i have rpoblems setting the new delivery address up,SHIPPING
i want help to check the cancellation penalty,CANCEL
i dont know how i can see the termination penalties,CANCEL
i do not know what i need to do to chat with somebody,CONTACT
i have to see when will my purchase arrive help me,DELIVERY
i have got to leave a fucking opinion about a product,FEEDBACK
help to see my invoice,INVOICE
can you help me obtaining refunds,REFUND
how to submit my feedback about your company,FEEDBACK
i do not know what i need to do to speak with an operator,CONTACT
how do i speak with customer service,CONTACT
i am trying to inform of a problem with a signup,ACCOUNT
checking bill from,INVOICE
i do not know how i could leave some feedback for a product,FEEDBACK
i want to locate my invoices from how to do it,INVOICE
can i unsubscribe from the goddamn newsletter,SUBSCRIPTION
i have to check in which cases can i request a refund,REFUND
create freemium account for wife,ACCOUNT
need to add some items to order,ORDER
i do not know what i nee to do to see the invoice,INVOICE
i do not know how i could download the bill,INVOICE
i cant make a transfer help to inform of a payment error,PAYMENT
can uhelp me swap some items of order,ORDER
i want help to unsubscribe from the company newsletter,SUBSCRIPTION
how can i contact customer support,CONTACT
i ahve got to shop an article will uhelp me,ORDER
need assistance speaking to a human agent,CONTACT
help seeing the allowed payment modalities,PAYMENT
can you help me speaking with customer service,CONTACT
i need help with opening a account,ACCOUNT
can you help me to talk with an agent,CONTACT
can you show me in which cases can i request a refund,REFUND
i would like to create a account how can i do it,ACCOUNT
i have to notify of an issue with signup,ACCOUNT
i need assistance to submit feedback about a service,FEEDBACK
what si your money back guarantee,REFUND
i have to update purchase how could i do it,ORDER
could you help me notify of an issue with a registration,ACCOUNT
i need help recoveting my user profile key,ACCOUNT
i want assistance to reset the pin ocde of my user profile,ACCOUNT
what do i have to do to delete the account,ACCOUNT
i need to enter an different shipping address,SHIPPING
i need assistance checking the withdrawal charges,CANCEL
i need help to see what shipment options i have,DELIVERY
edit information on account,ACCOUNT
i have to spak to someone,CONTACT
i dont know what i have to do to earn a few of your item,ORDER
how to download the invoice from,INVOICE
how to subscribe to the corporate newsletter,SUBSCRIPTION
support submitting the deoivery address,SHIPPING
i havd to buy some products,ORDER
help me modify ym shipping address,SHIPPING
i have got to leave my feedback for ur company,FEEDBACK
help me to check in what cases can i request refunds,REFUND
open another account for mum,ACCOUNT
i wqant assistance checking purchase status,ORDER
i want to lodge a reclamation,FEEDBACK
i do not know how to inform of a trouble withpayments,PAYMENT
i want help reporting signup issues,ACCOUNT
see ur reimbursement policy,REFUND
i do not know hoow i could check ur reimbursement policy,REFUND
i do not know how to leave some feedback about a product,FEEDBACK
have a problem with cancelling order,ORDER
i dont know what to do to speak to an assistant,CONTACT
can you help me canceling purchase,ORDER
help me speaking to a live agent,CONTACT
i do not know how to check ur refund policy,REFUND
how to leave my feedback for a product,FEEDBACK
i dont know what i have to do to modify my delivery address,SHIPPING
i try to set up my goddamn shipping address,SHIPPING
i do not know how i can see the early termination penalty,CANCEL
i want herlp to update order,ORDER
i need to see my invoice how can i do it,INVOICE
i try to see in what situations can i request reimbursements,REFUND
i dont know how i could inform of an error with signup,ACCOUNT
editing info on pro account,ACCOUNT
i dont know how i can notify of a problem with payments,PAYMENT
i cant register can i notify of registration problems,ACCOUNT
can you help me to edit my account,ACCOUNT
where can i cancel the subscription to your newsletter,SUBSCRIPTION
i have got to download the bill how do i do it,INVOICE
there is a problem trying to edit my address,SHIPPING
cancelin standard account,ACCOUNT
want assistance to notify of problemswith a signup,ACCOUNT
want help to see in which cases can i request reimbursements,REFUND
i do not know what to do to reset my access key,ACCOUNT
i donot know how to check order status,ORDER
assistance to check order current status,ORDER
i do not know what to do to get the invoice,INVOICE
want assistance to report a trouble with online payments,PAYMENT
i want to sign up to your newsletter how do i do it,SUBSCRIPTION
help entering the delivery address,SHIPPING
i dont know how i can get the invoice,INVOICE
ido not know what i need to do to get the invoice,INVOICE
reporting troubles with online payment,PAYMENT
need to see my invoicesfrom,INVOICE
where can i get a reimbursement,REFUND
change information on standard account,ACCOUNT
i forgot the pin of my profile how could i reset it,ACCOUNT
i have to check when my item is gonnaarrive help me,DELIVERY
im waiting for a damn refund of,REFUND
i do not know how to create a platinum account for my dad,ACCOUNT
is it possible to check order current status,ORDER
i want help cancelling order,ORDER
help creating account,ACCOUNT
correct information on standard account,ACCOUNT
i dont know how i can see the eta of purchase,ORDER
i do not kinow how to contact a person,CONTACT
the experience with you was awful help me file a complaint,FEEDBACK
assistance seeing how soon can i exect my delivery,DELIVERY
what do i have to do to use the profile,ACCOUNT
i need supports trying to modify my delivery address,SHIPPING
i do not know what to do to speak to customer service,CONTACT
im trying to report issues with online payment,PAYMENT
i want assistance to notify of a signup error,ACCOUNT
i need assistance to find my bill from,INVOICE
i need assistance to notofy of signup errors,ACCOUNT
can uhelp me making a reclamation against ur business,FEEDBACK
where do i see when my item is going to arrive,DELIVERY
i have to speak with customer assistance how to do it,CONTACT
where do i cancel purchase,ORDER
can you help me to retrieve the pwd of my profile,ACCOUNT
i would like to create a pro account how do i do it,ACCOUNT
could you help me see my rebate status,REFUND
have a question about the cancellation of my account,ACCOUNT
help me usew the freemium account,ACCOUNT
add an item to order,ORDER
how could i swap some products of purchase,ORDER
i want assistance to see when will my purchase arrtive,DELIVERY
i do not know what to do to lodge an customer reclamation,FEEDBACK
want help to talk to customer service,CONTACT
seeing the available options for shipping,DELIVERY
canceling purchase,ORDER
i have got to take a quick look at my invoice,INVOICE
have a problem with a standard account cancellation,ACCOUNT
i do not know how i could open a account for my fiance,ACCOUNT
want help reporting issues with signup,ACCOUNT
what do i have to do to check when will my parcel arrive,DELIVERY
i want assistace trying to correct the shipping address,SHIPPING
help me to check what shipping methods you offer,DELIVERY
i want help to ask for my money back,REFUND
i have tounsubscribe from the newsletter help me,SUBSCRIPTION
where do i check what damn shipment options are available,DELIVERY
i need assistance changing to the premium account,ACCOUNT
i dont know what to do to purchase some of your article,ORDER
check order current status,ORDER
i am looking for information about correcting the address,SHIPPING
support trying to change my delivefy address,SHIPPING
i want assistance to remove a premium accojnt,ACCOUNT
i cant edit order,ORDER
help me to lodge a customer claim against ur organization,FEEDBACK
issue with payment,PAYMENT
how do i list the accepted payment options,PAYMENT
i want to see the allowed payment methods how can i do it,PAYMENT
wanna know more about correcting the deilvery address,SHIPPING
can uhelp me informing of problems with signup,ACCOUNT
i need to contact customer assistance how to do it,CONTACT
can i see at what time i can reach customer service,CONTACT
i need help with canxeling purchase,ORDER
i try to seehow long it takes for my package to arrive,DELIVERY
i do not knwo what i need to do to cancel order,ORDER
i would like to file a reclamation against your business,FEEDBACK
information about unsubscribing from ur corporate newsletter,SUBSCRIPTION
correct info on standard account,ACCOUNT
i am looking for information about the key retrieval,ACCOUNT
want help checking ur payment options,PAYMENT
how can i check the termination charge,CANCEL
help talking with someone,CONTACT
i dont know how to check the goddamn shipment methods,DELIVERY
there are errors trying to change the shipping address,SHIPPING
how to report bloody troubles with online payments,PAYMENT
can you help me to send some feedback for a product,FEEDBACK
how can i check what payment methods are allowed,PAYMENT
i dont know how i can check what shipping options you offer,DELIVERY
check under which circumstances can i request refunds,REFUND
help me making a complaint against your company,FEEDBACK
i do not know how to reset my user profile pin code,ACCOUNT
information about my fucking subscription to the newsletter,SUBSCRIPTION
want help creating a premium account for my dad,ACCOUNT
help me speaking with an assistant,CONTACT
support trying to update mh address,SHIPPING
i am having an online registration error,ACCOUNT
i have got to see the payment methods i need assistance,PAYMENT
want assistance to shop several of ur article,ORDER
i need help to see what payment options you accept,PAYMENT
im experiencing a registration error,ACCOUNT
could you help me seeing the status of my refund,REFUND
how can i give a quick look at my bills from,INVOICE
can you help me lodge a complaint against your organization,FEEDBACK
i want to see what payment options are availabl,PAYMENT
i need to see how soon can i expect my shipment,DELIVERY
i want to see when will my package arrive can you help me,DELIVERY
i want to see the termination fees can you help me,CANCEL
where do i file an customer claim against your organization,FEEDBACK
i need assistance opening a account,ACCOUNT
i want assistance to notify of an issue with payments,PAYMENT
i need help to notiyf of a registration problem,ACCOUNT
i have to unsubscribe to the company newsletter i need help,SUBSCRIPTION
what do i have to do to get the bill,INVOICE
i need assistance unsubscribing to the company newsletter,SUBSCRIPTION
can you help me to lodge a consumer claim,FEEDBACK
what do i need to do to change the address,SHIPPING
i do not know how i can leave feedback about your company,FEEDBACK
is there an address to leave a review for a service,FEEDBACK
i want help downloading the invoice,INVOICE
i try to check in what casescan i request a reimbursement,REFUND
i would like to see the termination penalties help me,CANCEL
i dont know how i can order a few of your article,ORDER
how do i report troubles with payments,PAYMENT
contacting agent,CONTACT
i cant unsubscrie to the newsletter,SUBSCRIPTION
i do not know how to report an issue wiht a signup,ACCOUNT
how do i list the allowed payment methods,PAYMENT
need assistance seeing the withdrawal penalty,CANCEL
is there a section to submit feedback for your company,FEEDBACK
im looking for information about thbe forgotten access key,ACCOUNT
i want to see the early exit penalty,CANCEL
i want to check how long the shipment taes how can i do it,DELIVERY
i want help closing a freemium account,ACCOUNT
id like to see if there is anything new on the refund,REFUND
i cannot switch a product of purchase,ORDER
assistance to check the accepted payment modalities,PAYMENT
need assistance seeing in which cases can i request a refund,REFUND
help me unsubscribnig to your company newsletter,SUBSCRIPTION
how do i check at what time i can call customer assistance,CONTACT
help me checking the early termination fees,CANCEL
i paid for an article i want my compensation,REFUND
i need help talking to a live agent,CONTACT
how to see at what time customer service available is,CONTACT
i do not know what to do to locate invoice,INVOICE
how to see the rebate current status,REFUND
is it possible to reset my pass,ACCOUNT
im trying to speak with a human agent,CONTACT
i am trying to remove a product from order,ORDER
help to lodge a customer claim against ur organization,FEEDBACK
where do i unsubscribe to your company newsletter,SUBSCRIPTION
i want assistance to see how soon can i expect the item,DELIVERY
what do i have to do to check the status of the rebate,REFUND
issues setting up another shipping address,SHIPPING
switching to account,ACCOUNT
i paid for a product is it possible to get a refund,REFUND
assistance to retrieve my user pin,ACCOUNT
modifying account,ACCOUNT
i want assistance canceling order,ORDER
where can i set up another shipping address,SHIPPING
im not happy wirh ur services file a complaint,FEEDBACK
changing data on pro account,ACCOUNT
i need assistance trying to edit my delivery address,SHIPPING
what do i have to do to submit my shipping address,SHIPPING
cancelling account,ACCOUNT
i dont know what i need to do to obtain a refund of my money,REFUND
how do i locate order,ORDER
getting bill from,INVOICE
cancellation penalty,CANCEL
i have to cancel purchase,ORDER
i have got to talk to bloody customer support i need help,CONTACT
where do i check the withdrawal penalties,CANCEL
want help obtaining reimbursements ofmy money,REFUND
i need assistance seeing when will my parcel arrive,DELIVERY
i want assistance entering my new shipping address,SHIPPING
i dont know how to check what methods for delivery are there,DELIVERY
i cannot check if there is anything new on the rebate,REFUND
help me to check the current status of the compensation,REFUND
help me see in what situations can i request a reimbursement,REFUND
problems with cancelling purchase,ORDER
how do i earn several of your article,ORDER
i have got to edit my personal information can uhelp me,ACCOUNT
i do not know what i need to do to buy an product,ORDER
i need help checking when my parcel is going to arrive,DELIVERY
help me file a claim agazinst ur company,FEEDBACK
where can i notify of problems with signup,ACCOUNT
problem with cancelig order,ORDER
probem with the termination of a platinum account,ACCOUNT
i want supports trying to edit the delivery address,SHIPPING
how to download the bill from,INVOICE
i want assistance to check when will my purchase arrive,DELIVERY
where to create a platinum account for my dad,ACCOUNT
how do i check the options for shipment,DELIVERY
iwant to report an issue with online payments,PAYMENT
supports editing the address,SHIPPING
help me sde how soon can i expect my item,DELIVERY
find my bill from,INVOICE
is it possible to set the delivery address up,SHIPPING
i want assistance checking the allowed payment methods,PAYMENT
can you help me to restore my access key,ACCOUNT
i have got to list the allowed payment modalities help me,PAYMENT
can uhelp me checking the payment optgions,PAYMENT
i want help checking order current status,ORDER
i cannot sign up assistance reporting fucking signup issues,ACCOUNT
i want to open a new goddamn account how do i do it,ACCOUNT
change to the premium account,ACCOUNT
i do not know what i need to do to sign up to the newsletter,SUBSCRIPTION
i am trying to submit my secondary delivery addrerss,SHIPPING
i paid for this item help obtaining a reimbursement,REFUND
wanna notify of errors with signup,ACCOUNT
assistance to request a reimbursement of my money,REFUND
where can i see how long the shipping takes,DELIVERY
how can i file a reclamation against ur company,FEEDBACK
i no longer need my damn account how do i delete it,ACCOUNT
i have to see the bloody eta of order i need help,ORDER
can i see in what cases can i ask for a reimbursement,REFUND
i want helpto see your refund policy,REFUND
i do not know what i need to do to get my invoice,INVOICE
where could i see when my delivery is going to arrive,DELIVERY
can you help me report problems with a signup,ACCOUNT
i have glt to receive the newsletter help me,SUBSCRIPTION
help unsubscribing from your newsletter,SUBSCRIPTION
i have to check in which cases can i ask to be refunded,REFUND
i have got to request my damn money back,REFUND
i have got to leave a comment for a product how do i do it,FEEDBACK
need assistance to see the withdrawal fee,CANCEL
need assistance leaving feedback about ur company,FEEDBACK
i do not know how i can notify of an error with payments,PAYMENT
where to notify of an error with signup,ACCOUNT
can i switch to the account,ACCOUNT
where can i set the new delivery address up,SHIPPING
i have paid for this order where to get a rebate,REFUND
why i cant set up my new shipping address valid,SHIPPING
how do i add some articles to purchase,ORDER
what do i have to do to report signup errors,ACCOUNT
i am waitig for a damn reimbursement of dollars,REFUND
do you have a section to send feedback about a service,FEEDBACK
help me seeing the termination fees,CANCEL
help me to inform of a registration issue,ACCOUNT
assistance to shop a few of your item,ORDER
is there an email toleave feedback for your company,FEEDBACK
would it be possible to locate the invoice from,INVOICE
i want to write a review about your company how do i do it,FEEDBACK
need assistance ordering some of ur item,ORDER
i have to see the eta of the order help me,ORDER
i have got to se how long the shipment takes how to do it,DELIVERY
wanna find the invoices from how can i do it,INVOICE
wanna oldge a claim against ur company will uhelp me,FEEDBACK
i need assistance to get rebates,REFUND
i do not know how to track the restitution,REFUND
i want information about the termination of a account,ACCOUNT
i want to inform of problems with signup,ACCOUNT
i have to create a premium account for my fiance,ACCOUNT
how to file a consumer claim against your company,FEEDBACK
i do not know how to check how soon can i expect the parcel,DELIVERY
im trying to see in what cases can i ask for my money back,REFUND
i am unsatisfied with your service how do i make a claim,FEEDBACK
need assistance getting refunds of moey,REFUND
i try to make a reclamation against your organization,FEEDBACK
help me to see what delivery options i have,DELIVERY
i have got to use the profile i need help,ACCOUNT
how could i see the shipment options,DELIVERY
i try to track order,ORDER
can i see order status,ORDER
where to set up my new shipping address,SHIPPING
i cant add some articles to purchase,ORDER
can i check in what cases can i ask for a reimbursement,REFUND
check under what circumstaces can i request a goddamn refund,REFUND
i missed some products in order,ORDER
i have to get the bill will huelp me,INVOICE
the payment failed i need assistance to notify of issues,PAYMENT
i want to check how long the shipment takes,DELIVERY
notify of trouble with payment,PAYMENT
i want to inform of problems with signup,ACCOUNT
i have got to speak to a person,CONTACT
change details on account,ACCOUNT
lodging customer complaint against your company,FEEDBACK
correcting details on account,ACCOUNT
can i open a freemium account,ACCOUNT
i have got to locate purchase help me,ORDER
need help with cfanceling order,ORDER
i want help checking in which cases can i ask for refunss,REFUND
i need assistance making a claim against your organization,FEEDBACK
need to see hte goddamn early exit penalty how to do it,CANCEL
id liek to check the invoices from how to do it,INVOICE
i have got to see the available payment methods i need help,PAYMENT
wanna correct order,ORDER
i do not know what i have to do to speak with a live agent,CONTACT
i no longer want order,ORDER
i want assistance seeing the early termination fee,CANCEL
can you help me to talk to somebody,CONTACT
could i submit my secondary shipping address,SHIPPING
i try to switch to the standard account,ACCOUNT
i want assistance earning some products,ORDER
i need help with cancelling purhase,ORDER
can i talk with an operator,CONTACT
have a question about the deletion of my account,ACCOUNT
want help to see in what cases can i ask for reimbursements,REFUND
i dont know how i cqn report bloody signup issues,ACCOUNT
i have a question about the termination of a freemium acount,ACCOUNT
want help to get my money back,REFUND
i dont know how i could report a payment problem,PAYMENT
need to see in which situations can i ask for refunds,REFUND
informing of errors opening user profile,ACCOUNT
shipping addtess trouble,SHIPPING
i cannot create a freemium accounmt for my daughter,ACCOUNT
when will i obtain my rdbate of money,REFUND
i need assistance to check when will my article arrive,DELIVERY
how to reportr an error with signup,ACCOUNT
i cannot pay help me to inform of a problem with payments,PAYMENT
i do not know what to do to cancel order,ORDER
change data on standard account,ACCOUNT
report issues with registration,ACCOUNT
how to give a quick look at the bill from,INVOICE
where to see the early termination fees,CANCEL
what do i have to do to update my deliverey address,SHIPPING
i want to see your damn money back policy i need help,REFUND
ihave a question about my pin recovery,ACCOUNT
reporting registration issue,ACCOUNT
i want help filing a customer claim against ur company,FEEDBACK
how do i change my address,SHIPPING
i dont know how i could talk to customer support,CONTACT
can you help me receive your corporate newsletter,SUBSCRIPTION
what do i have to do to submit the new delivery address,SHIPPING
i need help to change my shipping address,SHIPPING
i have got to get my goddamn bills from,INVOICE
where to request reimbursements,REFUND
can you help me leaving a comment about a service,FEEDBACK
i paid for these products how to receive a refund,REFUND
where can i restore the pin of my user,ACCOUNT
i need to earn several articles,ORDER
csn ya help me reset the password of my account,ACCOUNT
i cannot notify of issues with signup,ACCOUNT
i want assistance to inform of issues with registrations,ACCOUNT
where to check what shipment options i have,DELIVERY
i do not know how to send feedback about your services,FEEDBACK
my card did not work i want to report issues with payments,PAYMENT
i cant open an account where do i report a signup issue,ACCOUNT
i have got to edit my goddamn account could you help me,ACCOUNT
problems with pro account terminations,ACCOUNT
change data on account,ACCOUNT
want assistance to check the withdrawal fees,CANCEL
i am trying to see the accepted payment options,PAYMENT
problem with freemium account cancellations,ACCOUNT
want help to see what payment methods are allowed,PAYMENT
i need to cancel my damn newsletter subscription help me,SUBSCRIPTION
can you help me seeing the methods for shipping,DELIVERY
i need assistance to dfownload my invoice,INVOICE
inform of errors with signup,ACCOUNT
help me to obtain rebates of money,REFUND
what do i have to do to receive the newsletter,SUBSCRIPTION
i want help to see the early termination charge,CANCEL
i have to open a platinum account,ACCOUNT
i cant check the status of purchase,ORDER
help to check the status of my subscription to ur newsletter,SUBSCRIPTION
how can i find information about openinga pro account,ACCOUNT
the delivery address changed,SHIPPING
i do not know how i can see the terminationpenalty,CANCEL
updating information on account,ACCOUNT
where can i check the withdrawal fees,CANCEL
want help to list ru payment modalities,PAYMENT
wanna check theavailable payment options,PAYMENT
modifying details on platinum account,ACCOUNT
how can i reset the goddamn access key of my profile,ACCOUNT
i have got to acquire several items i need help,ORDER
how to shop some articles,ORDER
assistance seeing in which cases can i request refunds,REFUND
order 732201349959current status,ORDER
can ya help me to check when my product is gonna arrive,DELIVERY
can ya help me seeing if there is anything new on the refund,REFUND
receive company newsletter,SUBSCRIPTION
how do i use the premium account,ACCOUNT
where could i check the current status of the compensation,REFUND
i have to look for the bill from ten months ago,INVOICE
i want support trying to change the address,SHIPPING
where to ask for a rebate of money,REFUND
help me to inform of troubles with online payments,PAYMENT
i need to submit the secondary shipping address,SHIPPING
i am looking for the shipping periods i need assistance,DELIVERY
modifying data on platinum account,ACCOUNT
there are issues setting up a secondary shipping address,SHIPPING
i want to see my refund current status help me,REFUND
have a question about the methods for shipment,DELIVERY
i need to recover my user account access key,ACCOUNT
can you help me get my invoice,INVOICE
i need assistance to demand a reimbursement,REFUND
how do i use the gold profile,ACCOUNT
i cant afford my last item cancel purchase,ORDER
help me making a consumer claim against your company,FEEDBACK
i try to check what hours i can call customer service,CONTACT
correcting info on premium account,ACCOUNT
need help seeing what damn payment options are accepted,PAYMENT
would it be possible to close a cacount,ACCOUNT
i do not know what i have to do to list the payment options,PAYMENT
how do i know if there are any updates on my rebate,REFUND
need assistance tonotify of a trouble with payments,PAYMENT
i have got to cancel my subscription to your newsletter,SUBSCRIPTION
i dont know what i need to do to see the shipment options,DELIVERY
is it possible to locate my damn bill from,INVOICE
i entered a wrong address update it,SHIPPING
i want help downloading my invoice from,INVOICE
i want information about a delivery address correction,SHIPPING
what do i need to do to report troubles with online payment,PAYMENT
can i talk with an agent,CONTACT
i need assistance requesting a restitution of money,REFUND
is it possible to notify of signup errors,ACCOUNT
help to correct the goddamn info on my user account,ACCOUNT
could you help me to send my feedback for your products,FEEDBACK
i try to see in what cases can i request a refund,REFUND
i have to take a quick look at my invoice from,INVOICE
were can i cancel purchase,ORDER
i want assistance to call customer support,CONTACT
i want help talking with a live agent,CONTACT
i do not know what to do to download the bioll,INVOICE
i dont know what to do to locate my bill from,INVOICE
i am trying to check how soon can i expect the damn shipment,DELIVERY
where do i see the status of order,ORDER
find ionvoice,INVOICE
i have to see whay hours i can call customer support,CONTACT
help me checking my bills from,INVOICE
there are troubles editing my shipping address,SHIPPING
i do not know what i need to do to acquire a product,ORDER
i need to see the invoices from can you help me,INVOICE
is it possible to set my shipping address up,SHIPPING
how can i recover my user account pin,ACCOUNT
i have got to get in touch with customer support help me,CONTACT
do uhavea tollfree number to speak to customer assistance,CONTACT
i have got to update my delivery address,SHIPPING
new account for wife,ACCOUNT
assistance seeing what hours i can call customer service,CONTACT
order current status,ORDER
where do i check the eta of purchase,ORDER
i need to retrieve my user pin could you help me,ACCOUNT
would it be possible to retrieve my profile access key,ACCOUNT
where can i check the early exit charges,CANCEL
help me to receive the bloody newsletter,SUBSCRIPTION
i need assistance to enter m secondary delivery address,SHIPPING
i want help canceling thecompany newsletter subscription,SUBSCRIPTION
need help to notify of an issue with payments,PAYMENT
i do not know how to notify of a trouble with payment,PAYMENT
can i contact customer assistance,CONTACT
i want assistance to look for my invoice,INVOICE
i want help to switch to the standard account,ACCOUNT
help me check what hours i can call customer assistancr,CONTACT
i cant open a user account help me report signup errors,ACCOUNT
what are the penalties for breaking the contract,CANCEL
i want help to check ur reimbursement policy,REFUND
i want to send feedback about your company,FEEDBACK
wanna see how soon can i expect the shipment help me,DELIVERY
i do not know what to do to purchase several products,ORDER
i want assistance seeing what shipping options you offer,DELIVERY
i do not know how to take a qauick look at my invoice,INVOICE
want help to send my feedback for your rpoducts,FEEDBACK
help me check what delivery options you offer,DELIVERY
i try to inform of an error with online payments,PAYMENT
changing details on premium account,ACCOUNT
what do i need to do to reover my account pin,ACCOUNT
where to get my bill,INVOICE
what do i need to do to file a claim against your business,FEEDBACK
i have an issue setting a new delivery address up,SHIPPING
where can i report a signup issue,ACCOUNT
assistance to get invoice,INVOICE
troubles modifying address,SHIPPING
i lost the bill from send it to me,INVOICE
help notifying of an error with payment,PAYMENT
seeing accepted payment modalities,PAYMENT
where to purchase several articles,ORDER
editing information on platinum account,ACCOUNT
assistance to check in whih cases can i ask for refunds,REFUND
can i close a platinum account,ACCOUNT
question about my account cancellation,ACCOUNT
where to update the shipping address,SHIPPING
is it possible to send some feedback about your company,FEEDBACK
assistance to see the eta of order,ORDER
can i see your allowed payment methods,PAYMENT
help me lodge a consumer claim against ur organization,FEEDBACK
i have to use the profile,ACCOUNT
i am trying to check the damn withdrawal penalty,CANCEL
help me removing a product from order,ORDER
i want assistance to inform of an error with online payment,PAYMENT
check the early termination fee,CANCEL
i need assistance trying to edit my shipping address,SHIPPING
can you help me to recober the pin of my account,ACCOUNT
help me to switch several articles of order,ORDER
i try tosee under what circumstances can i ask for refunds,REFUND
what do i have to do to edit my goddamn profile,ACCOUNT
want assistance to check the eta of purchase,ORDER
inform of a registration problem,ACCOUNT
i cant speak with a person,CONTACT
tell me about cancelling the subscription to your newsletter,SUBSCRIPTION
i need to see in what situations can i ask to be reimbursed,REFUND
i need help to see when will my article arrive,DELIVERY
where can i find information about my pro account removal,ACCOUNT
someone has stolen my user account key help to restore it,ACCOUNT
order a few of your article,ORDER
i want a account,ACCOUNT
help me earning a few of your product,ORDER
i try to retrieve my profile access key,ACCOUNT
help to receive rebates of money,REFUND
i cant edit my damn shipping address,SHIPPING
where do i notify of issuse with signup,ACCOUNT
i am trying to list your payment modalities,PAYMENT
i need to receive your newsletter help me,SUBSCRIPTION
can uhelp me looking for the bills from,INVOICE
i cant retrieve my account eky,ACCOUNT
want help knowing if there are any updates on my refund,REFUND
i would like to know more about the options for shipment,DELIVERY
want assistance checking your available payment methods,PAYMENT
there is an error trying to update my address,SHIPPING
i am not happy with your work help to file a reclamation,FEEDBACK
i have got to check when will my parcel arrive i need help,DELIVERY
i cant check the current status of purchase,ORDER
want help filing a cudtomer claim against ur organization,FEEDBACK
i do not know how to see the withdrawal penalties,CANCEL
open a platinum acount for my dad,ACCOUNT
how can i see what delivery options you offer,DELIVERY
remove item from order,ORDER
i want assistance to file a customer reclamagion,FEEDBACK
i do not know how to acquire some of your article,ORDER
i need to see how soon can i expect my damn order,DELIVERY
help swapping some products of order,ORDER
how to edit order,ORDER
i am looking for the shipping options help me find them,DELIVERY
send me bill,INVOICE
i have got to unsubscribe to your newsletter help me,SUBSCRIPTION
question about the lost password,ACCOUNT
i nee assistance to use the standard profile,ACCOUNT
can you help me asking for refunds,REFUND
is it possible to switch to the freemium account,ACCOUNT
want assistance informing of a trouble with payment,PAYMENT
i want assistance changing to the pro account,ACCOUNT
i need help to see the allowee payment options,PAYMENT
how can i obtain refunds of my money,REFUND
i need to add a product to purchase help me,ORDER
can i retrieve my prfile pin code,ACCOUNT
where can i see what shipping methods are available,DELIVERY
what do i need to do to get my invoices from,INVOICE
find information about my access key retrieval,ACCOUNT
i do not know what to do to acquire several of ur item,ORDER
editing information on premium account,ACCOUNT
i want to see the delivery methods help me,DELIVERY
is it possible to locate my bill from,INVOICE
can you help me unsubscribing from the corporate newsletter,SUBSCRIPTION
help with a delivery address correction,SHIPPING
assistance setting up my secondary delivery address,SHIPPING
i have to see how long it takes for the package to arrive,DELIVERY
help to modify the fucking information on my profile,ACCOUNT
modify info on gold account,ACCOUNT
uare not helpful help me talk wity a bloody assistant,CONTACT
need help resetting the password of my user account,ACCOUNT
i don want order id like to cancel it,ORDER
how can i obtain goddamn rebates of my money,REFUND
i want help to write a opinion for ur products,FEEDBACK
contact live agent,CONTACT
assistance to check ur refund pollicy,REFUND
where do i file a customer complaint againwt your company,FEEDBACK
help me sending my feedback about your services,FEEDBACK
want assistance notifying of errors with payments,PAYMENT
i have got to use the profile,ACCOUNT
were can i set the secondary delivery address up,SHIPPING
i do not know what to do to speak with an assistant,CONTACT
can uhelp me speak with an operator,CONTACT
where do i edit my delivery address,SHIPPING
can you send me my bill from,INVOICE
where can i see the current status of purchase,ORDER
help with canceling purchase,ORDER
i dont know what i have to do to close a platinum account,ACCOUNT
where to file a customer complaint against ur business,FEEDBACK
idont use my account want assistance to remove it,ACCOUNT
need assistance canceling my subscription to ure newsletter,SUBSCRIPTION
you are not helpful i want assistance talking with someone,CONTACT
what do i have to do to download invoice,INVOICE
order several of your article,ORDER
what do i need to do to see your payment methods,PAYMENT
i have got to shop a damn item how to do it,ORDER
how could i check when my package is going to arrive,DELIVERY
want assistance demanding compensations fo money,REFUND
i submitted a wrong shipping address i awnt to change it,SHIPPING
can you help me speaking to an assistant,CONTACT
can you help me checking the early exit fees,CANCEL
is it possible to check how soon can i expect the item,DELIVERY
i have lost the bill from mail it to me,INVOICE
i dont know how to change to the standard account,ACCOUNT
i want to send my feedback i need assistance,FEEDBACK
where do i check how long it takes for my article to arrive,DELIVERY
i want to check the termination penalty help me,CANCEL
can i leave some feedback for a service,FEEDBACK
i cannot locate order,ORDER
i dont know what to doto check ur accepted payment options,PAYMENT
find information about the termination of a platinum account,ACCOUNT
i dont know how to inhform of a problem with signup,ACCOUNT
i lost the pin of my user i want help to retrieve it,ACCOUNT
i would like to check your money back guarantee help me,REFUND
i need to ask for a rebate of my money,REFUND
could ya help me infofming of a signup issue,ACCOUNT
want assistance to check your refund policy,REFUND
i want assistance to create a freemium account,ACCOUNT
need help to see how long it takes for my shipment to arrive,DELIVERY
canceling standard account,ACCOUNT
what do i have to do to close a premium account,ACCOUNT
i do not know how to obtain a restitution of my money,REFUND
could you help me to see how soon can i expect the article,DELIVERY
i dont kno how to request a refund of my money,REFUND
need assistance seeing the cancellation penalty,CANCEL
im trying to enter the secodnary shipping address,SHIPPING
i want help unsubscribing from the company newsletter,SUBSCRIPTION
i want to correct order will you help me,ORDER
i need help to see what hours i can reach customer support,CONTACT
check allowed payment methods,PAYMENT
need to leave an opinion for a pfoduct can i get some help,FEEDBACK
i need to retrieve my user accountpin,ACCOUNT
want assistance changing my user details,ACCOUNT
help notifying of issues with payments,PAYMENT
why i cannot set up a new delivery address valid,SHIPPING
i want assistance to download the invoices from,INVOICE
i expect a bloody reimbursement of dollars,REFUND
can ya help me to inform of problems with signup,ACCOUNT
support submitting the delivery address,SHIPPING
want help checking what shipping methods i can choose,DELIVERY
where do i leave some feedback about a product,FEEDBACK
open a account for my dad,ACCOUNT
i dont know what i need to do to acquire some of your item,ORDER
is it possible to giev a quick look at the bill,INVOICE
i want help updating the details included on my user account,ACCOUNT
how to check the early exit penalties,CANCEL
i have got to cancel purcahse,ORDER
help to sign up to your company newsleyter,SUBSCRIPTION
there is an issue entering my delivery address,SHIPPING
i am trying to set up the fucking delivery address,SHIPPING
where can i see what delivery methods i have,DELIVERY
is it possible to check purchase status,ORDER
see in what cases can i request refunds,REFUND
could i cancel my corporate newsletter subscription,SUBSCRIPTION
i have a problem correcting the address,SHIPPING
could you tell me more about opening platinum accounts,ACCOUNT
i habe a problem with my pin retrieval,ACCOUNT
i have troubles trying to update the address,SHIPPING
i need help to create a platinum account,ACCOUNT
where can i get information about opening a account,ACCOUNT
assistance to submit my feedback for urproducts,FEEDBACK
i need to see the payment options can you help me,PAYMENT
how do i see what hours i can contact customer assistance,CONTACT
i cant find the termination charge,CANCEL
i have an question about the payment,PAYMENT
can you help me modifying my delivery address,SHIPPING
i do not know how i can change my delivery address,SHIPPING
i do not know what i need to do to correct my address,SHIPPING
what do i need to do to acquire some of your product,ORDER
where can i order some articles,ORDER
report problems with payment,PAYMENT
can ya help me seeing the terminatio penalties,CANCEL
what do i need to do to buy sxome products,ORDER
i need help to leave a goddamn opinion about a product,FEEDBACK
help checking when my article is going to arrive,DELIVERY
how do i inform of payment issues,PAYMENT
can i enter a secondary shipping address,SHIPPING
i try to edit the data on my user account,ACCOUNT
i want to see how long the shipping takes,DELIVERY
help me to open a premium account for my daughter,ACCOUNT
i do not know how i can get in touch with customer service,CONTACT
i do not know what todo to chat with a live agent,CONTACT
assistance to report an error with a signup,ACCOUNT
i do not know how i can switch to the standard account,ACCOUNT
there are problems tring to correct my address,SHIPPING
where do i see ur accepted payment options,PAYMENT
the experience with you was too bad help me lodge a claim,FEEDBACK
i dont know how to make a claim against your organization,FEEDBACK
creating user,ACCOUNT
find information about the delivery period,DELIVERY
i dont know what i have to do to reset the pass of my user,ACCOUNT
i want aswistance to close a account,ACCOUNT
i call to download my bills from,INVOICE
want assistance asking for refunds of money,REFUND
i have to check when will my product arrive,DELIVERY
i need help to leave my feedback for a product,FEEDBACK
can you help me to correct the delivery address,SHIPPING
need assistance to see how soon can i expect my order,DELIVERY
help seeing if there is anything wrong with the rebate,REFUND
can i make a customer reclamation against ur company,FEEDBACK
assistance setting another delivery address up,SHIPPING
want help senxing feedback for ur services,FEEDBACK
can you help me reset my profile access key,ACCOUNT
whatdo i have to do to create a goddamn account,ACCOUNT
what do i have to do to sign up to the newsletter,SUBSCRIPTION
can uhelp me restore the password of my user profile,ACCOUNT
where do i find the invoice from,INVOICE
can uhelp me submitting my feedback for a producvt,FEEDBACK
need to create an account,ACCOUNT
i want to check the shipping options can i get some help,DELIVERY
can ya help me modify the shipping address,SHIPPING
i do not know how i can see how long the shipment takes,DELIVERY
i want help to swap several products of purchase,ORDER
i have got to look for my bill,INVOICE
where can i see the withdrawal penalty,CANCEL
i cannot find the withdrawal prnalties,CANCEL
need assistance notifying of a signup issue,ACCOUNT
help to restore the pin code of my profile,ACCOUNT
need help earning several of your article,ORDER
i have problems with cancelling purchase,ORDER
i dont know how to inform of troubles with online payments,PAYMENT
need assistance to cancel purchase,ORDER
when will i obtain a rebate of money,REFUND
where can i locate my invoices from,INVOICE
can i sign up to the corporate newsletter,SUBSCRIPTION
need help lodging a consumer claim against your organization,FEEDBACK
i want assistance checking when will my product arrive,DELIVERY
i need help to send my feedback for your company,FEEDBACK
i need assistance downloading my invoices from,INVOICE
how could i switch several articles of purchase,ORDER
updating information on platinum account,ACCOUNT
want assistance checking ohw soon can i expect my parcel,DELIVERY
i have to locate bill can you help me,INVOICE
i need assistance opening a account for my daughter,ACCOUNT
i need assistance locating order,ORDER
how to shop a few of ur article,ORDER
where could i see when my order is gonna arrive,DELIVERY
i do not know what to do to switch to the account,ACCOUNT
acquire afew of ur item,ORDER
delete freemium acvount,ACCOUNT
i cant enter my fucking delivery address,SHIPPING
need help to see when my purchase is gonna arrive,DELIVERY
where can i find information about the methods for shipment,DELIVERY
look for my invoice from,INVOICE
i try to see how soon can i expect my fucking package,DELIVERY
question about a pass recovery,ACCOUNT
want help to report an error with payments,PAYMENT
i cant chat with an operator,CONTACT
i want help seeing in which situations can i ask for refunds,REFUND
im waiting for a restitution of,REFUND
need to use the platinum profile,ACCOUNT
how to edt order,ORDER
need to inform of issues wiht a signup can ya help me,ACCOUNT
i dont know what i need to do to talk with a live agent,CONTACT
leave comment about a service,FEEDBACK
help me creating a account,ACCOUNT
i have to see ur refund policy will ya herlp me,REFUND
i call to check how long it takes for my parcel to arrive,DELIVERY
can you help me change my shipping address,SHIPPING
i ahve to report problems with signup,ACCOUNT
i have troubles modifying my address,SHIPPING
i have to call customer service could you help me,CONTACT
help me canceling my newsletter subscription,SUBSCRIPTION
i need to change some articles of order,ORDER
help me seeing your allowed payment modalities,PAYMENT
help lodging a claim against ur business,FEEDBACK
problem with changing purchase,ORDER
i have got to check the shipment methods how to do it,DELIVERY
i dont know how to modify the data included on my profile,ACCOUNT
i need assistance with a shipping address update,SHIPPING
i have got to track purchase,ORDER
i try to rettieve my profile access key,ACCOUNT
how do i see at what time i can recah customer service,CONTACT
getting bill,INVOICE
i want help acquiring a product,ORDER
check bill,INVOICE
assistance to order some of ur item,ORDER
can you give me information about a password retrieval,ACCOUNT
need to correct the bloody details included on my account,ACCOUNT
how can i inform of problems with payments,PAYMENT
im waiting for a refund of,REFUND
notifying of errors creating user,ACCOUNT
can i add several articles to order,ORDER
contactingassistant,CONTACT
help to use the profile,ACCOUNT
could ya help me to report an isue with payment,PAYMENT
there is an issue changing the shipping address,SHIPPING
i want assistance to notify of troubles with payments,PAYMENT
what do i have to do to inform of problems with payments,PAYMENT
i am trying to unsubscribe from the company newsletter,SUBSCRIPTION
i paid dollars for this order i need a compensation,REFUND
help me seeing if there are any updates on the reimbursement,REFUND
i have to swap some items of purchase help me,ORDER
need help contacting customer service,CONTACT
i have an issue setting the shipping address up,SHIPPING
can you help me to check order status,ORDER
i try to check when will my article arrive,DELIVERY
i do not know what i have to do to chat with somebody,CONTACT
assistance canceling the newsletter subscription,SUBSCRIPTION
when can i expect a refund,REFUND
can you help me check your goddamn reimbursement policy,REFUND
i try to submit some feedback for your company,FEEDBACK
i try to see if there are any news on my reimbursement,REFUND
i want assistance reporting a problem with signup,ACCOUNT
can i check under which circumstances can i request a refund,REFUND
need help informing of problems with online payment,PAYMENT
where to correct my shipping address,SHIPPING
i need to check the status of purchase,ORDER
i need help sending my feedback for a service,FEEDBACK
i have got to change to the standard account i need help,ACCOUNT
i do not know what to do to create a account,ACCOUNT
i do not know what to do tro cancel order,ORDER
can i check the termination fee,CANCEL
i have an issue modifying the shipping address,SHIPPING
create standard account for wife,ACCOUNT
can you help me make a complaint against your company,FEEDBACK
i expect a refund of has it been processed,REFUND
i lost my invoice from find it for me,INVOICE
need to swap an article of purchase,ORDER
can you help me correct my goddamn shipping address,SHIPPING
new acount for wife,ACCOUNT
edit info on premium accunt,ACCOUNT
i need help to reset the pwd of m account,ACCOUNT
how do i receibe a compensation of money,REFUND
i cant open a profile i need help to report signup errors,ACCOUNT
help to know if there are any news on my restitution,REFUND
i need assistance switching to the account,ACCOUNT
assistance seeing the bloody eta of the purchase,ORDER
i do not know how i can leave some feedback for ur company,FEEDBACK
i want help trying to update my shipping address,SHIPPING
i do not know what i need to do to send some damn feedback,FEEDBACK
assistance seeing if there is anything new on the rebate,REFUND
i have to see when my item is going to arrive help me,DELIVERY
what do i need to do to get my bill from,INVOICE
i dont know how i can download my invoice,INVOICE
i have got to check how soon can i expect the goddamn order,DELIVERY
correcting data on pro account,ACCOUNT
need assistance to write a review about ur copany,FEEDBACK
i have to check how sion can i expect the package,DELIVERY
how do i order a product,ORDER
help me to order several articles,ORDER
im calling to see when my delivery is gonna arrive,DELIVERY
wanty assistance checking my goddamn bill from,INVOICE
i dont know how to update my delivery address,SHIPPING
can uhelp me look for invoice,INVOICE
wanna nusubscribe from the company newsletter,SUBSCRIPTION
id like informatoin about opening platinum accounts,ACCOUNT
clsoe gold account,ACCOUNT
is there an email to submit some feedback for a product,FEEDBACK
i want assistance lodging a claim against your company,FEEDBACK
i need help restoring myt user profile pin code,ACCOUNT
can you help me to reset the pin code of my user,ACCOUNT
how can i notify of problems with online payments,PAYMENT
is it possible to unsubscribe from the company newsletter,SUBSCRIPTION
can yahelp me contacting customer support,CONTACT
how can i create a account,ACCOUNT
i have got to see order status i need assistane,ORDER
assistance to speak with an agent,CONTACT
i have to change ot the account how can i do it,ACCOUNT
wanna check how long reimbursenents take how to do it,REFUND
can ya help me to purchase a few of ur article,ORDER
i do not know how to demand a reimbursement,REFUND
id like to make a customer reclamation against ur business,FEEDBACK
i need assistance to change the delivery address,SHIPPING
can you show me what shipping options i have,DELIVERY
wanna see order status acn ya help me,ORDER
i need to enter another shipping address could you help me,SHIPPING
i need assistance getting in touch with customer support,CONTACT
assistance to see what shipping options i can choose,DELIVERY
i need to check what shipment options i can choose,DELIVERY
their is a problem trying to correct my delivery address,SHIPPING
i need to leave some feedback can i get some help,FEEDBACK
i do not know how i can write a comment about a service,FEEDBACK
i am trying to receive a compensation,REFUND
where do i set up the new delivery address,SHIPPING
need aasistance reporting a problem with goddamn signup,ACCOUNT
wanna know more about opening a account,ACCOUNT
can you help me order several products,ORDER
help to ccreate a goddamn account,ACCOUNT
where can i reset the access key of my user profile,ACCOUNT
where could i receive your company newsletter,SUBSCRIPTION
i need help checking the withdrawal charges,CANCEL
is it possible to file a customer complaint,FEEDBACK
where do i notify of an error with signup,ACCOUNT
need assistance unsubscrbiing from the corporate newsletter,SUBSCRIPTION
i have a problem trying to correct the shipping address,SHIPPING
need help closing the account,ACCOUNT
ya have a section to send a comment for ur services,FEEDBACK
i want help to shop some bloody articles,ORDER
can i check how long it takes for the product to arrive,DELIVERY
is there a way to send an opinion for ur products,FEEDBACK
can you help me to unsubscribe to your corporate newsletter,SUBSCRIPTION
change info on account,ACCOUNT
delete acvount,ACCOUNT
find information about a lost password,ACCOUNT
need to submit a secondary shipping address how to do it,SHIPPING
i do not know how to check bill,INVOICE
i have a problem with the removal of my standard account,ACCOUNT
can i see thed status of my subscription to ur newsletter,SUBSCRIPTION
how can i get information about updating order,ORDER
acn you help me changing something of purchase,ORDER
you are not being helpful how can i chat with an assistant,CONTACT
i do not know what i need to do to chat with a live agent,CONTACT
someone has stolen my pin code could you help me reset it,ACCOUNT
i am waiting for a reimbursement of,REFUND
can you help me speaking with a human agent,CONTACT
i want help looking for my bills from,INVOICE
what do i need to do to see the termination fee,CANCEL
delete a product from order,ORDER
subscription to ur corporate newsletter,SUBSCRIPTION
i have got to see how long the shipment takes i need help,DELIVERY
where to see when will my parcel arrive,DELIVERY
can you help me seeing the early termination charges,CANCEL
i want to check when will my product arrive how do i do it,DELIVERY
assistance to inform of issues with payments,PAYMENT
help swapping an article of purchase113542617735902,ORDER
wanna see ur money back plicy,REFUND
help me see if there are any news on the rebate,REFUND
i cant create a user where to notify of signup errors,ACCOUNT
where could i get information about account deletions,ACCOUNT
i need assistance to see the early termination penalty,CANCEL
switch to another user,ACCOUNT
get invoice,INVOICE
help to speak with aj assistant,CONTACT
i do not know wht i have to do to check the bill,INVOICE
need help to see in which cases can i ask for my money back,REFUND
i need information about my standard account deletion,ACCOUNT
i need assistance to check the early termination fee,CANCEL
what do i need to do to change to the platinum account,ACCOUNT
creating account,ACCOUNT
help me check the eta of the order,ORDER
submit product review,FEEDBACK
refunding,REFUND
updating details on standard account,ACCOUNT
i cant see if there is anything new on the refund,REFUND
help to check invoice,INVOICE
help me earning several of ur item,ORDER
can i see how long it usually takes for my item to arrive,DELIVERY
ii need help downloading the invoices from,INVOICE
could ya help me notifying of problems with a registration,ACCOUNT
want assistance to receive an refund of my money,REFUND
can you help me to delete something from order,ORDER
i dont know what i need to do to get my invoice,INVOICE
i need to buy an aricle,ORDER
im not registered im trying to create a bloody acount,ACCOUNT
iam looking for information about opening a account,ACCOUNT
i have a problem with the removal of a account,ACCOUNT
i want assistance to change to the gold account,ACCOUNT
can you help me check in which cases can i request a refund,REFUND
need help seeing in which situations can i request refunds,REFUND
i have to enter my secondary delivery address i need help,SHIPPING
i dont know how to speak to a human agent,CONTACT
information about cancel the company newsletter subscription,SUBSCRIPTION
how ot edit order,ORDER
i made a mistake help me to modify order,ORDER
want assistance seeing ur payment methods,PAYMENT
i do not know how i could get in touch with customer support,CONTACT
i have to check the cancellation penalty,CANCEL
could you help me request a compensation of my money,REFUND
im trying to write a review for ur company,FEEDBACK
i need helprestoring my user access key,ACCOUNT
how to see when will my purchase arrive,DELIVERY
i have to speak with customer support can you help me,CONTACT
could you help me retrieving my user profile pin code,ACCOUNT
inform of problems with payments,PAYMENT
can you show me in what situations can i ask for refunds,REFUND
assistance to earn several of your item,ORDER
can you tell me about updating my fucking shipping address,SHIPPING
i do not know whgat to do to set my shipping address up,SHIPPING
i dont know what to do to cancel purchase,ORDER
i would like to check the status of my rebate,REFUND
i expect a reimbursement of dollars,REFUND
help recovering my userpassword,ACCOUNT
i do not need the platinum account i have got to cancel it,ACCOUNT
is it plssible to locate my invoice from,INVOICE
i try to download bill,INVOICE
is it possible to see your payment options,PAYMENT
could you help me create a standard account for my daughter,ACCOUNT
i do not know how i can create a account,ACCOUNT
i want help making a ucstomer claim against your company,FEEDBACK
i need information about the removal of my platinum account,ACCOUNT
changing info on freemium account,ACCOUNT
i need assistance to cancel my account,ACCOUNT
want help to swap several items of purchase,ORDER
i dont know how to check when will my purchase arrive,DELIVERY
i have got to edit my damn user could i get some help,ACCOUNT
can you tell me about updating the shipping address,SHIPPING
assistance seeing the early exit charges,CANCEL
can i lodge a claim against ur business,FEEDBACK
remove standard account,ACCOUNT
opening account,ACCOUNT
how to talk to a fucking person,CONTACT
assistance to see your allowed payment options,PAYMENT
in whichsituations can i ask for a refund,REFUND
help to report a payment error,PAYMENT
help speaking to a human agent,CONTACT
i cant sign up i need to inform of signup erroprs,ACCOUNT
want help to notify of troubles with payment,PAYMENT
i want help to see my rebate current status,REFUND
i dont know what i have to od to download my invoice,INVOICE
i cannot understand you i need help speaking to someone,CONTACT
is there a method to submit a review for ur company,FEEDBACK
want help to enter a new delivery address,SHIPPING
can ya tell me about an address correction,SHIPPING
i have got to order a few of your item how do i do it,ORDER
i need help to notify of payment errors,PAYMENT
how can i submit some feedback forur services,FEEDBACK
where to inform of errorswith registrations,ACCOUNT
how to remove an item from order,ORDER
want asistance checking the eta of the order,ORDER
can you help me talking with customer assistance,CONTACT
i dont know what i need to do to change to the gold account,ACCOUNT
i want help to see your payment modalities,PAYMENT
i have lost the key of my account i want to reset it,ACCOUNT
wanna edit order,ORDER
i try to edit my address,SHIPPING
how do i delet some items from order,ORDER
question about cancelling purchase,ORDER
checking invoice from september,INVOICE
problem with swappingt some articles of purchase,ORDER
want help signing up to your newsletter,SUBSCRIPTION
the experience with ur brand ws bad how to make a complaint,FEEDBACK
help to see at what time i can contact customer support,CONTACT
password recovery,ACCOUNT
can you help me to order several articles,ORDER
i cannot make a payment i need help notifying of errors,PAYMENT
can ya help me requesting a rebate of my money,REFUND
i can no longer pay for purchase,ORDER
i do not know how i can inform of issues with online payment,PAYMENT
i have to unsubscribe to your newsletter i need help,SUBSCRIPTION
help me to check the withdrawal charges,CANCEL
i have to speak with customer support,CONTACT
how can i send my feedback about ur services,FEEDBACK
i dont know what to do to obtain a compensation,REFUND
i need assistance to unsubscribe from the newsletter,SUBSCRIPTION
cancelling premium account,ACCOUNT
my card did not work help to inform of payment issues,PAYMENT
i want to see how soon can i expect my parcel how to do it,DELIVERY
can you help me tyo send my feedback for a service,FEEDBACK
what do i need to do to buy several goddamn articles,ORDER
can you help me changing to the platinum account,ACCOUNT
i need assistance informing of an issue with registrations,ACCOUNT
assistance to file a customer claim,FEEDBACK
need to give a quick look at invoice how to do it,INVOICE
i have paid for an item help to obtain a rebbate,REFUND
where to check what shipping methods are there,DELIVERY
i dont know how to contact an agent,CONTACT
how long until i get my money back,REFUND
where do i seed the early exit charge,CANCEL
could you help me leave feedback about a product,FEEDBACK
i want help adding an item to purchase,ORDER
i do not know what to do to see the termination charge,CANCEL
correct data on account,ACCOUNT
want assistance cancelling order,ORDER
i want help acquiring an article,ORDER
want help to file a customer claim against ur company,FEEDBACK
where is order,ORDER
show me in what cases can i ask for refunds,REFUND
mldifying pro account,ACCOUNT
help me see in what situations can i request refunds,REFUND
can i see how long the shipping takes,DELIVERY
i want helpchecking what hours i can call customer service,CONTACT
i have to purchase several of your product i need help,ORDER
i have to see the status of my rebate how to do it,REFUND
how do i see the eta of order,ORDER
can you help me submitting a delivery address,SHIPPING
help to see inwhich situations can i ask to be refunded,REFUND
how to see the status of order,ORDER
send me invoice from,INVOICE
remove several items from purchase,ORDER
how to see what payment options you accept,PAYMENT
can you help me solve issues with online payments,PAYMENT
i dont know how to demand a rebate of money,REFUND
i do not know how to close my account,ACCOUNT
i do not know what i need to do to get the bill,INVOICE
were to cancel my subscription to the newsletter,SUBSCRIPTION
i need assitance to find my bloody bill from,INVOICE
i try to check in which situations can i ask for a refund,REFUND
i dont know what i need to do to speak to customer service,CONTACT
i have an issue entering a new shipping address,SHIPPING
i aint registered yet i need to create a damn pro account,ACCOUNT
im trying to cancel my account,ACCOUNT
can i pay witj visa,PAYMENT
is it possible to check what shipping methods i have,DELIVERY
can you help me switch an item of order,ORDER
check purcase current status,ORDER
help me seeing how long it takes for the delivery to arrive,DELIVERY
i have to see how long it takes for my product to arrive,DELIVERY
i try to talk to an assistant,CONTACT
where to check what payment payment modalities you accept,PAYMENT
i need help canceling order,ORDER
i need assistance reporting issues with signup,ACCOUNT
what do i have to do to see the early exit fee,CANCEL
check in which situations can i request reimbursements,REFUND
i need to file a customer claim how do i do it,FEEDBACK
help me to talk to an operator,CONTACT
want assistance checking how soon can i expect my parcel,DELIVERY
i cant update my address,SHIPPING
have a problem with creating a platinum account,ACCOUNT
could iplace an order from,DELIVERY
i have got to earn a product i need help,ORDER
i have got to see the refund current status how do i do it,REFUND
i have got to download my invoice how do i do it,INVOICE
update data on pro account,ACCOUNT
i need assistance removing my pro account,ACCOUNT
i dont know how i can inform of signup problems,ACCOUNT
how to change to the account,ACCOUNT
i want assistance to correct my address,SHIPPING
id likke to locate the bill,INVOICE
help me to recover my pin,ACCOUNT
i have to buy some of yout item,ORDER
how do i subscribe to the corporate newsletter,SUBSCRIPTION
i am trying to lodge a customer reclamation,FEEDBACK
help registering,ACCOUNT
would you give me information about the shipping period,DELIVERY
i cannot set up my shipping address,SHIPPING
i need assistance to see the early termination charges,CANCEL
download invoices from,INVOICE
errors setting up a secondary shipping address,SHIPPING
is it possible to ordet from,DELIVERY
i have problems with the shipment methods,DELIVERY
how to get my bills from,INVOICE
i do not know what to do to remove a premium account,ACCOUNT
chnge data on account,ACCOUNT
could i delete a item from purchase,ORDER
need to write an review about a service,FEEDBACK
problems submitting the shipping address,SHIPPING
is it possible to see when my product is going to arrive,DELIVERY
i do not know how to buy several of ur item,ORDER
i try to lodge a reclamation against ur business,FEEDBACK
how can i contact a human agent,CONTACT
could you help me seeing when my parcel is going to arrive,DELIVERY
wanna igve a quick look at the bill,INVOICE
i paid for this order could you help me get a rebate,REFUND
how to send some feedback for a service,FEEDBACK
getting invoices from june,INVOICE
i would like to see the delivery options could you help me,DELIVERY
assistance with opening a standard account,ACCOUNT
how do i create a standard account,ACCOUNT
i do not know whzt to do to inform of a problem with payment,PAYMENT
i have to check in which cases can i request my money back,REFUND
i dont know how i can switch to the acount,ACCOUNT
i have a question about the removal of a account,ACCOUNT
i want to see in which cases can i ask to be reimbursed,REFUND
changing information on platinum account,ACCOUNT
i do not know what i have to do to update the address,SHIPPING
need assistance correcting the address,SHIPPING
i want assistance speaking with an assistant,CONTACT
where could i obtain compensations of money,REFUND
check in what situations can i request to be reimbursed,REFUND
can i inform of signup problems,ACCOUNT
i want to check when my delivery is going to arrive,DELIVERY
chat with a human agent,CONTACT
can you tell me what payment methods you accept,PAYMENT
i do not know what to do to talk with an operator,CONTACT
i need to call customer support how do i do it,CONTACT
i do not know how i can subscribe to your company newsletter,SUBSCRIPTION
i want assistance giving a quick look at my invoice,INVOICE
i am trying to see when my article is gonig to arrive,DELIVERY
where do i know if there is anything wrong with my rebate,REFUND
mail me bill,INVOICE
is there an address to leave a comment for a service,FEEDBACK
question about changing purchaes,ORDER
i dont know how i can speak with an operator,CONTACT
can you help me talk to customer assistance,CONTACT
i do not know how to look for the invoice,INVOICE
could uhelp me to unsubscribe to ur corporate newslette,SUBSCRIPTION
do uhave a tollfree number to talk to customer assistance,CONTACT
i want assistance solving problems with online payments,PAYMENT
i dont kno how i can get my invoice,INVOICE
i do not know how i can get a compensation of money,REFUND
could you help me cancel a gold account,ACCOUNT
change order,ORDER
assistance to check how soon can i exepct the purchase,DELIVERY
there are troubles trying to modify my dfelivery address,SHIPPING
need assistance cancelinv purchase,ORDER
can i check how long it takes for my delivery to arrive,DELIVERY
i dont know how to see what delivery methods i have,DELIVERY
i cant sign up want assistance to report a signup issue,ACCOUNT
i would like to locate order i need help,ORDER
how to make an reclamation against your company,FEEDBACK
where to see what shipment options i have,DELIVERY
problems with canceling purchase,ORDER
assistance to submit a different shipping address,SHIPPING
assistance lodging a customer reclamation against ur copany,FEEDBACK
need help to take a quick look at my invoice from,INVOICE
how couldi see how long it takes for my package to arrive,DELIVERY
i have got to recover my user pwd,ACCOUNT
i cant subscribe to ur newsletter,SUBSCRIPTION
help to check what options for delivery are there,DELIVERY
can you help me to correct the shipping address,SHIPPING
i cannot sign up to your corporate newsletter,SUBSCRIPTION
help submitting feedback about a service,FEEDBACK
assistance seeing the status of my newsletter subscription,SUBSCRIPTION
i need to get the bill how do i do it,INVOICE
is it possible to obtain reimbursements of my money,REFUND
i want to sign up to your corporate newsletter,SUBSCRIPTION
use account,ACCOUNT
how do i submit some goddamn feedback for a product,FEEDBACK
need to see at what time i can contact customer service,CONTACT
i do not know what to do to submit feedback for a service,FEEDBACK
i have errors trying to pudate my shipping address,SHIPPING
what do i have to do to submit the goddamn shipping address,SHIPPING
help downloading invoice,INVOICE
i try to change my personal info,ACCOUNT
i want help to contact customer assistance,CONTACT
i have to correct purchase can you help me,ORDER
i have to see how soon can i expect the article help me,DELIVERY
i have to submit feedback about a service i need assistance,FEEDBACK
i have to subscribe to the neesletter help me,SUBSCRIPTION
i have got to speak with an operator,CONTACT
want help reporting an error with online payments,PAYMENT
help me to lodge a reclamation against your company,FEEDBACK
help me to see when will my item arrive,DELIVERY
assistance seeing how soon can i expect the shipment,DELIVERY
get inviice from,INVOICE
i need help acquiring some prdoucts,ORDER
i have problems with opening a pro account,ACCOUNT
can uhelp me see the eta of purchase,ORDER
can you help me talking with an operator,CONTACT
give me information about opening a account,ACCOUNT
i do not know how i can check the status of my rebate,REFUND
i do not know what i have to do to get my invoice,INVOICE
i do not know what to do to get my invoices from,INVOICE
where do i get the bills from,INVOICE
i do not know how i could casncel order,ORDER
i try to see in what cases can i ask for a refund,REFUND
i do not know how to get myinvoice,INVOICE
help checkinjg the eta of order,ORDER
i do not know how i can send some feedback for a service,FEEDBACK
want help receiving a restitution of my money,REFUND
my credit card was declined i have to report payment errors,PAYMENT
i dont know how to get my invoices from,INVOICE
can you help me contact somebody,CONTACT
need assistance to see when my item is going to arrive,DELIVERY
is there a section to leave feedback about a service,FEEDBACK
where to request compensations of money,REFUND
where to open a account,ACCOUNT
i want assistance to speak with a human agent,CONTACT
assistance canceling order,ORDER
need assistance to speak with somebody,CONTACT
can you help me speaking with someone,CONTACT
how can i see when my delivery is going to arrive,DELIVERY
i try to check in which cases can i ask to be reimbursed,REFUND
what shipping methods do i have,DELIVERY
i need help seeing what hours customer support available is,CONTACT
see my restitution current status,REFUND
i need help restoring the pin of my profile,ACCOUNT
i need help to enter the delivery adress,SHIPPING
i need assistance acquiring some rpoducts,ORDER
help me see the current status of the refund,REFUND
could you help me seeing how soon can i expect the article,DELIVERY
i want to file a customer reclamation how do i do it,FEEDBACK
i do not know how i can obtain rebates of my money,REFUND
i am trying to find the shipping perod,DELIVERY
download invoice from,INVOICE
i want to check in which situations can i request refunds,REFUND
is there a section to leave some feedack for ur services,FEEDBACK
where do i subscribe to ur corporate newsletter,SUBSCRIPTION
support correcting my address,SHIPPING
need to get a rebate of my money,REFUND
i want assistance notifying of an error with online payment,PAYMENT
what do i need ot do to reset my user pin,ACCOUNT
i cannot recover my user pin,ACCOUNT
can utell me about the delivery periods,DELIVERY
create new freemium account for daughter,ACCOUNT
i want help checking the accepted payment modalities,PAYMENT
their is an error trying to update the shipping address,SHIPPING
i do not know what i have to do to check the withdrawal fee,CANCEL
what is the charge for breaking the contract,CANCEL
i dont know what i need to do to delete a standard account,ACCOUNT
can ya help em inform of a trouble with online payments,PAYMENT
i have to see in what situations can i ask to be reimbursed,REFUND
i need help to see my compensation status,REFUND
i have to request a compensation of my money,REFUND
i want help seeing what delivery options i can choose,DELIVERY
i donot know how to recover my pwd,ACCOUNT
i dont know what to do to downlod bill,INVOICE
i have to download the bill from,INVOICE
i want help ti use the freemium account,ACCOUNT
can you help me to find the bill,INVOICE
i need help demanding a compensation,REFUND
i dont know how to see what delivery options i have,DELIVERY
help to file a complaint against ur company,FEEDBACK
help me see your azllowed payment modalities,PAYMENT
what do i have to do to speak to customer assistance,CONTACT
i do not know what i need to do to get retsitutions of money,REFUND
i want to see under what circumstances can i ask for refunds,REFUND
i try to see how soon can i expect the parcel,DELIVERY
what do i have to do to list the accepted payment options,PAYMENT
i do not know how to correect the address,SHIPPING
question about cancellung purchase,ORDER
i have got to purchase sone articles,ORDER
i have got to receive the corporate newsletter i need help,SUBSCRIPTION
want help checkin ur accepted payment methods,PAYMENT
can you tell me what hours customer support available is,CONTACT
what do i have to do to report issues with a signup,ACCOUNT
i dont know what i have to do to receive thenewsletter,SUBSCRIPTION
i am trying to list your acceoted payment options,PAYMENT
i need help to check in which cases can i ask for refunds,REFUND
want help to see the available payment modalities,PAYMENT
can i cxheck in which cases can i ask for refunds,REFUND
what do i need to do to download my bills from,INVOICE
speak with operator,CONTACT
i cannot sign up how do i inform of a registration problem,ACCOUNT
where to lodge a reclamation against your business,FEEDBACK
help me to sign up to the corporate newsletter,SUBSCRIPTION
i dont know what to do to get a reimbursement,REFUND
help checking in what cases can i request to be reimbursed,REFUND
can uhelp me cancelling purchase,ORDER
i dont know what i need to do to locate invoice,INVOICE
what do i need to do to check the shipment options,DELIVERY
update info on freemium account,ACCOUNT
i am trying to switch to the account,ACCOUNT
help to chat with a person,CONTACT
i dont know what i have to do to inform of signup issues,ACCOUNT
i want to send my bloody feedback about your products,FEEDBACK
help me get a refund of my moneyu,REFUND
reporting issue opening user,ACCOUNT
want help to submit some feedback about your services,FEEDBACK
can you help me to check the early termination charge,CANCEL
i need help demanding an reimbursement,REFUND
i do not know what to do to retrieve the pin of my user,ACCOUNT
how to open a standard account for my dad,ACCOUNT
i expect an reimbursement of,REFUND
need to cancel the company newslettef subscription help me,SUBSCRIPTION
i have to write a fucking review,FEEDBACK
check if there is anything wrong with my damn restitution,REFUND
can you help me receive refunds of money,REFUND
i dont know how to notify of an issue with online payment,PAYMENT
closing premium account,ACCOUNT
modifying information on account,ACCOUNT
i want to report errors with payment can i get some help,PAYMENT
can ya help me to notify of an trouble with online payments,PAYMENT
i want information about updating the shipping address,SHIPPING
i need help to check the early termination fee,CANCEL
i want help giving a quick look at invoice,INVOICE
i dont know what i have to do to download my bill,INVOICE
hw can i notify of errors with a signup,ACCOUNT
how can i edit my delivery address,SHIPPING
assistance to talk with customer support,CONTACT
i do not know how i can receive a refund of my money,REFUND
how can i locate the bill ffom,INVOICE
i dont know what to do to buy some items,ORDER
create new bloody account,ACCOUNT
i want to see the shipping methods how do i do it,DELIVERY
i want help creating a pro account,ACCOUNT
are there cancellation penalties,CANCEL
i cannot find the early exit charge,CANCEL
i try to file a consumer claim against your business,FEEDBACK
help me modify the shipping address,SHIPPING
need to leave a fucking review for ur products,FEEDBACK
wanna send feedback about a service,FEEDBACK
i need assistance trying to update the shipping address,SHIPPING
what do i need to do to order a few of your product,ORDER
what do i need to do to see invoice,INVOICE
need assistance to inform of an issue with signup,ACCOUNT
help me seeing purchase status,ORDER
how do i check your money back policy,REFUND
assistance to see my compensation status,REFUND
i cannot find the termination penalties,CANCEL
using gold accouny,ACCOUNT
how to buy a product,ORDER
want help seeing how long refunds take,REFUND
help to see the status of my rebate,REFUND
help to report signup problems,ACCOUNT
i want to list your allowed payment modalities,PAYMENT
i entered a wrong address by mistake could i update it,SHIPPING
i want to check the early exit fees can you help me,CANCEL
tell me about cancel the newsletter subscription,SUBSCRIPTION
hep changing some products of an order,ORDER
i do not know what to do to report an error with payment,PAYMENT
how do i see the early exit charges,CANCEL
i do not understand anything you say talk with a live agent,CONTACT
edit details oon account,ACCOUNT
i try to check the termination epnalties,CANCEL
i need assistance to check the shipping methods,DELIVERY
where can i check the bill,INVOICE
i do not know how i can check your allowed payment options,PAYMENT
help me see at what time i can call customer support,CONTACT
what do i need to do to find my bill,INVOICE
how do i change a product of purchase,ORDER
updating info on pro account,ACCOUNT
i have got to see the early exit penalpties,CANCEL
is it possible to notify of issues with a registration,ACCOUNT
i do not have a account want help signing up,ACCOUNT
how do i chat with a fucking person,CONTACT
wanna see the withdrawal charges how can i do it,CANCEL
i do not need the account can i close it,ACCOUNT
iwant assistance canceling order,ORDER
i try to lodge a customer complaint,FEEDBACK
i am unhappy with your services how to lodge a reclamation,FEEDBACK
i cant unsubscribe from your company newsletter,SUBSCRIPTION
i need assistance to send some feedback for ur produucts,FEEDBACK
how do i acquire some of your product,ORDER
can you help me notifying of a signup issue,ACCOUNT
wanna locate uprchase can i get some help,ORDER
i want help filing a consumer reclamation,FEEDBACK
could you help me cancelling order,ORDER
refund,REFUND
i have bought some items help canceling purchase,ORDER
change order,ORDER
i want help using the bloody freemium profile,ACCOUNT
is it possible to order some of ur item,ORDER
want help to check the restitution status,REFUND
i haveto locate my bills from how to do it,INVOICE
i have an error setting up another delivery address,SHIPPING
you are not helpful at all how do i speak with somebody,CONTACT
how could i order several damn products,ORDER
rebating dollars,REFUND
wanna get my bill can uhelp me,INVOICE
i do not know how to talk with a bloody person,CONTACT
find information about opening a account,ACCOUNT
i purchased something how to cancel order,ORDER
i dont know what i have to do to order several products,ORDER
can you help me to create a freemium account,ACCOUNT
updating detais on standard account,ACCOUNT
need to look for the invoice from,INVOICE
i dont know how i can file a consumer claim,FEEDBACK
i am looking for the shipping period where can i find it,DELIVERY
edit account,ACCOUNT
can ya help me restore my account pass,ACCOUNT
i need assistance with creating a platinum account,ACCOUNT
help me solve a trouble with online payments,PAYMENT
why i cant set up my delivery address avlid,SHIPPING
there are problems submitting my new shipping address,SHIPPING
i have to contact customer service how can i do it,CONTACT
i cannot open a profile can i report bloody signup errors,ACCOUNT
i dont know how to check my fucking invoices from,INVOICE
i have got to reuqest rebates of money,REFUND
i need assistance to remove my freemium account,ACCOUNT
want assistance writing a comment about a service,FEEDBACK
can you help me to use the standard profile,ACCOUNT
how do i cancel purchae,ORDER
i cant swap an article of order,ORDER
i do not know how to lodge a complaint against ur business,FEEDBACK
how can i hcange to the account,ACCOUNT
can i lodge a customer reclamation against ur company,FEEDBACK
i try to see what hours i can reach customer support,CONTACT
i need assistance submitting the new shipping address,SHIPPING
i try to delete my platinum account,ACCOUNT
where could i see the early termination penalties,CANCEL
i want help to submit feedback for your products,FEEDBACK
can you help me list the accepted payment options,PAYMENT
i need to see what payment options you accept,PAYMENT
assistance to shop several articles,ORDER
i try to report issues with payments,PAYMENT
help me checking how soon can i expect my order,DELIVERY
how do i download the goddamn invoice from,INVOICE
how to use tye account,ACCOUNT
i have got to see the status of my rebate i need assistance,REFUND
i want assistance to create a premium account,ACCOUNT
what is the fee for breaking the contract,CANCEL
want help to check your damn money back guarantee,REFUND
i want help cancelling the newsletter subscripotion,SUBSCRIPTION
can you help me check how oson can i expect the parcel,DELIVERY
i dont know what i need to do to download invoice,INVOICE
wanna report troubles with onlpine payment,PAYMENT
list ur payment modalities,PAYMENT
i have paid for this order i ened to get a refund,REFUND
inform of an issue with an registration,ACCOUNT
i need assistance to leave a review about ur company,FEEDBACK
i need to see your money back guarantee can you help me,REFUND
can you showme the accepted payment modalities,PAYMENT
i want help to see what bloody payment options are accepted,PAYMENT
i dont know what i have to do to get my bill,INVOICE
need assistance to leave feedback about your company,FEEDBACK
i do not know how i can update the info included on my user,ACCOUNT
i dont know what i need to do to see the withdrawal fee,CANCEL
under which circumstances can i ask for my money back,REFUND
i have go to notify of a problem with a signup,ACCOUNT
i want help to file a reclamation against your company,FEEDBACK
i cannot find the early termination fee i need help,CANCEL
need to check how soon can i ezpect my package,DELIVERY
is it possible to enter a new shipping address,SHIPPING
i do not know what i need to do to delete a acclunt,ACCOUNT
asistance to open a pro account,ACCOUNT
how do ii modify order,ORDER
i have got to see the fucking delivery methods i need help,DELIVERY
i need to notify of signup errors,ACCOUNT
i dont know how i could give a quick look at invoice,INVOICE
can you help me earning several products,ORDER
i do not know what to do to get invoice,INVOICE
how to order some products,ORDER
can ya help me change a product of purchase,ORDER
i want assistance to edit my shipping address,SHIPPING
wanna leave a review about a product how to do it,FEEDBACK
support changing the address,SHIPPING
issues with payments,PAYMENT
help notifying of problems with payment,PAYMENT
i try to check the available payment modalities,PAYMENT
how can i see how long it takes for my item to arrive,DELIVERY
can you help me write a comment for your products,FEEDBACK
i want to leave a comment for your services,FEEDBACK
what do i need to do to request a rebate,REFUND
i have to notify of errors with registrations,ACCOUNT
information about updating the shipping address,SHIPPING
i would like to order an item i need assistance,ORDER
new platinum account,ACCOUNT
how can i see if there is anything new on my compensation,REFUND
how do i see at what time customer assistance available is,CONTACT
want help deleting several articles from purchase,ORDER
i want assistance canceling the newslettersubscription,SUBSCRIPTION
problem with modifying purchase,ORDER
could i check ur accepted payment modalities,PAYMENT
want help to speak with a person,CONTACT
can ya help me report payment issues,PAYMENT
what do i have to do to acquire some articles,ORDER
can i see what delivery options are there,DELIVERY
i want to lodge a consumer reclamation against your business,FEEDBACK
how can i demand reimbursements of my money,REFUND
how can i notify of an error with online payment,PAYMENT
i do not know what to do to delete a standard account,ACCOUNT
im trying to check if there are any updates on the rebate,REFUND
need assistance to ask for a compensation,REFUND
i have errors chanjging the shipping address,SHIPPING
i dont know what i have to do to demand my money back,REFUND
i am unsatisfied with your services how can i make a claim,FEEDBACK
could i receive your fucking corporate newsletter,SUBSCRIPTION
where can i download the invoice,INVOICE
where to check what hours i can contact customer assistance,CONTACT
help to report issues with an signup,ACCOUNT
where could i send some feedback about a service,FEEDBACK
i have to check ur refund policy can i get some help,REFUND
changing info on platinum account,ACCOUNT
how do i talk with somebody,CONTACT
help me to file a consumer claim,FEEDBACK
shipping address not valid,SHIPPING
wanna use the gold profile i need help,ACCOUNT
i try to obtain refunds,REFUND
can i reset the pin of my user profile,ACCOUNT
i have to edit order,ORDER
how to shop some items,ORDER
assistance to set a new delivery address up,SHIPPING
see the allowed payment options,PAYMENT
help me see purchase status,ORDER
want assistance speajing to a person,CONTACT
the payment failed assistance informing of an issue,PAYMENT
see bills from,INVOICE
where could i inform of issues with payment,PAYMENT
im looking for the shipment methods help me find them,DELIVERY
need help to notify of problems with paymenst,PAYMENT
can you help me seeing the payment options,PAYMENT
can you show me what delivery methods are available,DELIVERY
how can i see the withdrawal fees,CANCEL
i dont know how to contact a human agent,CONTACT
i want assistance notifying of signup errors,ACCOUNT
need help checking if there are any updates on the refund,REFUND
i dont know how i can see the cancellation penalty,CANCEL
ido not know how i can leave a comment,FEEDBACK
making claim against ur company,FEEDBACK
i need to see when will my package arrive help me,DELIVERY
where do i restore the pin of my user account,ACCOUNT
help me checking the accepted payment modalities,PAYMENT
i want assisrance to open a account,ACCOUNT
i dont know what to do to report problems witha signup,ACCOUNT
i need assistance solving a trouble with payment,PAYMENT
i dont know what to do to order several items,ORDER
i need help to speak with customer assistance,CONTACT
i want assistance to talk with an agent,CONTACT
i have got to set up a delivery address,SHIPPING
i want assistance requesting rebates,REFUND
i have a problem with a delivery address modification,SHIPPING
reporting payment issues,PAYMENT
i want to submit my new shipping address how do i do it,SHIPPING
where can i find information about shipping periods,DELIVERY
help me to make a customer reclamation against your company,FEEDBACK
i dont know what to do to file a consumer claim,FEEDBACK
want assistance talking to an operator,CONTACT
can yahelp me signing up to the corporate newsletter,SUBSCRIPTION
how to unsubscribe to your newsletter,SUBSCRIPTION
i try to recover the pin of my account,ACCOUNT
can you help me unsubscribing from your company newsletter,SUBSCRIPTION
i cant register how could i notify of signup issues,ACCOUNT
assistance to lodge a complaint against your business,FEEDBACK
switch to premium account,ACCOUNT
i need to contct an operator,CONTACT
need assistance submitting some feedback for ur products,FEEDBACK
i dont know what to do to download my invoice,INVOICE
look for bill from,INVOICE
can uhelp me to check the termination chareg,CANCEL
help checking in which cases can i request a reimburement,REFUND
i have to check my reimbursement status how could i do it,REFUND
i dont know how i can cancel purchase,ORDER
wanna know about cancelling the newsletter subscription,SUBSCRIPTION
help me to edit the delivery address,SHIPPING
online registration problem,ACCOUNT
need to change to the account how can i do it,ACCOUNT
open another gold account,ACCOUNT
i have got to retrieve my user account pin,ACCOUNT
i am trying to speak to fucking customer support,CONTACT
i want assistanec to list ur payment options,PAYMENT
need to check wwhen my shipment is gonna arrive can uhelp me,DELIVERY
mail me my bill from,INVOICE
i have to enter a new shipping address how do i do it,SHIPPING
i do not know how i can see the cancellation fees,CANCEL
help me see my bill from,INVOICE
i have got to write a review for ur company,FEEDBACK
i cant retrieve my key,ACCOUNT
i want assistance to find my invoice,INVOICE
i need help seeing your reimbursement policy,REFUND
i need help to delete an article from order,ORDER
want assistance to check the early exit fee,CANCEL
i cannot add a product to purchase,ORDER
i want to report payment errors,PAYMENT
where do i track purchase,ORDER
i need help seeing a what time customer service available is,CONTACT
i have to find the damn bill from help me,INVOICE
i have got to reset my profile access key can you help me,ACCOUNT
im trying to check what options for delivery are there,DELIVERY
i cant enter my shipping address,SHIPPING
want assitsance using the platinum account,ACCOUNT
there is a problem trying to update my shipping address,SHIPPING
could i see the billfrom,INVOICE
shop several articles,ORDER
can ya help me to see my compensation current status,REFUND
help me to leave feedback for ur services,FEEDBACK
i need help using the profile,ACCOUNT
swap an article of order,ORDER
i cant enter another bloody delivery address,SHIPPING
what do i need to do to earn some items,ORDER
give me information about my freemium account termination,ACCOUNT
where do i check the early termination charges,CANCEL
can you help me adding an itm to order,ORDER
there is a problem setting up my delivery address,SHIPPING
i want to write a comment for your products how do i do it,FEEDBACK
want help trying to edit my addres,SHIPPING
switch to account,ACCOUNT
can i see my invoices from,INVOICE
issues setting the shipping address up,SHIPPING
assistance submitting another delivery address,SHIPPING
where can i obtain a compensation of my money,REFUND
how long does it take for a shipment to arrive,DELIVERY
my delivery address changed help me update it,SHIPPING
what is the customer support working hours,CONTACT
solve troubles with payment,PAYMENT
i do not know how to report a problem with payments,PAYMENT
i dont know what i need to do to file a customer claim,FEEDBACK
i do not know what to do to reset the key of my user profile,ACCOUNT
id like to lodge a damn consumer claim how could i do it,FEEDBACK
i need help with creating my platinum account,ACCOUNT
can uhelp me lodgin a reclamation against ur business,FEEDBACK
need assistance listing your accepted payment modalities,PAYMENT
assistance to recover my user profile access key,ACCOUNT
i need help trying to change my shipping address,SHIPPING
i dont know what i need to do to remove the account,ACCOUNT
help to recover my profile pin,ACCOUNT
is it possible to talk to customer support,CONTACT
could i get my bill from,INVOICE
i cant check the eta of the orfer,ORDER
how to ask for my money back,REFUND
can you help me to speak with customer service,CONTACT
i try to receive the newsletter,SUBSCRIPTION
review for a service,FEEDBACK
i dont have a premium account i want to open one,ACCOUNT
will you show me how long it takes for the parcel to arrive,DELIVERY
i need to see what payment methods are available help me,PAYMENT
i dont know how i can open a gold account for my daughter,ACCOUNT
there are issues setting a delivery address up,SHIPPING
unsubscribe to your damn company newsletter,SUBSCRIPTION
i have to change the delivery adfress,SHIPPING
i have to see the early exit fee,CANCEL
can you help me check if there are any news on my refund,REFUND
i want to write a review about your products how to do it,FEEDBACK
creating new account for daughter,ACCOUNT
support setting a shipping dadress up,SHIPPING
i want assistance to change to the account,ACCOUNT
i want assistance to ask for a refund of money,REFUND
i have to check your available payment modalities,PAYMENT
trackorder,ORDER
update data on premium account,ACCOUNT
i want assistance to see your money back policy,REFUND
i want assiatance seeing how soon can i expect the delivery,DELIVERY
problem with opening a freemium account,ACCOUNT
checking invoices from last purchase,INVOICE
i try to enter the secondary delivery address,SHIPPING
i have to make a customer reclamation against ur company,FEEDBACK
i dont know how to lodge a consumer claim,FEEDBACK
want help to see the termination charge,CANCEL
how do i contact an operator,CONTACT
i have to open a premium account,ACCOUNT
how do i use the pro account,ACCOUNT
creating new pro account,ACCOUNT
i need to check the early termination fee,CANCEL
i do not know how i can download my invoice,INVOICE
could uhelp me to write a goddamn opinion about a product,FEEDBACK
can utell me more about modifying my delivery address,SHIPPING
i need assistance giving a quick look at bill,INVOICE
how to inform of a payment issue,PAYMENT
i do not know how to see the termination fees,CANCEL
what do i need to do to find my invoice,INVOICE
i do not know how i can shop several of your article,ORDER
i would like to check your refund policy how can i do it,REFUND
can i check how long reimbursements usually take,REFUND
help me get the bill from,INVOICE
what do i need to do to open a freemium account for my dad,ACCOUNT
i want help modifying the address,SHIPPING
help me to cancel purchase,ORDER
where to check the accepted payment options,PAYMENT
i want to know more about shipping periods,DELIVERY
where do i check what hours i can call customer assistance,CONTACT
need help filing a claim against your organization,FEEDBACK
what do i have to do to see ur money back guarantee,REFUND
how to see what shipment options i can choose,DELIVERY
i have to correct my address will you help me,SHIPPING
i have to check what delivery options are available,DELIVERY
what do i need to do to delete a goddamn gold account,ACCOUNT
where do i sign up to your newsletter,SUBSCRIPTION
i cant find the cancellation penalty can you help me,CANCEL
modifying details on account,ACCOUNT
i am not registered help me open a gold account with you,ACCOUNT
how do i cancel the subscription to ur company newsletter,SUBSCRIPTION
i need assistance to track the restitution,REFUND
i am trying to see the fucking withdrawal charges,CANCEL
i want help to purchase something,ORDER
i have to speak with someone,CONTACT
help me check what delivery methods i can choose,DELIVERY
i have to call customer support can uhelp me,CONTACT
need assistance to track order,ORDER
where to see the status of my reimbursement,REFUND
help to see when my purchase is going to arrive,DELIVERY
i have tosee in which situations can i request refunds,REFUND
look for bill frommr smith,INVOICE
could you help me seeing how soon can i expect the product,DELIVERY
i have to reset the pin code of my profile,ACCOUNT
i want help to talk to an operator,CONTACT
help me restoring my account key,ACCOUNT
help me to file a claim,FEEDBACK
can you help me to make a consumer reclamation,FEEDBACK
i have got to use the gold account can i get some help,ACCOUNT
want help seeing what delivery options are there,DELIVERY
assistance to set a different delivery address up,SHIPPING
help to see what hours i can reach customer assistance,CONTACT
can you help me check what delivery methods are available,DELIVERY
assistance to see how soon can i expect my shipment,DELIVERY
how can i speak to a human agent,CONTACT
how can i ask for refunds of money,REFUND
change info on account,ACCOUNT
i need help to make a claim,FEEDBACK
i have got to restore my user acxcount pin code,ACCOUNT
is it possible to shop a few of your item,ORDER
i have to sign up to your corporate newsletter i need help,SUBSCRIPTION
help to locate the bill from,INVOICE
i dont know what i have to do to obtain a compensation,REFUND
i do not know how i could change to the goddamn account,ACCOUNT
i do not have a pro account yet help me register,ACCOUNT
uhave a free phone number to talk to customer assistance,CONTACT
i need assistance to see the cancellation penalty,CANCEL
can i open a pro account for my dad,ACCOUNT
take a quick look at my invoices from,INVOICE
i do not know how i could speak with an agent,CONTACT
i want to check the payment options i need assistance,PAYMENT
where do i see the cancellation penalties,CANCEL
i want to know about the options for shipment,DELIVERY
i need assistance checking my rebate status,REFUND
information about a pwd recovery,ACCOUNT
where can i change to the goddamn account,ACCOUNT
i want to see the status of order i need help,ORDER
help me to add several products to order,ORDER
have problems with a shipping address update,SHIPPING
how to set up my secondary shipping address,SHIPPING
there is a problem trying to edit the address,SHIPPING
i can no longer pay fororder cancel it,ORDER
how do i recover the key of my profile,ACCOUNT
how do i notify of a problem with online payments,PAYMENT
can udirect ot me somebody,CONTACT
i want helo to check the cancellation fee,CANCEL
file complaint against your business,FEEDBACK
i do not know what i need to do to locate order,ORDER
how do i report signup problems,ACCOUNT
i cant change my address,SHIPPING
i cant pay i need to notify of a problem with payments,PAYMENT
how can i restore the pin code of my profile,ACCOUNT
question about a pin code reset,ACCOUNT
could you help me enter another shipping address,SHIPPING
i have to see how long the delivery takesi need help,DELIVERY
help me check what hours i can contact customer support,CONTACT
where can i inform of problems with online paymeny,PAYMENT
i cannot find the early termination charge,CANCEL
i do not know how to edit my delivery address,SHIPPING
could i see the damn shipment methods,DELIVERY
need assistance to restore the pin of my profile,ACCOUNT
how can i check the fucking bill from,INVOICE
can you help me notify of a registration issue,ACCOUNT
is it possible to retrieve my user account password,ACCOUNT
how to see at what time i can reach customer support,CONTACT
i do not know what to do to download my invoice,INVOICE
support editing the delivery address,SHIPPING
i need assistance writing a comment for your services,FEEDBACK
i try to see purchase status,ORDER
i want assistance to see the eta of order,ORDER
i have got to check my bills from how to do it,INVOICE
i do not nkow how to delete the standard account,ACCOUNT
i want to create a account for my daughter,ACCOUNT
can you help me submit a different delivery address,SHIPPING
help me notify of a payment issue,PAYMENT
nded to check the termination penalties how to do it,CANCEL
how do i change to the gold acconut,ACCOUNT
i want assistance ordering several of your article,ORDER
what do i need to do to check the payment methods,PAYMENT
need assistance submitting a shipping address,SHIPPING
i am experiencing problems trying to sign up help me,ACCOUNT
help me to check ur allowed payment options,PAYMENT
help me see in what cases can i ask for my money back,REFUND
need help seeing your allowed payment modalities,PAYMENT
i do not know how ican delete my freemium account,ACCOUNT
requesting rebate,REFUND
can i see in which cases can i ask to be refunded,REFUND
i do not know how i can enter antoher delivery address,SHIPPING
i want to unsubscribe to your company newsletter,SUBSCRIPTION
can i talk with customer service,CONTACT
can ya help me using the fucking profile,ACCOUNT
wanna send my bloody feedback for ur products can ya help me,FEEDBACK
find inormation about creating standard accounts,ACCOUNT
want assistance to give a quick look at my invoice,INVOICE
how can i find information about my newsletter subscription,SUBSCRIPTION
i am trying to earn several items,ORDER
sign up to your company newsletter,SUBSCRIPTION
i aint happy with your service i want help filing a claim,FEEDBACK
i do not know what i have to do to cal customer service,CONTACT
how do i check the status of purchase,ORDER
need assistance talking to someone,CONTACT
i cannot find anything about the withdrawal fees,CANCEL
can utell me more about unsubscribing to ur newsletter,SUBSCRIPTION
assistance seeing if there are any news on my reimbursement,REFUND
i would like to purchase several products will you help me,ORDER
how can i notify of signup issues,ACCOUNT
what do i have to do to report a problem with signup,ACCOUNT
i dont understand you i want help contacting a human agent,CONTACT
see current status of order,ORDER
where to sign up to the company nmewsletter,SUBSCRIPTION
i want help to cancel purchase,ORDER
can i check what hours customer service available is,CONTACT
help me cancel ordere,ORDER
i want to modify purchase how do i do it,ORDER
help me set up the shipping address,SHIPPING
i have a question about canceling order,ORDER
im trying to report a problem with registrations,ACCOUNT
edit information on premium account,ACCOUNT
what do i need to do to restore my user account access key,ACCOUNT
receiving rebate,REFUND
how do i file a consumer complaint against your company,FEEDBACK
i want to acquire a few of your product how can i do it,ORDER
what do i have to do to change to the account,ACCOUNT
can i get invoice,INVOICE
help me see what hours customer support available is,CONTACT
i do not know what i need to do to speak to a human agent,CONTACT
want assistance notifying of issues with a registration,ACCOUNT
could you show me in what situations can i ask for refunds,REFUND
error entering a goddamn different shipping address,SHIPPING
can you help me to solve errors with payment,PAYMENT
create new pro account,ACCOUNT
help me checking my bill from,INVOICE
i dont know how i could report errors with a registration,ACCOUNT
i no longer use the account i want help removing it,ACCOUNT
canyou help me get a compensation,REFUND
shipping to,DELIVERY
can i update order00004587345,ORDER
i want help editing the info on my user profile,ACCOUNT
i dont know what i need to do to notify of a payment issue,PAYMENT
help me obtaining a reimbursement of money,REFUND
i need assstance to check how soon can i expect the order,DELIVERY
need to locate the bill can uhelp me,INVOICE
i need to modify the data on my profile could you help me,ACCOUNT
i want help to see in what cases can i ask to be refunded,REFUND
want help talking with customer support,CONTACT
i dont know what i need to do to download my invoice,INVOICE
transfering to person,CONTACT
need assistance seeing the eta of order,ORDER
need to restore the pass of my user account,ACCOUNT
i need help calling customer assistance,CONTACT
could you help me submit another delivery address,SHIPPING
help me seeing what hours i can call customer service,CONTACT
i need to inform of a trouble with online payment,PAYMENT
i have to notify of issues with a registration,ACCOUNT
i do not know what i need to do to inform of a signup issue,ACCOUNT
i have got to use the gold profile i need assistance,ACCOUNT
help me make an order,ORDER
how to switch an item of purchase,ORDER
open standard cacount for wife,ACCOUNT
i have a problem setting up the new delivery address,SHIPPING
give me information about account cancellations,ACCOUNT
want help to add an article to purchase,ORDER
can i see what hours customer support availabl is,CONTACT
chnge data on standard account,ACCOUNT
i want assistance acquiring several of your product,ORDER
want assistance leaving my feedback about ur services,FEEDBACK
where to unsubscribe to your bloody newsletter,SUBSCRIPTION
where do i check the eta of purchase,ORDER
i need assistance to subscribe to your company newsletter,SUBSCRIPTION
opening new freemium account for daughter,ACCOUNT
i want to see the eta of order how do i do it,ORDER
help to edit the information on my user profile,ACCOUNT
pudate info on account,ACCOUNT
how can i check at what time i can call customer service,CONTACT
i do not know how to order a product,ORDER
give a quick look at the invoice,INVOICE
how to swap several items of purchase,ORDER
i need support modifying the address,SHIPPING
i want assistance to notify of a issue with payments,PAYMENT
assistance to retrieve my user account pass,ACCOUNT
im trying to see how long it takes for my product to arrive,DELIVERY
i dont know what to do to write a review for a prouct,FEEDBACK
i need to inform of signup issues,ACCOUNT
help me seeing the early termination penalties,CANCEL
camceling order,ORDER
help filing a customer complant against ur business,FEEDBACK
help checking the status of the refund,REFUND
correct information on freeaccount,ACCOUNT
where could i check the goddamn cancellation charge,CANCEL
id like to see in which situations can i ask for reunds,REFUND
i need assistance checking the early exit charges,CANCEL
need assistance to open a account for my dad,ACCOUNT
i want to earn an article,ORDER
help me to see what hours i can reach customer service,CONTACT
i want to report problems with payments i need assistance,PAYMENT
help with adding a goddamn item to ordr,ORDER
i am trying to check the accepted payment modalities,PAYMENT
report a goddamn problem with payment,PAYMENT
can you help me set my secondary shipping address up,SHIPPING
editing information on gold account,ACCOUNT
can you help me to see the withdrawal fees,CANCEL
i dont know how to switch to the account,ACCOUNT
i need help informing of signup errors,ACCOUNT
i want to contact fucking customer support how can i do it,CONTACT
i dont knw what to do to see the bill from,INVOICE
want help to inform of errors wwith registrations,ACCOUNT
i do not know what to do to acquire several articles,ORDER
i chose a wrong shipping address can i correct it,SHIPPING
can i place an order from,DELIVERY
i want assistance setting the new shipping dadress up,SHIPPING
i do not know how to leave an opinion for a service,FEEDBACK
how to see what hours i can contact customer service,CONTACT
i do not know what i nded to do to edit my delivery address,SHIPPING
see early termination charges,CANCEL
want assistance cancelling my subscription to ur newsletter,SUBSCRIPTION
what do i need to do to notiyf of problems with a signup,ACCOUNT
i have to see the allowed payment modalities,PAYMENT
i have a question about opening accounts,ACCOUNT
getting invoice from three purchases ago,INVOICE
i do not know what to do to get the invoice,INVOICE
i dont know what i have to do to get the bill,INVOICE
i do not know how i can download my invoices from,INVOICE
how could i check what shipping options are available,DELIVERY
i have an issue submitting the delivery address,SHIPPING
information about the options for shipping,DELIVERY
i want to change my user info,ACCOUNT
i dont know what to do to notify fo signup problems,ACCOUNT
i have to cancel purchase can i get some help,ORDER
see the invoice,INVOICE
i need information about a key recovery,ACCOUNT
can i check the current status of my reimbursement,REFUND
i want assistance locating the invoices from,INVOICE
i want assistance setting the secondary delivery address up,SHIPPING
where can i see when will my article arrive,DELIVERY
i dont know how to get a reimbursement of my money,REFUND
help me check if there are any news on the rebate,REFUND
correct information on account,ACCOUNT
can i look for invoice,INVOICE
i want help getting the invoice,INVOICE
i dont know how to see the accepted payment options,PAYMENT
need help ordering several oof your product,ORDER
i have a question about the forgotten pin code,ACCOUNT
problem with account cancellations,ACCOUNT
help me check in which cases can i request a refund,REFUND
show me under whcih circumstances can i ask to be refunded,REFUND
need to modify the user details how can i do it,ACCOUNT
how to ask for a rebate of my money,REFUND
where could i retrieve my profile access key,ACCOUNT
i dont know what to do to check ur refund policy,REFUND
i want assistance to receive your corporate newsletter,SUBSCRIPTION
i dont know what i have to do to modify the user details,ACCOUNT
i have lost the invoice could umail it to me,INVOICE
is it possible to report issues with sinup,ACCOUNT
can ya help me order something,ORDER
information about receiving your company newsletter,SUBSCRIPTION
what do i need to do to leave an opinion for a service,FEEDBACK
want assistance to check your accepted payment options,PAYMENT
can ya help me notify of registration errors,ACCOUNT
i have got to update my account can i get some help,ACCOUNT
how to add an article to order,ORDER
can uhelp me retrieving my account pin,ACCOUNT
can i swap an itm of purchase,ORDER
assistance checking what shipment options you offer,DELIVERY
i try to submit the secondary delivery address,SHIPPING
i dont know how to notify of troublse with payments,PAYMENT
i have got to talk to someone can you help me,CONTACT
how can i purchase a few of your product,ORDER
i try to check whatr payment methods uaccept,PAYMENT
i do not know what to do to change to the standard account,ACCOUNT
i do not know how to download my bill,INVOICE
i need to see your reimbusrement policy how to do it,REFUND
would it be possible to edit the information on my account,ACCOUNT
help seeing under which circumstances can i request a refund,REFUND
i have got to acquire several items,ORDER
edit info on standard account,ACCOUNT
where do i lodge a consumer claim,FEEDBACK
i want help to check the termination penalties,CANCEL
i dont understand you i need help talking to a person,CONTACT
can i change an article of purchase,ORDER
can you help me acquire several products,ORDER
need assistnce to see how soon can i expect the purchase,DELIVERY
need to update the details on my user how do i do it,ACCOUNT
can i see the eta of the purchase,ORDER
assistance to send some feedback for your company,FEEDBACK
i need assistance to switch to the account,ACCOUNT
im trying to find the shipping period,DELIVERY
i try to open a standard account,ACCOUNT
i need to see the current status of my refund,REFUND
modify information on pro account,ACCOUNT
i am trying to notify of registration issues,ACCOUNT
can i check the eta of order,ORDER
need help to see the eta of the purchase,ORDER
how can i call custommer service,CONTACT
i do not know what i need to do to check invoice,INVOICE
correcting order,ORDER
i dont knwo how i can cancel purchase,ORDER
i have to see the cancellation charges help me,CANCEL
i need a different bloody account can you create it,ACCOUNT
could you help me to request a compensation of my money,REFUND
i aint registered help opening a standard account with you,ACCOUNT
can i inform of a problem with registrations,ACCOUNT
using platinum account,ACCOUNT
i want assistance to see the accepted paynent options,PAYMENT
want assistance seeinhg how long the shipment takes,DELIVERY
i need to speak to customer support could you help me,CONTACT
i purchased some item help canceling one of the orders,ORDER
i dont know how to notify of an issue with goddamn signup,ACCOUNT
i dont know how to get the invoice,INVOICE
i need to change to the pro account how can i do it,ACCOUNT
i need to get my bill from how can i do it,INVOICE
i want to leave feedback about your services,FEEDBACK
order status,ORDER
assistance listing your available payment methods,PAYMENT
opneing new account for daughter,ACCOUNT
what do i have to do to speak with a damn operator,CONTACT
need help to create a account,ACCOUNT
creating new platinum account,ACCOUNT
i try to leave my feedback,FEEDBACK
can you help me to see what shipment options i have,DELIVERY
assistance closing a standard account,ACCOUNT
i want to speak with customer service helpme,CONTACT
i do not know what to do to check the cancellation penalties,CANCEL
check your money back policy,REFUND
i dont know how i can close my platinum account,ACCOUNT
need assistance checking the early exit fees,CANCEL
i try to see in what cases can i ask to be reimbursed,REFUND
is it possible to obtain a damn restitution of my money,REFUND
how to update the shipping address,SHIPPING
i dont know how to inform of an issue with registrations,ACCOUNT
i need assistance speaking with an operator,CONTACT
i dont know how i could see the early termination penalties,CANCEL
i want assistance switching to the gold account,ACCOUNT
help to check in what situations can i ask to be refunded,REFUND
help checking what shipping options are there,DELIVERY
could uhelp me asking for a damn restitution of money,REFUND
help me to check how soon can i expect the damn article,DELIVERY
need to file a consumer reclamation help me,FEEDBACK
i want to check your reimbursement policy help me,REFUND
i need help checking the options for shipping,DELIVERY
i need assistance checking how soon can i expect my product,DELIVERY
i dont know what i have to do to shop a few of your item,ORDER
correcting information on standard account,ACCOUNT
i do not know what i need to do to purchase several products,ORDER
i want help to see the eta of order,ORDER
i want assistance to set the goddamn delivery address up,SHIPPING
do you have a mail to get in touch with cusomer assistance,CONTACT
help me remove a standard account,ACCOUNT
check delivery options,DELIVERY
i want help setting up another delivery address,SHIPPING
can you help me to check how soon can i expect my item,DELIVERY
where do i see my bill,INVOICE
where to check the current status of order,ORDER
i try to make a consumer reclamation against ur company,FEEDBACK
where can i give a quick look at invoice,INVOICE
i have got to track the compensation,REFUND
where do i check how soon can i expect my package,DELIVERY
i paid for an item i need a compensation,REFUND
could you help me to file a damn consumer complaint,FEEDBACK
helplodging a consumer reclamation against ur business,FEEDBACK
i have to call customer assistance how to do ti,CONTACT
need assistance to check ur available payment options,PAYMENT
is it possible to cancel order,ORDER
i have to leave an opinion for a product can you help me,FEEDBACK
need help to check the early exit charges,CANCEL
i have to open a account for my dad,ACCOUNT
can i see under which circjmstances can i ask for refunds,REFUND
i want assistance acquiring several items,ORDER
wanna locate purchase how could i do it,ORDER
i need help tracking the restitution,REFUND
i need to file a customer claim against your business,FEEDBACK
i cannot inform of errors wiht a signup,ACCOUNT
i have got to chat with someone,CONTACT
asxsistance receiving your newsletter,SUBSCRIPTION
i do not know what i have to do to contact an assistant,CONTACT
i dont know what i have to do to delete my account,ACCOUNT
i have got to subscribe to the corporate newsletter help me,SUBSCRIPTION
i have to sign up to the company newsletter,SUBSCRIPTION
i need help getting my bill from,INVOICE
i am not happy with your services i need to file a claim,FEEDBACK
help recovering thr pin of my profile,ACCOUNT
help lodging a customer complaint,FEEDBACK
i do not know what i have to do to get my bill,INVOICE
help seeing what payment methods you accept,PAYMENT
want help canceling purchase,ORDER
i need to check the withdrawal charge,CANCEL
hep using the profile,ACCOUNT
edit details oon gold account,ACCOUNT
i need to file a customer complaint against your company,FEEDBACK
im waiting for a reimbursement of 299dollars,REFUND
i want help to ask for compensatiuons,REFUND
what do i need to do to order several of your item,ORDER
is it possible to create a gold account,ACCOUNT
i dont know what to do to locate my bill,INVOICE
i dont know how to open a freemium account,ACCOUNT
help me lodging a customer complaint against ur business,FEEDBACK
i have problems with the termination of my standard account,ACCOUNT
im waiting for a refund of dollrs,REFUND
help locating purchase,ORDER
how do i see order current status,ORDER
can you help me checking wha payment options you accept,PAYMENT
want help talking to customer service,CONTACT
i want assistance seeing ur accepted payment opotions,PAYMENT
do you have an address to send a comment for a producvt,FEEDBACK
i want help checking order current status,ORDER
show me the accepted payment modalities,PAYMENT
i would like to see the status of the rebate,REFUND
how could i edit the information on my user,ACCOUNT
any news on the refund,REFUND
i want help notifying of troubles with online paymnet,PAYMENT
checking eta of order,ORDER
i try to file a claim,FEEDBACK
i nerd to report a trouble with online payment,PAYMENT
i want help to see what payment options you accept,PAYMENT
i want to know more about opening accounts,ACCOUNT
makie complaint,FEEDBACK
how to purchase several items,ORDER
i want assistance checking when will my parcel arrive,DELIVERY
give me informatipn about the termination of a pro account,ACCOUNT
i need assistance to see when my article is gonna arrive,DELIVERY
can i swap a product of purchase,ORDER
what do i need to do to see order status,ORDER
checking order current status,ORDER
how can i retrieve the password of my user profile,ACCOUNT
i need help to check when will my purchase arrive,DELIVERY
i do not know how to look for the bill from,INVOICE
want help seeing when my order is gonna arrive,DELIVERY
i want assitsance to check ur allowed payment modalities,PAYMENT
where can i inform of issues with payments,PAYMENT
wanna get a rebate of my mney,REFUND
would it be possible to obtain compensations of money,REFUND
uhave a free of charge number to contact customer support,CONTACT
where can i sign up to the newsletter,SUBSCRIPTION
can ya help me to inform of an issue with a signup,ACCOUNT
i cant track my reimbursement,REFUND
i need information about an access key retrieval,ACCOUNT
how do i look for bill,INVOICE
i need assistance retrieving the pin of my user,ACCOUNT
i dont know how i can report an error with registrations,ACCOUNT
want assistance to acquire an article,ORDER
whzt do i have to do to get my invoice,INVOICE
i do not know what i need to do to remove my account,ACCOUNT
i have got to speak to an operator,CONTACT
i dont know what to do to check the options for delivery,DELIVERY
i want help to reset my bloody password,ACCOUNT
i have got to acquire several articles can i get some help,ORDER
i need assistance reporting errors with online payment,PAYMENT
i want assistance solving issues with online payments,PAYMENT
where do i report an issue with a registration,ACCOUNT
i have a problem with creating a account,ACCOUNT
you are not helpful can you help me to speak to someone,CONTACT
i dont know what i need to do to get the bill,INVOICE
is it possible to earn something,ORDER
i want help to check order status,ORDER
allowed payment options,PAYMENT
i need to track purchase how to do it,ORDER
i have to see the damn compensation status can you help me,REFUND
i want information about a forgotten pin code,ACCOUNT
i have a problem setting up a new shipping address,SHIPPING
acn i switch to the pro account,ACCOUNT
i dont know how i can restore my user access key,ACCOUNT
how do i order some of your article,ORDER
want assistance to speak with someone,CONTACT
i want help to see the withdrawal penalty,CANCEL
i dont know how i can check the cancellation fee,CANCEL
help me to open a account for my daughter,ACCOUNT
i need to list the allowed payment options can you help me,PAYMENT
i am trying to receive your corporate newsletter,SUBSCRIPTION
help me to see the accepted payment modalities,PAYMENT
i have to list your allowed payment options how do i do it,PAYMENT
where can i submit a shipping address,SHIPPING
i need assistance checkng the early exit penalties,CANCEL
need assistance to lodge a customer claim against ur company,FEEDBACK
i need to give a quick look at the invoice from,INVOICE
where do i see what hours i can contact customer service,CONTACT
i am calling to submit feedback for an service,FEEDBACK
i need assistance to inform of errors with signup,ACCOUNT
i want to see your refund policy how to do it,REFUND
where can i get information about the pwd reset,ACCOUNT
i need help to subscribe to your newsletter,SUBSCRIPTION
i cant find the bill will umail it to me,INVOICE
i need assistance cancelling my account,ACCOUNT
i cant make a payment i wanna repotr a problem,PAYMENT
need to change something of purchase,ORDER
i need help locating my invoices from,INVOICE
i need help to see the early exit charge,CANCEL
is it possible to see the accepted payment modalities,PAYMENT
what do i have to do to switch to the pro account,ACCOUNT
i do not know what i have to do to download invoice,INVOICE
i do not know how to acquire some items,ORDER
i dont know how to check how soon can i expect the parcel,DELIVERY
i dont know what i need to do to make a claim,FEEDBACK
i dont know how i can earn several products,ORDER
i do not know how i could report signup issues,ACCOUNT
where can i see the termination charge,CANCEL
where can i give a quick look at invoice,INVOICE
is it possible to list the allowed payment options,PAYMENT
open platinum account for wife,ACCOUNT
i do not know how to take a quick look at bill,INVOICE
i have got to set my new delivery address up,SHIPPING
i need assistance to check the early exit penalty,CANCEL
how do i speak to an assistant,CONTACT
i do not know how i can cancel purchase,ORDER
where could i check the rebate status,REFUND
i want help signing up to your corporate newsletter,SUBSCRIPTION
i have got to check the early exit fee can uhelp me,CANCEL
i have to receive ur corporate newsletter,SUBSCRIPTION
i have to inform of signup problems,ACCOUNT
use acdcount,ACCOUNT
i have got to set my secondary shipping address up,SHIPPING
hopw to contact an agent,CONTACT
can you help me to speak with somebody,CONTACT
i aint registered assistance opening an account with you,ACCOUNT
supports trying to modify theaddress,SHIPPING
i need help to deelete a pro account,ACCOUNT
i need to make a complaint,FEEDBACK
need assistance to report problems with online payments,PAYMENT
switching to freemium account,ACCOUNT
is it possible to get rebates of my money,REFUND
i do not know how to find invoice,INVOICE
i do not know how to give a quick look at invoice,INVOICE
want assistance to make a consumer reclamation,FEEDBACK
is it possible to create a standard account,ACCOUNT
i want assistance to get in touch with customer service,CONTACT
i have lost bill can you mail it to me,INVOICE
cdan uhelp me using the platinum account,ACCOUNT
i need help opening a new goddamn gold account,ACCOUNT
transferring to agent,CONTACT
i dont know what to do to download the bills from,INVOICE
is it possbile to set the secondary shipping address up,SHIPPING
help getting a reimbursement of my money,REFUND
i need to write a review about a service how to do it,FEEDBACK
is it possible to give a quick look at the invoice,INVOICE
i have to update order i need assistance,ORDER
i would like to speak with an assistant how do i do it,CONTACT
need help retrieving my user account pin code,ACCOUNT
ya have a method to send a comment about a product,FEEDBACK
where do i order an article,ORDER
were to inform of a registration error,ACCOUNT
how long till i receive my refund of money,REFUND
i do not know what to do to chanfe to the damn gold account,ACCOUNT
i need a account i wanna open it,ACCOUNT
help me opening a standard account,ACCOUNT
need help recovering the pwd of my user,ACCOUNT
assistance to recover the key of my user profile,ACCOUNT
assistance with switching something of order,ORDER
is it possible to check when my shipment is going to arrive,DELIVERY
i cant afford order could i cancel it,ORDER
where can i check purchase status,ORDER
show me what shipment methods i have,DELIVERY
i dont know what i have to do to see the delivery options,DELIVERY
i have to check the options for shipping how could i do it,DELIVERY
speak with human agent,CONTACT
i want to submit my secondary shipping address help me,SHIPPING
how can i check how logn it takes for the package to arrive,DELIVERY
i need help to see what payment methods are accepted,PAYMENT
help me to retrieve the pin of my user profile,ACCOUNT
i do not know what i have to do to download the bill,INVOICE
how can i send feedback about a product,FEEDBACK
what do i need to do to close a fucking gold account,ACCOUNT
information about canceling my subscription to ur newsletter,SUBSCRIPTION
im trying to buy a few of ur item,ORDER
where do i check the termination fees,CANCEL
ya have newsletter,SUBSCRIPTION
i would like to locate purchase,ORDER
i dont know how i can write a comment for a product,FEEDBACK
wanna check the iwthdrawal penalty,CANCEL
where can i check the early termination penalty,CANCEL
i need assistance to notify of an issue with online payment,PAYMENT
want assistance to notify of payment issues,PAYMENT
i want help to create a platinum account for my fiance,ACCOUNT
assistance canceling the corporate newsletter subscription,SUBSCRIPTION
is it possible to place an order from,DELIVERY
update data on cacount,ACCOUNT
there is an error setting the new delivery address up,SHIPPING
i dont know how i can shop several articles,ORDER
how do i speak to someone,CONTACT
i need help leaving an opinion for a product,FEEDBACK
how do i create a account,ACCOUNT
i am looking for information about an address update,SHIPPING
i am trying to cancel purchase,ORDER
i need help seeing how long reimbursements usually take,REFUND
i am calling to leave a review for your services,FEEDBACK
can ya tell me about a delivery address update,SHIPPING
help earning a few of your article,ORDER
i want to change to the premium account,ACCOUNT
how to lodge a reclamation against your company,FEEDBACK
i need assistance to check my restitution status,REFUND
i have to chat with a livbe agent,CONTACT
how can i call customer assistance,CONTACT
how can i make a consumer complaint against ur company,FEEDBACK
i dont know what i need to do to download my invoice,INVOICE
i would like to see the termination fee,CANCEL
editting details on account,ACCOUNT
ihave got to receive ur damn company newsletter i need help,SUBSCRIPTION
i need to check my bill could you help me,INVOICE
i dont know how to see ur accepted payment modalities,PAYMENT
changing information on account,ACCOUNT
lodge reclamation against your company,FEEDBACK
i have to sign up to your newsletter i need assistance,SUBSCRIPTION
help me tracking order,ORDER
want assistance talking to an assistant,CONTACT
i cant open an account help reporting a signup issue,ACCOUNT
i dont know how i can talk to an assistant,CONTACT
tell me at what time customer service available is,CONTACT
i need help checking how long rdimbursements take,REFUND
could i modify oredr,ORDER
update data on cacount,ACCOUNT
check the eta of the purchase,ORDER
update account,ACCOUNT
i need help sending some feedback about a service,FEEDBACK
i have to report a problem with signup,ACCOUNT
do uhave an email to leave some feedback about a product,FEEDBACK
show withdrawal penalty,CANCEL
i dont know how i can notify of an issue with signup,ACCOUNT
modifying info on standard accoumt,ACCOUNT
need ot cancel purchase,ORDER
update info on pro account,ACCOUNT
is it possible to acquire several of ur article,ORDER
i have a problem with an adress update,SHIPPING
i have entered a wrong address can i modify it,SHIPPING
i have got to unsubscribe to the newsletter how do i do it,SUBSCRIPTION
help with editing order,ORDER
can ya help me seeing the bloody early exit fee,CANCEL
issues changing shipping address,SHIPPING
i want help lodging an claim,FEEDBACK
is it possible to submit my delivery adress,SHIPPING
i want assistance checking my invoice,INVOICE
need help seeing in what cases can i ask for my money back,REFUND
wanna reeive restitutions of my money,REFUND
how do i see what shipping methods you offer,DELIVERY
what do i need to do to order something,ORDER
see my blls from,INVOICE
where can i find information about creating a account,ACCOUNT
i need to change the address will you help me,SHIPPING
filing consumer reclamation against your business,FEEDBACK
where could i leave a fucking comment for a service,FEEDBACK
can i receive your company newsletter,SUBSCRIPTION
i want help cancelling order,ORDER
i need a account could i openm it,ACCOUNT
assistance to shop some products,ORDER
checkmy invoice,INVOICE
help adding an item to purchase,ORDER
how could i reset the pin of my account,ACCOUNT
help seeing what hours i can reach customer support,CONTACT
switch to standard account,ACCOUNT
i have to inform of na issue with signup,ACCOUNT
i need a user,ACCOUNT
wanna report a trouble with online payments,PAYMENT
how cam i track order,ORDER
have problems with creazting my account,ACCOUNT
i have to contact customer assistance how can i do it,CONTACT
can you tell me about changing the delivery address,SHIPPING
i need to set up another deliverry address,SHIPPING
i need help resetting my user profile access key,ACCOUNT
can you help me solve a problem with online payment,PAYMENT
i dont know how i can see when will my item arrive,DELIVERY
i dont want order,ORDER
wanna file a consumer complaint aganst ur organization,FEEDBACK
i need help ordering something,ORDER
help to lodge a customer reclamation against your company,FEEDBACK
delete gold account,ACCOUNT
i want assistance to receive my money back,REFUND
i dont know how to correct the data included on my account,ACCOUNT
want assistancd purchasing several of ur product,ORDER
i do not know what i have to do to edit the address,SHIPPING
i dont know how to change a item of purchase,ORDER
i have got to change to the account i need help,ACCOUNT
change to account,ACCOUNT
do you have a free phone no to speak with customer service,CONTACT
i do not know how i can see the status of order,ORDER
i dont know what i need to do to talk to somebody,CONTACT
where can i locate the invoice,INVOICE
i have to speak to customer assistance how to do it,CONTACT
tell me about subscribing to your newsletter,SUBSCRIPTION
i do not understand you could i contact a person,CONTACT
i want assistanc to see when my purchase is going to arrive,DELIVERY
find information about signing up to your newsletter,SUBSCRIPTION
is it possible to restore my fucking user key,ACCOUNT
can i notify of a registration error,ACCOUNT
can ya show me at what time customer assistance available is,CONTACT
could you help me setting up my shipping address,SHIPPING
switch to freemium account,ACCOUNT
i do not know how to check the status of order,ORDER
problems with a pin reset,ACCOUNT
i need help to check the cancellation charge,CANCEL
i do not know what i need to do to see my rebate status,REFUND
how could i report errors with online payments,PAYMENT
can you help me check what options for delivery you offer,DELIVERY
hwat do i have to do to see the early termination charges,CANCEL
can you help me earn an few of your item,ORDER
how do i correct purchase,ORDER
need help to see at what time i can call customer support,CONTACT
want help cancelling the corporate newsletter subscription,SUBSCRIPTION
i want to check when will my purchase arrive,DELIVERY
i want assistance to switch to the account,ACCOUNT
check purchase statsu,ORDER
can you help me to see what shipment methods i can choose,DELIVERY
i need to see at what time customer service available is,CONTACT
assistance seeing what options for delivery are there,DELIVERY
wanna swap a product of purchase can uhelp me,ORDER
can i talk to an agent,CONTACT
i have problems with creating my freemium account,ACCOUNT
where do i see my invoices from,INVOICE
edit details on account,ACCOUNT
i have to list the payment modalities can i get some help,PAYMENT
want help to see when my parcel is gonna arrive,DELIVERY
how do i check what hours customer service available is,CONTACT
what do i have to do to find invoice,INVOICE
assistance to make a customer reclamation,FEEDBACK
i have got to check how long the shipping takes i need help,DELIVERY
i want assistance to list the allowed payment modalitiess,PAYMENT
can ya help me to set my shippiong address up,SHIPPING
i cannot inform of an error with signup,ACCOUNT
i dont know how to cancel purchase,ORDER
cancel the subscription to your corporate newsletter,SUBSCRIPTION
help seeing the eta of order,ORDER
delete standard account,ACCOUNT
i dont know what to do to change to the account,ACCOUNT
i expect a compensation of,REFUND
i need help canceling purchase,ORDER
i try tro subscribe to the newsletter,SUBSCRIPTION
can i check order current status,ORDER
can you help me to correct my address,SHIPPING
can i use the account,ACCOUNT
help me see what hhours i can call customer assistance,CONTACT
i need help to give a quick look at the bill,INVOICE
i dont know what i need to do to correct theaddress,SHIPPING
where do i see what fucking shipment methods are there,DELIVERY
where to check what methods for delivery are available,DELIVERY
problem witth cancelling order,ORDER
help trying to edit the deliveyr address,SHIPPING
do you have a free number to speak with customer assistance,CONTACT
i have to see the early termination charge,CANCEL
i do not know how to file a customer complaint,FEEDBACK
could you help me unsubscribe to your newsletter,SUBSCRIPTION
i want assistance switching to the pro account,ACCOUNT
how to check purchase status,ORDER
can i check your available payment options,PAYMENT
i am waiting for an rebate of,REFUND
i need help to receive restitutions of money,REFUND
i cannot submit a shipping address,SHIPPING
how do i obtain a rebate of money,REFUND
i need help speaking with customer support,CONTACT
i want to see the damn status of my reimbursement help me,REFUND
cancel the subscription to ur company newsletter,SUBSCRIPTION
could i make a customer complaint against your business,FEEDBACK
want help to report problems with online payment,PAYMENT
pudate account,ACCOUNT
i need assistance to order a few of ur prodcut,ORDER
how do i shop some products,ORDER
i have got to check your allowed payment options,PAYMENT
i dont know what i have to do to see the bill,INVOICE
need to use the profioe can ya help me,ACCOUNT
i do not know how i can request a rebate of my money,REFUND
i do not know how to check the early termination fee,CANCEL
i dont know what to do to chat with a human agent,CONTACT
i need help talking with a human agent,CONTACT
how do i open a account for my daughter,ACCOUNT
help me canceling the subscription to the company newsletter,SUBSCRIPTION
i need help making a purchase,ORDER
wann locate order,ORDER
can you help me notify of a payment issue,PAYMENT
i need help to call customer assistance,CONTACT
is it possible to remove my account,ACCOUNT
will ushow me what payment options are accepted,PAYMENT
i want to receive a reimbursement of my money,REFUND
i try to see in which cases can i request a reimbursement,REFUND
ido not know what i need to do to get the invoice,INVOICE
i do not know how i can open a pro account for my fiance,ACCOUNT
i want assistance informing of a problem with bloody signup,ACCOUNT
want help to make a customer complaint against your business,FEEDBACK
i try to demand a rebate,REFUND
help me notifying of signup errors,ACCOUNT
i dont know what to do to chat with a fucking assistant,CONTACT
i do not know how i could see order status,ORDER
can you help me checking when will my purchase arrive,DELIVERY
wanna see purchase current status,ORDER
i cannot remember the key of my profile help me recover it,ACCOUNT
how do i make a reclamation,FEEDBACK
i try to see what delivery methods i can choose,DELIVERY
can uhelp me leaving feedback about ur company,FEEDBACK
need assistancee to check your damn reimbursement policy,REFUND
i have to enter my secondary shipping address,SHIPPING
where to check the withdrawal penalty,CANCEL
i try to unsubscribe from your newsletter,SUBSCRIPTION
i need assistance cancelling uprchase,ORDER
what do i have to do to notify of signup errors,ACCOUNT
clsoe freemium account,ACCOUNT
what do i have to do to check the status of my rebate,REFUND
i do not know what to do to get my invoice,INVOICE
im trying to speak to a live agent,CONTACT
i need help to request a refund,REFUND
i am trying to find information about editing the address,SHIPPING
i dont know what to do to find my invoice from,INVOICE
i want help checking the payment modalities,PAYMENT
y i cannot submit the new delivery address valid,SHIPPING
what do i have to do to cancel my account,ACCOUNT
there are problems submitting a secondary shipping address,SHIPPING
wanna submit feedback for ur company can i get somehelp,FEEDBACK
i want assistance to make an customer reclamation,FEEDBACK
help me to set the delivery address up,SHIPPING
question about canceling order,ORDER
can uhelp me unsubscribing from the company newsletter,SUBSCRIPTION
i do not know what i have to do to change to the account,ACCOUNT
i want assistance seeing ur avbailable payment options,PAYMENT
i need to know if there is anything new on the restitution,REFUND
help informing of a fucking payment problem,PAYMENT
is it possible to shop some items,ORDER
i want assistance reporting issues with a signup,ACCOUNT
i want help to ask for a reimbursement of my money,REFUND
i ned assistance solving an error with payments,PAYMENT
i dont know what i need to do to download invoice,INVOICE
wanna talk to a human agent,CONTACT
i have a problem setting up the secondary delivery address,SHIPPING
i need to check how long reimbursements usually take,REFUND
want help filiong a consumer claim,FEEDBACK
edit details on pro account,ACCOUNT
i am waiting for a refund of has it been porocessed,REFUND
can you show me how soon can i expect my delivery,DELIVERY
i want to write a review about a product,FEEDBACK
find invoice,INVOICE
i dont know what to do to create a standard account,ACCOUNT
i want to see how long the shipping takes how can i do it,DELIVERY
what do i need to do to chat with somebody,CONTACT
i need assistance seeing purchase status,ORDER
how do i use the standard account,ACCOUNT
calling customer assistance,CONTACT
can you help me notify of an error with payments,PAYMENT
create pro account,ACCOUNT
want assistance checking the eta of orfer,ORDER
i need assistance to talk tl an agent,CONTACT
notify of problem with signup,ACCOUNT
new bloody pro account,ACCOUNT
help me inform of a problem with signup,ACCOUNT
where to notify of an issue with a registration,ACCOUNT
i need help listing your payment modalities,PAYMENT
could i make a customer claim against your organization,FEEDBACK
delete standard acvount,ACCOUNT
i want assistance to buy an item,ORDER
i want to look for my bill,INVOICE
i want supports trying to edit my address,SHIPPING
transferring to operator,CONTACT
i have to delete an item from order,ORDER
i need assistance opening a platinum account for my daughter,ACCOUNT
i want assistance to see the cancellation penalties,CANCEL
i cant find the early termination penalties help me,CANCEL
another standard accounmt for father,ACCOUNT
i dont know what to doto speak to someone,CONTACT
i do not know what to do to speak to customer support,CONTACT
i try to inform of a payment issue,PAYMENT
i do not know how i could enter my new delivery address,SHIPPING
help me see your accepted payment options,PAYMENT
i need help earning some articles,ORDER
i have to see the shipment options can i get some help,DELIVERY
how can i give a quick look at my invoice,INVOICE
could ya help me to unsubscribe from ur company newsletter,SUBSCRIPTION
i want to edit the shipping address,SHIPPING
assistance unsubscribing from the newsletter,SUBSCRIPTION
im waiting for a compensation of,REFUND
want assistance speaking with a live agent,CONTACT
need assistance to ssubscribe to your company newsletter,SUBSCRIPTION
canceling platinum account,ACCOUNT
i want assistance to lodge a complaint against your business,FEEDBACK
i am not registered how do i create a account,ACCOUNT
where can i report a problem with online payments,PAYMENT
i do not know what to do to see what shipping methods i have,DELIVERY
can ya help me to solve atrouble with payments,PAYMENT
i need help to ese what hours i can reach customer support,CONTACT
i want to cancel the account,ACCOUNT
i am experiencing a problem signing up can i get some help,ACCOUNT
i have got to see the current status of order,ORDER
i have got to get bill how to do it,INVOICE
i am trying to oredr several of your article,ORDER
i want information aboujt shipping periods,DELIVERY
i do not know how to list your allowed payment methods,PAYMENT
i cant reset my account access key,ACCOUNT
i call to check when my article is going to arrive,DELIVERY
wanna know more about the shipping periods,DELIVERY
i try to speak to an assistant,CONTACT
i want help to edit my address,SHIPPING
can you help me see the early exit penalties,CANCEL
i want to check how long it takes for the order to arrive,DELIVERY
i need help to download my bill from,INVOICE
how can i make a consumer reclamation against your business,FEEDBACK
i do not understand ucan uhelp me speaking to a live agent,CONTACT
how do i swap several articles of purchase,ORDER
i am trying to see the current status of the rebate,REFUND
assistance notifying of an issue with payments,PAYMENT
how could i see how soon can i expect my order,DELIVERY
i call to lodge a customer reclamation,FEEDBACK
what do i have to do to contact an agent,CONTACT
i have to check purchase current status,ORDER
i need assistance to reset the pin code of my account,ACCOUNT
opening premium account for wife,ACCOUNT
i have got to see when will my item arrive how do i do it,DELIVERY
help me to list ur fucking payment modalities,PAYMENT
i have to submit my shipping address,SHIPPING
help me to make a consumer complaint against your business,FEEDBACK
i need to changeto the platinum account,ACCOUNT
y i cannot set up the secondary shipping address valid,SHIPPING
i need help checking when my package is gonna arrive,DELIVERY
i do not know what to do to open a pro account for my fiance,ACCOUNT
is it possible to edit my user details,ACCOUNT
need to change to the goddamn gold account could ya help me,ACCOUNT
i want help getting my bills from,INVOICE
need to check how long the goddamn refunds take help me,REFUND
change info on premium account,ACCOUNT
i have paid for an order i want a compensation,REFUND
how cani demand rebates of money,REFUND
help to check in which cases can i ask for refunds,REFUND
speak with an agent,CONTACT
i dont know how to contact customer support,CONTACT
i cannot sign up i need to notify of registration issues,ACCOUNT
i want assistance reporting an issue with a registration,ACCOUNT
i cant find anything about the cancellation fees,CANCEL
what do i have to do to leave a review about a servie,FEEDBACK
wanna check the status of order,ORDER
i want to oldge a claim against your business,FEEDBACK
assistance to delete an item from purchase,ORDER
i do not know what i have to do to locate the invoice,INVOICE
i have to earn some articles help me,ORDER
help me seeing your available payment options,PAYMENT
problems with my password recovery,ACCOUNT
i need help to see the cancellation penalty,CANCEL
show me in what situations can i ask for my money back,REFUND
my address has changed how could i change it,SHIPPING
i have to change an item of purchase,ORDER
need to update my user data how can i do it,ACCOUNT
how to notify of issues with payment,PAYMENT
what are the fees for canceling the contract,CANCEL
i do not know what to do to inform of an issue with a signup,ACCOUNT
my shipping address changed can i update it,SHIPPING
i dont know what i need to do to get my invoice,INVOICE
i need to check your available payment modalities,PAYMENT
need assistance to reset my user profile pin code,ACCOUNT
i want to retrieve the password of my user account,ACCOUNT
i do not know how i can talk to a human agent,CONTACT
help me to use the platinum profile,ACCOUNT
opening new gold account for daughter,ACCOUNT
i dont know how i can write an opinion for a product,FEEDBACK
problems with swapping a product of purchase,ORDER
want help to enter the goddamn delivery address,SHIPPING
open another pro account,ACCOUNT
could you help me to remove the damn standard account,ACCOUNT
i need help to retrieve my pass,ACCOUNT
i no longer make use of my pro account i try to delete it,ACCOUNT
how can i set my bloody delivery address up,SHIPPING
i need help to talk with a live agent,CONTACT
i have got to see what shipment options i can choose,DELIVERY
i cannot check if there are any news on my rebate,REFUND
i do not know how to notify of a signup error,ACCOUNT
how can i speak to a live agent,CONTACT
need to check order current status how do i do it,ORDER
i lost the bills from show them to me,INVOICE
troubles entering a fucking secondary delivery address,SHIPPING
where to see at what time customer support available is,CONTACT
i have to submit a secondary delivery address,SHIPPING
i dont know how i can talk to an operator,CONTACT
i do not know how i can notify of registration issues,ACCOUNT
help seeing the withdrawal fee,CANCEL
issue entering another shipping address,SHIPPING
i have errors trying to modify the address,SHIPPING
i dont know how to create a premium account for my fiance,ACCOUNT
i dont know how i can purchase something,ORDER
i dont know how i can talk to cstomer support,CONTACT
i have to make a claim,FEEDBACK
i have to check the rebate status i need assistance,REFUND
i do not know how i can locate my bills from,INVOICE
where do i switch to the pro account,ACCOUNT
i want assistance to check how long refunds take,REFUND
updating info on premium account,ACCOUNT
i do not know how to recover my account pass,ACCOUNT
changing data on freemium account,ACCOUNT
how can i give a quick lookat my bill,INVOICE
i have probleems setting the delivery address up,SHIPPING
how long till i obtain a refund of money,REFUND
i cant switch something of purchase,ORDER
i need to call goddamn customer support help me,CONTACT
i do not know what to do to delete the pro account,ACCOUNT
i want help listing ur accepted apyment options,PAYMENT
what do i have to do to talk with bloody customer support,CONTACT
changing data on standard account,ACCOUNT
i try to track order,ORDER
someoe stole my account pin code where could i retrieve it,ACCOUNT
i need assistance informing of signup problems,ACCOUNT
i have got to see when will my package arrive i need help,DELIVERY
i need assistance to give a quick look at the invoice,INVOICE
help me informing of an issue with payments,PAYMENT
i have got to check your payment options will you help me,PAYMENT
how to send my feedback about ur company,FEEDBACK
how do i check the methods for shipping,DELIVERY
help to obtain my money back,REFUND
change details on pro account,ACCOUNT
help cancelling order,ORDER
i need help informing of an issue with payment,PAYMENT
i want to see how long the shipping takes help me,DELIVERY
i need help to leave some feedback about ur services,FEEDBACK
i dont know how i can speak with customer support,CONTACT
problems setting up my secondary delivery address,SHIPPING
are there early termination fees,CANCEL
help me seeing the withdrawal penalty,CANCEL
i do not know what to do to see the cancellation charges,CANCEL
do ya accept card,PAYMENT
i have to retrieve my user account key,ACCOUNT
want help updating my address,SHIPPING
is it possible to see if there are any updates on my refund,REFUND
i do not know how i can submit my feedback for your products,FEEDBACK
help knowing if there is anything wrong with the restitution,REFUND
can ya help me to close my account,ACCOUNT
i need assistance to receive a refund of my money,REFUND
i do not know what to do to create a gold account,ACCOUNT
help me submitting feedback about your company,FEEDBACK
i want assistance to inform of a problem with registrations,ACCOUNT
want help to speak with an person,CONTACT
i have got to change to the account how to do it,ACCOUNT
i want to inform of troubles with payments,PAYMENT
add item to purchase,ORDER
see the status of the reimbursement,REFUND
i dont know what to do to download my bill,INVOICE
i cannot submit another shipping address,SHIPPING
deleting user,ACCOUNT
assistance to crete a platinum account,ACCOUNT
modifying details on freemium account,ACCOUNT
i have got to correct the info included on my user profile,ACCOUNT
i cant retrieve my goddamn user access key,ACCOUNT
i try to see how long it takes for the product to arrive,DELIVERY
what do i need to do to purchase several of your product,ORDER
i do not know how i can create a standard account,ACCOUNT
i am trying to change user,ACCOUNT
i need to check the eta of the order,ORDER
i need information about the cancellation of my account,ACCOUNT
i want help taking a quick look at bill,INVOICE
i dont know what i need to do to correct my address,SHIPPING
how to see what payment methods are available,PAYMENT
i need to use the bloody profile can you help me,ACCOUNT
need assistancetalking with customer service,CONTACT
how do i inform of a problem with a signup,ACCOUNT
i cannot check ur money back guarantee,REFUND
i need help to cancel the newsletter subscription,SUBSCRIPTION
i need information about the removal of a gold account,ACCOUNT
i want help regarding my signup,ACCOUNT
how do i edit some of the details included on my account,ACCOUNT
i do not know what i need to do to modify the address,SHIPPING
i need help with adding an article to order,ORDER
i have to ask for goddamn refunds,REFUND
i want to check what shipping options are there,DELIVERY
help me to make a claim against your compay,FEEDBACK
what do i have to do to close the account,ACCOUNT
i have an error with my signup,ACCOUNT
i have got to obtain a compensation of money,REFUND
wanna check the termination penalties,CANCEL
i want assistance talking with a human agent,CONTACT
editting details on gold account,ACCOUNT
i cannot make a payment where do i report an error,PAYMENT
the payment failed i need help to report errors with payment,PAYMENT
could i contact an operator,CONTACT
error setting a secondary delivery address up,SHIPPING
help me notify of problems with registrations,ACCOUNT
is it possible to order some of your article,ORDER
what do i have to do to locate purchase,ORDER
i am calling to lodge a complaint against your business,FEEDBACK
help me to file a complaint against your organization,FEEDBACK
need help solving an error wity online payments,PAYMENT
i want to check the goddamn rebate status how to do it,REFUND
i want to report problems with a damn signup,ACCOUNT
help me file a customer complaint,FEEDBACK
see in what cases can i request refunds,REFUND
cnange info on standard account,ACCOUNT
i dont know how to set up my shipping address,SHIPPING
i am calling to file a complaint against your organization,FEEDBACK
where can i find information about the shipping period,DELIVERY
i do not nkow what i have to do to order a few of your item,ORDER
i dont know how to list the payment methods,PAYMENT
can i see in which situations can i request to be refunded,REFUND
clsoe platinum account,ACCOUNT
need help with cancelling purchase,ORDER
id like to obtain an reimbursement of money,REFUND
i have to see my damn bills from,INVOICE
i have an issue trying to correct the shipping address,SHIPPING
can you help me sending my feedback for your services,FEEDBACK
the shipment options,DELIVERY
could i set up the shipping address,SHIPPING
how can i reset my user profile password,ACCOUNT
notify of errorw with online registration,ACCOUNT
need assistance to speak with customer support,CONTACT
how do i track purchase,ORDER
i aint registered yet i try to open a account,ACCOUNT
how can i give a quick look at my bill,INVOICE
i have problems with cancelling order,ORDER
i want help to inform of an error with registrations,ACCOUNT
can ya help me to request a refund of my money,REFUND
i have bought some items cancel order,ORDER
i need help seeing how soon can i expect my purchase,DELIVERY
is it possible to see in which cases can i ask for a refund,REFUND
download ibll,INVOICE
i have to modify my shipping address,SHIPPING
i need to lodge a claim against your organization,FEEDBACK
how do i locate my goddamn invoicesfrom,INVOICE
how do i see if there are any news on the restitution,REFUND
i am trying to get in touch with customer service,CONTACT
assistance to get a rebate,REFUND
where can i get information about creating gold accounts,ACCOUNT
can i download my invoice from,INVOICE
i dont know what to do to modify my bloody user account,ACCOUNT
i purchased some product cancel order,ORDER
i need help seeing the early termination fees,CANCEL
is it possible to speak to someone,CONTACT
neerd help buying some bloody products,ORDER
there is a problem setting my new shipping address up,SHIPPING
want help to inform of errors with payments,PAYMENT
can uhelp me use the account,ACCOUNT
i try to see what payment methods are available,PAYMENT
i want assistance calling customer support,CONTACT
i have got to order several of ur product,ORDER
what do i need to do to correct my shipping address,SHIPPING
i want assistance getting my invoice,INVOICE
i want help to file a reclamation against your business,FEEDBACK
i want assistance to ask for a reimbursement of money,REFUND
i need help seeing ur monbey back policy,REFUND
would it be possible to notify of a fucking signup error,ACCOUNT
i dont know how to submit a delivery address,SHIPPING
i want assistance to delete a bloody gold account,ACCOUNT
help downloading my goddamn bills from,INVOICE
how to get bill,INVOICE
i have to check if there are any news on the restitution,REFUND
need help to check order status,ORDER
i do not know what to do to obtain a rebate,REFUND
i need help to subvmit some feedback about ur products,FEEDBACK
assistance changing to the premium account,ACCOUNT
is it possible to switch to the account,ACCOUNT
help me seeing the early exit fee,CANCEL
could uhelp me purchase a goddamn item,ORDER
i want to check what payment methods are allowed help me,PAYMENT
help canceling my standard account,ACCOUNT
where can i cancel purchase,ORDER
help me to download the invoice,INVOICE
can utell me about a shipping addres modification,SHIPPING
i have to see how long the shipment takes i need help,DELIVERY
i need to receive your company newsletter how to do it,SUBSCRIPTION
i have to delete an product from order,ORDER
i have to check the eta of order ohw do i do it,ORDER
i dont know how to take a quick look at invoice,INVOICE
i dont know what i need to do to see the termination fees,CANCEL
my shipping address changed can you update it,SHIPPING
i do not know how to switch to the platinum account,ACCOUNT
what do i have to do to buy some items,ORDER
want assistance seeing what methods for delivery i have,DELIVERY
assistance changing to the account,ACCOUNT
i am trying to see how soon can i expect my fucking product,DELIVERY
where do i get my bills from,INVOICE
where could i request refunds,REFUND
i have problems with the removal of my account,ACCOUNT
i need help to check the current status of my refund,REFUND
tell me more about updating the address,SHIPPING
i try to talk to a live agent,CONTACT
i have to cancel my newsletter subscription how do i do it,SUBSCRIPTION
where to lodge a customre claim against ur organization,FEEDBACK
could uhlep me to check how soon can i expect the damn order,DELIVERY
how do i see the current status of the refund,REFUND
can you help me lodging a reclamation,FEEDBACK
where to see what payment methods are available,PAYMENT
i dont know what i have to doto get refunds of my money,REFUND
i have to list your accepted payment methods i need help,PAYMENT
am i entitled to a reimbursement,REFUND
i need support changing the delivery address,SHIPPING
assistance to see the shipping methods,DELIVERY
can uhelp me requesting rebates,REFUND
i want help to check when will my purchase arrive,DELIVERY
help me check what hours i can contact customer assistance,CONTACT
need assistance to update the shipping address,SHIPPING
can i list the available payment methods,PAYMENT
download bill,INVOICE
i want assistance changing to the standard account,ACCOUNT
can utell me more about delivery periods,DELIVERY
i nerd to check the eta of the purchase,ORDER
i dont know how i can download my invoice,INVOICE
i have got to see when will my item arrive can you help me,DELIVERY
i do not know how to speak to an assistant,CONTACT
i cant reset the passwodr of my profile,ACCOUNT
need help to contact a human agent,CONTACT
i dont know what to do to delete a gold account,ACCOUNT
i need assistance to earn na item,ORDER
assistance to restore the pin of my account,ACCOUNT
i want information about standard account deletions,ACCOUNT
can you help me using the profile,ACCOUNT
i want assistance getting the bill,INVOICE
i have chosen a wrong shipping address how do i update it,SHIPPING
i want assistance to see in what cases can i ask for refunds,REFUND
is it possible to create a account,ACCOUNT
i want to correct my user info,ACCOUNT
i submitted a wrong delivery address can i modify it,SHIPPING
assistance to see your money back guarantee,REFUND
can uhelp me to cancel purchase,ORDER
where can i get information about editing the address,SHIPPING
i cannot talk to a person,CONTACT
i need help to give a quick look at invoice,INVOICE
create new premium account,ACCOUNT
how can i get information about creating standard accounts,ACCOUNT
i want help to use the profile,ACCOUNT
i dont know how i can reset my profile pin code,ACCOUNT
need help to see what hours i can reach customer assistance,CONTACT
can i entedr the new shipping address,SHIPPING
i have got to sign up to your newsletter,SUBSCRIPTION
need hepl looking for my invoices from,INVOICE
i dont know how to inform of issues wth online payments,PAYMENT
need help to open a freemium afcount for my daughter,ACCOUNT
i have to see in what cases can i request a reimbursement,REFUND
i try to make a consumer claim against your business,FEEDBACK
how to contact a human agent,CONTACT
i want to check how long reimbursements take i need help,REFUND
could you help me opening a standard account,ACCOUNT
will you show me how soon can i expect my shipment,DELIVERY
will you show me the termination charge,CANCEL
correcting data on account,ACCOUNT
i want assistance to use the standard profile,ACCOUNT
i need help checking the allowed payment modalities,PAYMENT
help ot leave my feedback for a service,FEEDBACK
is there an address to send a review,FEEDBACK
i do not know how i can open a premium account,ACCOUNT
i want assistance cancelling the premium account,ACCOUNT
i am trying to see the status of purchase,ORDER
updaing info on platinum account,ACCOUNT
how do i see your payment modalities,PAYMENT
where to notify of problems with an signup,ACCOUNT
i have problems with the cancellation of a account,ACCOUNT
where can i check the current status of my rebate,REFUND
i dont want this artilce cancel order,ORDER
i try to check what shipping methods are available,DELIVERY
i submitted a wrong address by mistake can you edit it,SHIPPING
where to check what payment payment modalities are available,PAYMENT
i want help to check the current status of my compensation,REFUND
i need to send feedback for a product help me,FEEDBACK
i dont know how to report an issue with online payments,PAYMENT
where do i set up another shipping address,SHIPPING
canceling account,ACCOUNT
assistance to solve issues with online payment,PAYMENT
i need help seeing the termination fees,CANCEL
help me seeing in what cases can i request a reimbursement,REFUND
assiustance tracking purchase,ORDER
i have to see purchase status how can i do it,ORDER
i want herlp to obtain reimbursements of money,REFUND
i purchased some damn product help me cancel order,ORDER
i do not know what i need to do to purchase several items,ORDER
assistance to see if there are any news on the refund,REFUND
shipping address issue,SHIPPING
i don know what to do to see the payment modalities,PAYMENT
want assistance to speak to a live agent,CONTACT
how could i check the goddamn termination fee,CANCEL
i want assistance to check my reimbursement status,REFUND
ohw to cancel order,ORDER
i do notknow what i have to do to get the bill,INVOICE
want help to list ur available payment methods,PAYMENT
i would like to cancel the subscription to the newsletter,SUBSCRIPTION
i am trying to change my delivery address,SHIPPING
help me to see what hours customer support available is,CONTACT
i want help receoving the newsletter,SUBSCRIPTION
could uhelp me close a freemium account,ACCOUNT
help to check what hours i can reach customer service,CONTACT
i do not know what to do to talk to customer service,CONTACT
i have got to see the accepted payment options i need help,PAYMENT
can i use the profile,ACCOUNT
how do i switch to the standard account,ACCOUNT
how to contact customer assistance,CONTACT
i dont know how i can inform of payment issues,PAYMENT
can uhelp me see how soon can i expect the artikcle,DELIVERY
i need assistance to correct my delivery address,SHIPPING
help to see your accepted payment modalities,PAYMENT
i dont know how to lodge a customer complaint,FEEDBACK
can you help me locate the invoice,INVOICE
can you help me receiving a compensation,REFUND
i have to see when will my item arrive i need assistance,DELIVERY
i want assistance to set up a secondary delivery address,SHIPPING
i have to set up my shipping address i need assistance,SHIPPING
how do i update the information included on my account,ACCOUNT
need to change some of my user details how to do it,ACCOUNT
need to change the info on my user account,ACCOUNT
can i check how soon can i expect my package,DELIVERY
i cannot create a freemium account for my dad,ACCOUNT
wanna see what shipment methods i can choose how do i do it,DELIVERY
i need help downloading my bill,INVOICE
i want to unsubscribe from your newsletter can you help me,SUBSCRIPTION
i ma trying to see the status of order,ORDER
switch to the account,ACCOUNT
check under which circumstances can i ask for refunds,REFUND
awnna see in what cases can i request reimbursements,REFUND
i camt make a transfer can i report payment errors,PAYMENT
how to receive a compensation of my money,REFUND
open a acount for my dad,ACCOUNT
i want to see your reimbursement policy i need assistance,REFUND
can oyu tell me about the shipping period,DELIVERY
can you help me notifying of issues with a registration,ACCOUNT
i do not know how to make an order,ORDER
can ya help me to get the bill from,INVOICE
help seeing how long it takes for my shipment to arrive,DELIVERY
where to report a problem with signup,ACCOUNT
i want assistance to remove the standard account,ACCOUNT
wana swap a damn product of order help me,ORDER
i have a problem changing my delivery address,SHIPPING
in what cases can i request to be refunded,REFUND
what do i have to do to talk to customer service,CONTACT
need to see the invoices from how do i do it,INVOICE
can i report a problem with a signup,ACCOUNT
i dont know how i can shop several of your product,ORDER
there are problems trying to modify the shipping address,SHIPPING
how can i see the status of my newsletter subscription,SUBSCRIPTION
is it possible to get in touch with customer assistance,CONTACT
see the early exit charges,CANCEL
where can i see the withdrawal charges,CANCEL
i entered a wrong delivery address can you correct it,SHIPPING
i would like to see the status of my compensation,REFUND
wshere do i list ur allowed payment options,PAYMENT
i need help checking how soon can i expect my parcel,DELIVERY
i need assistance speaking to an assistant,CONTACT
closing account,ACCOUNT
open account,ACCOUNT
i am trying to make a claim,FEEDBACK
want help to open a account for my dad,ACCOUNT
i have to report a problem with payments,PAYMENT
will umail me the bills from,INVOICE
y i cannot enter my secondary shipping address valid,SHIPPING
i need to check the cancellation charge,CANCEL
i can no longer afford order can i cancel it,ORDER
i need help seeing the early termination fee,CANCEL
information about a pin recovery,ACCOUNT
i want assistance getting bill,INVOICE
i want to correct my address i need help,SHIPPING
updating freemium account,ACCOUNT
help checking in what situations can i ask to be refunded,REFUND
where do i reset the password fo my user profile,ACCOUNT
i dont know what i need to do to cancel a pro account,ACCOUNT
i do not know what i need to do to retrieve my pin code,ACCOUNT
how can i receive your fucking company newsletter,SUBSCRIPTION
edit pro account,ACCOUNT
is there a section to submit some feedback for your conpany,FEEDBACK
there are issues trying to edit the shipping address,SHIPPING
can uhelp me unsubscribe to the company newsletter,SUBSCRIPTION
i need to update order,ORDER
need to see what shipment options are there how to do it,DELIVERY
i have errors setting the secondary shipping address up,SHIPPING
can ya help me writing a comment about a product,FEEDBACK
i have got to restore the pin of my user how to do it,ACCOUNT
i need to see how long reimbursements take how do i do it,REFUND
i chose a wrong shipping address how do i update it,SHIPPING
can ya help me to solve a payment problem,PAYMENT
how long does the shipping take,DELIVERY
can uhelp me to chat with somebody,CONTACT
want help listing ur allowed payment methods,PAYMENT
i aint registered i want to create a pro account,ACCOUNT
where can i send some feedback for ur products,FEEDBACK
delieries to,DELIVERY
help me to check when my item is gonna arrive,DELIVERY
i want to update my user profile,ACCOUNT
could you help me to close my account,ACCOUNT
i need assistance to contact a live agent,CONTACT
i cant contact an agent,CONTACT
what do i have to do to see when my order is gonna arrive,DELIVERY
how do i inform of problems with an signup,ACCOUNT
i need to enter a shipping address,SHIPPING
i have to edit the personal information,ACCOUNT
i hav got to change order help me,ORDER
assistance recovering the access key of my account,ACCOUNT
help to locate purchaes,ORDER
i do not knowwhat to do to give a quick look at bill,INVOICE
helo to contact an assistant,CONTACT
i dont know what to do to see the early termination fees,CANCEL
i need help modifying order,ORDER
how to report an error with online payments,PAYMENT
wanna edit the info on my account i need help,ACCOUNT
i dont know how to see the withdrawal fees,CANCEL
how do i write a comment about your services,FEEDBACK
trouble setting up my new delivery address,SHIPPING
i dont know how i can buy a few of ur product,ORDER
im waiting for a compensation of,REFUND
how to check how long it takes for the parcel to arrive,DELIVERY
i dont know how i can shop some items,ORDER
removing freemium account,ACCOUNT
i need help signing up to the newsletter,SUBSCRIPTION
i try to report a problem with payment,PAYMENT
need help to leave feedback for ur products,FEEDBACK
i cant understand you can i chat with a human agent,CONTACT
i do not know how to check the cancellation penalties,CANCEL
i need assistance to speak with customer service,CONTACT
can i see the available payment methods,PAYMENT
i have to see how long i takes for my article to arrive,DELIVERY
i dont know what i need to do to download my bill,INVOICE
i need to make a customer complaint against your company,FEEDBACK
can you help me demand refunds,REFUND
canceling account,ACCOUNT
i have to get my bill from will you help me,INVOICE
i need help listing the bloody payment methods,PAYMENT
can i receive your newsletter,SUBSCRIPTION
i do not know what to do to acquire some of ur article,ORDER
need to file a bloody consumer reclamation how can i do it,FEEDBACK
i try to see whne will my item arrive,DELIVERY
i do not know what to do to modify my address,SHIPPING
i want information about creating a account,ACCOUNT
assistance to see what hours i can contact customersupport,CONTACT
i dont know how i can see your refund policy,REFUND
i would like to acquire something how to do it,ORDER
reporting registration issues,ACCOUNT
want assistance to download my invoice,INVOICE
how can i get information about receiving ur newsletter,SUBSCRIPTION
i want to ask for rebates,REFUND
need assistance to retrieve the pwd of my user,ACCOUNT
i do not know what i have to do to make a reclamation,FEEDBACK
want assistance updating my account,ACCOUNT
i lost my user pin what do i have to do to reset it,ACCOUNT
i have to check how soon can i expect the order,DELIVERY
i have a provlem with cancelling order,ORDER
assistance seeing the current status of purchase,ORDER
i would like to edit my personal information i need help,ACCOUNT
tell available payment modalities,PAYMENT
i do not know how i could cancel purchase,ORDER
i dont know what to do to notify of an issue with a signup,ACCOUNT
i want assistance checking the payment modalities,PAYMENT
want help norifying of a payment issue,PAYMENT
opdn gold account,ACCOUNT
mail em the bill,INVOICE
where could i see your payment modalities,PAYMENT
i want help recovering my account access key,ACCOUNT
how to check whatg hours i can reach customer support,CONTACT
i dont know what to do to delete my gold account,ACCOUNT
i cant locate my bill from,INVOICE
id like information about changing order,ORDER
i dont know what to do to check when will my parcel arrive,DELIVERY
help me see in what cases can i request to be reimbursed,REFUND
i want assistance to leave a comment,FEEDBACK
i have got to file a customer reclamation how do i do it,FEEDBACK
i made a mistake help me change order,ORDER
i cannot change to the account,ACCOUNT
want supports trying to modify the delivery address,SHIPPING
need help receiving ur cororate newsletter,SUBSCRIPTION
i want to see the fucking eta of the order,ORDER
i would like to edit purchase how could i do it,ORDER
tell me what hours i can get in touch with customer support,CONTACT
will you give me information about updating the address,SHIPPING
i need help to reset the pwd of my user account,ACCOUNT
checking current status of purchase,ORDER
help me shop several damn articles,ORDER
help me to check my bill from,INVOICE
i have to submit my feedback about a service help me,FEEDBACK
i try to chat with an operator,CONTACT
how can i see the early exit penalies,CANCEL
can you help me to set a shipping address up,SHIPPING
assistance to report errors with signup,ACCOUNT
how do i make a claim against your company,FEEDBACK
i dont know what i have to do to do a pucrhase,ORDER
see what payment optionsx are allowed,PAYMENT
could you tell me about updating my delivery address,SHIPPING
i need assistance takinmg a quick look at invoice,INVOICE
help to report problems with registrations,ACCOUNT
can you help me seeing in what cases can i request refunds,REFUND
how to set up another delivery dadress,SHIPPING
can you show me in which situations can i ask for refunds,REFUND
there are problems trying to update my address,SHIPPING
editing gold account,ACCOUNT
i have to find the bill,INVOICE
i cant set a new delivery address up,SHIPPING
i want assistance to check the termination fees,CANCEL
i would like to shop an item can i get some help,ORDER
open nw account for daughter,ACCOUNT
how could i check the early termination fees,CANCEL
i am trying to get reimbursements of my money,REFUND
i cannot find the withdrawal penalty could you help me,CANCEL
can you help me purchaqse some of your item,ORDER
correct information on account,ACCOUNT
i cant see the current status of purchase,ORDER
i dont know how i can locate bill,INVOICE
order change,ORDER
how could i track the compensation,REFUND
need assistance to acquire a product,ORDER
i do not know how i can send feedback about your services,FEEDBACK
want assistance seeing in what cases can i request a refund,REFUND
where can i submit the secondary delivery address,SHIPPING
i have got to check the damn withdrawal penalty,CANCEL
where do i retrieve my user password,ACCOUNT
when am i ovtaining my money back,REFUND
modifying order,ORDER
want help reporting a trouble with online payment,PAYMENT
i want assistance to inform of a signup problem,ACCOUNT
how do i check when will my parcel arrive,DELIVERY
what do i need to do to see the early terminaion charges,CANCEL
i do not know how to close a account,ACCOUNT
what do i have to do to see my invoice,INVOICE
help solving a problem with online payment,PAYMENT
problems setting up the delivery address,SHIPPING
help me to see in which cases can i request a reimbursement,REFUND
problem with creatingmy account,ACCOUNT
can you help me to open a standard account,ACCOUNT
i want assistance notifying off an error with online payment,PAYMENT
i have troubles modifying the fucking shipping address,SHIPPING
i want help retrieving the pin code of my user profile,ACCOUNT
see ibll,INVOICE
i have got to file a bloody reclamation will you help me,FEEDBACK
i want assistance editing the shipping address,SHIPPING
how can i erdit purchase,ORDER
order cancellation,ORDER
can you help me enter a new delivery address,SHIPPING
i need to remove the account,ACCOUNT
could you help me asking for a refund of my money,REFUND
can uhelp me canceling order,ORDER
i dont know how to inform of problems with a signup,ACCOUNT
i do not know what to do to check your reimbursement policy,REFUND
can you help me inform of fucking troubles with payments,PAYMENT
i do not know how i can buy several items,ORDER
i have got to see your payment modalities i need help,PAYMENT
help me call customer service,CONTACT
wanna use the pro pprofile,ACCOUNT
can you help me to see your allowed payment modalities,PAYMENT
i expect a reimbursmeent of dollars,REFUND
want assistance locating purchase,ORDER
where do i request reimburseents,REFUND
i dont know what to do to close a pro accoount,ACCOUNT
i want help entering a secondary shipping address,SHIPPING
i want assistance to get my invoice,INVOICE
where can i acquire some items,ORDER
i do not know what to do to get my bills from,INVOICE
submitting differemt shipping address,SHIPPING
i dont know what to do to send feedback for a product,FEEDBACK
i dont know how i could check my bill,INVOICE
i do not know what to do to earn some items,ORDER
help resetting my profile password,ACCOUNT
how do i shop some products,ORDER
show me how long it normally takes for my item to arrive,DELIVERY
how do i speak with an agent,CONTACT
leave review for your services,FEEDBACK
could you help me canceling purchase,ORDER
lodging customer claim against ur company,FEEDBACK
can you help me seeing the invoice from,INVOICE
wanna notify of goddamn errors with online payment,PAYMENT
updating pro account,ACCOUNT
can ya help me remove some products from order,ORDER
need to inform of a registration issue,ACCOUNT
want assistance setting my delivery address up,SHIPPING
want help seeing in which situations can i ask for a refund,REFUND
can you help me get in touch with customer service,CONTACT
i have to download the invoices from,INVOICE
i want to see what shipping options i have how can i do it,DELIVERY
i am unhappy with your work i have to file a damn claim,FEEDBACK
hwat do i need to do to contact an operator,CONTACT
i need assistance filing a consumer claim against ur company,FEEDBACK
i dont know what i habe to do to get my bill,INVOICE
i have to see in what cases can i request refunds help me,REFUND
i am calling to get invoice,INVOICE
there is any updates on my rebate,REFUND
i would like to talk to a operator,CONTACT
i do not knwo how i can list the accepted payment options,PAYMENT
i do not know what to do to remove a damn platinum account,ACCOUNT
i am calling to download my invoices from,INVOICE
i want assistance to acquire several of your product,ORDER
i want help to check the eta of order,ORDER
i do not know what i have to do to get my invoice,INVOICE
get refund,REFUND
i have to look for the bills from,INVOICE
could i place an order from,DELIVERY
help me seeing in what cases can i ask for refunds,REFUND
updating information on premium account,ACCOUNT
i am trying to inform of an issue with registrations,ACCOUNT
where can i get the bill,INVOICE
assistance to see in which cases can i ask for refunds,REFUND
edit order,ORDER
i have got to download the invoice how can i do it,INVOICE
want assistance checking the temrination charge,CANCEL
where can i notify of errors with payment,PAYMENT
help seeing the current status of purchase,ORDER
tell me about the subscription to the corporate newsletter,SUBSCRIPTION
i do not know how to see the early termination penalty,CANCEL
i cant edit my shippin address,SHIPPING
i dont know what i have to do to inform of signup issues,ACCOUNT
where to change to the freemium account,ACCOUNT
i want to open an account,ACCOUNT
issue creating user,ACCOUNT
i want to see the bill help me,INVOICE
i have got to change to the freemium account help me,ACCOUNT
i have to see the withdrawal penalties,CANCEL
can uhelp me to talk to a person,CONTACT
help to check in which cases can i erquest my money back,REFUND
i need help checking what delivery methods i can choose,DELIVERY
how do i see the current status of the reimbursement,REFUND
help earning some of youe article,ORDER
i need assistance to file a claim against your business,FEEDBACK
help me getting in touch with customer assistance,CONTACT
need help recovering the pin of my profile,ACCOUNT
assistance to swee the accepted payment options,PAYMENT
how can i take a quick look at my invoice from,INVOICE
i dont know how i can inform of errors with signup,ACCOUNT
where to see at what time i can call customer support,CONTACT
mldifying account,ACCOUNT
could ya help me requesting compensations of my money,REFUND
help reporting fucking signup problems,ACCOUNT
i need help changing several articles of purchase,ORDER
i have an issue modifying the bloody address,SHIPPING
i have a question about a shipping address change,SHIPPING
help to add some products to purchjase,ORDER
i need assistance to buy a few of ur item,ORDER
use gold acdcount,ACCOUNT
need help to set up my secondary delivery address,SHIPPING
edit data on gold account,ACCOUNT
i cant pay help informing of issues with payment,PAYMENT
see the invoice,INVOICE
i need to check your refund policy how to do it,REFUND
i dont know how i could track the compensation,REFUND
i want help to file a consumer reclamation,FEEDBACK
i have got to lodge a consumer claim,FEEDBACK
i have to buy a product,ORDER
open a freemium account for my dad,ACCOUNT
checking purchase status,ORDER
wanna get the invoice from help me,INVOICE
watn assistance recovering my account pass,ACCOUNT
there are issues trying to update the goddamn address,SHIPPING
need help deleting my account,ACCOUNT
i do not know how i can check your money back guarantee,REFUND
want assistance to make a reclamation against ur business,FEEDBACK
i need assistance changing the user information,ACCOUNT
where do i lodge a consumer reclamation,FEEDBACK
i have to use the freemium account could ya help m,ACCOUNT
where do ileave feedback about a product,FEEDBACK
need assistance downloading my bill from,INVOICE
i dont know what to do to check the early exit fee,CANCEL
help to check what shipment options are there,DELIVERY
i need to see how soon can i expect my item help me,DELIVERY
want assistance to retrieve the pin code of my user account,ACCOUNT
i am trying to find information about updating the address,SHIPPING
i need assistance to speak to an operator,CONTACT
is it possible to ask for a refund of my money,REFUND
i want to check what payment payment modalities yu accept,PAYMENT
i have to report payment problems,PAYMENT
i have got to see the payment opitons how to do it,PAYMENT
what do i have to do to buy several damn articles,ORDER
help adding some items to purchase,ORDER
i need assistance to see what methods for delivery you offer,DELIVERY
can i notify of an error with registrations,ACCOUNT
can ya help me using the premium profile,ACCOUNT
i dont know how to resetthe damn pwd of my user account,ACCOUNT
i want assistance to notify of a problem with a registration,ACCOUNT
can ya help me to see the eta of the purchase,ORDER
i do not know how to set up a secondary shipping address,SHIPPING
help me recovering my user profile access key,ACCOUNT
i need to set my shipping address up how do i do it,SHIPPING
switch to account,ACCOUNT
correcting info on gold account,ACCOUNT
could i list ur accepted payment options,PAYMENT
what do i have to do to chat with an operator,CONTACT
i do not know what i have to do to report payment issues,PAYMENT
get bill,INVOICE
i dont know what i have to do to close the account,ACCOUNT
i do not know how to acquire several of ur product,ORDER
check restitution current status,REFUND
modifying info on standard account,ACCOUNT
create gold cacount,ACCOUNT
i have to speak with a person,CONTACT
i need help making a complaint,FEEDBACK
notifyof issues with online payment,PAYMENT
how do i cyat with a person,CONTACT
shipping to,DELIVERY
i dont know how to inform of paymentissues,PAYMENT
i want assistance canceling order,ORDER
i need to unsubscribe from the newsletter how can i do it,SUBSCRIPTION
i have got toedit the address,SHIPPING
wanna see the allowed payment methods,PAYMENT
i dont know how to inform of an issue with signup,ACCOUNT
can you help me to request a reimbursement of money,REFUND
i have got to close a premium account i need help,ACCOUNT
im experiencing errors registering what do i have to do,ACCOUNT
how can i make a complaint against your company,FEEDBACK
i have to close my standard account how do i do it,ACCOUNT
wanna cancel the subscription to the newsletter help me,SUBSCRIPTION
where can i inform of a damn signup issue,ACCOUNT
i want to see when my purchase is going to arrive,DELIVERY
can you tell me the damn accepted payment methods,PAYMENT
can you help me file a customer claim,FEEDBACK
i want to demand compensations of money,REFUND
cancel gold account,ACCOUNT
i want assistance seeing the methods for shipment,DELIVERY
is it possible to demand refunds of my money,REFUND
i want help canceling the standard account,ACCOUNT
i want assistance to find my bills from,INVOICE
wanna add several products to order how can i do it,ORDER
show me in which cases can i request a refund,REFUND
i have got to list the payment modalities help mne,PAYMENT
assistance seeing the cancellation charge,CANCEL
need help seeing how long the shipment takes,DELIVERY
help me to set up the delivery address,SHIPPING
help to inform of troubles with online payments,PAYMENT
i watn help purchasing a product,ORDER
what is your customer service phone number,CONTACT
i need assistance buyig several of ur article,ORDER
i have got to list the damn payment methods how to do it,PAYMENT
need assistance to request a compensation of money,REFUND
i want to send my feedback about a product,FEEDBACK
i do not kow how to lodge a consumer claim,FEEDBACK
where do i see the early termination fees,CANCEL
i want help seeing in what cases can i ask to be refunded,REFUND
can ya help me report an issue with signup,ACCOUNT
i do not know what i have to do to get my bill,INVOICE
create standard cacount,ACCOUNT
i need to subscribe to the company newsletter,SUBSCRIPTION
i want assistance notifyin of signup problems,ACCOUNT
i want help to open a account,ACCOUNT
i have to see when will my article arrive,DELIVERY
what do i have to do to contact someone,CONTACT
modify information on platinum acfount,ACCOUNT
help to use the account,ACCOUNT
what do i have to do to cancel my platinum account,ACCOUNT
where can i check how soon can i expect my product,DELIVERY
i need assistance informing of problems with online payment,PAYMENT
i dont know what to do to inform of errors with payment,PAYMENT
i have to make a reclamation,FEEDBACK
i cannot open a user how do i inform of signup problems,ACCOUNT
how can i inform of an error with a signup,ACCOUNT
i try to file a reclamation against your business,FEEDBACK
another account for father,ACCOUNT
how could i check the early termination charges,CANCEL
i need assistance to speak to na assistant,CONTACT
i dont know what i need to do to report errors with signup,ACCOUNT
i have to see the eta of order,ORDER
i am looking for information about the shipping period,DELIVERY
i need help to change to the account,ACCOUNT
i cannot open a user i have to inform of a signup issue,ACCOUNT
i need to change to the account how to do it,ACCOUNT
i need to talk to an operator could i get some help,CONTACT
help me speaking with customer assistance,CONTACT
how to get the bill from,INVOICE
i dont know how to change the shipping address,SHIPPING
can ya help me list the available payment modalities,PAYMENT
i need to create a account for my fiance,ACCOUNT
i need help setting up my new delivery address,SHIPPING
can you help me making a claim against your organization,FEEDBACK
i have got to lodge a complaint can i get some help,FEEDBACK
need help touse the account,ACCOUNT
i want assistance seeing the early exit charges,CANCEL
i have to remove an item from order,ORDER
i try to see in what situations can i request to be refunded,REFUND
i cant redtore my bloody user pwd,ACCOUNT
i want help to see when will my item arrive,DELIVERY
i cannot remember my user key i want to reset it,ACCOUNT
i would like to see in which cases can i request a refund,REFUND
modify data on account,ACCOUNT
i have got to check how soon can i expect my order help me,DELIVERY
what do i need to do to download my invoice,INVOICE
how do i talk with a agent,CONTACT
where could i order a product,ORDER
help me setting up the new delivery address,SHIPPING
wanna get the bills from how can i do it,INVOICE
i am looking for information about an address modification,SHIPPING
need assistance notifying of an issue with signup,ACCOUNT
i have to notify of problems with payments,PAYMENT
i expect a fucking ocmpensation of was it processed,REFUND
wqhere to see purchase current status,ORDER
i dont know how to chat with an operator,CONTACT
i want assistance to receive your newsletter,SUBSCRIPTION
i want help to file a claim against your organization,FEEDBACK
i need help leaving feedback about a service,FEEDBACK
help to talk with customer assistance,CONTACT
how to report errors with payment,PAYMENT
i have to see in which cases can i askfor my money back,REFUND
i have lost my account access key where can i recover it,ACCOUNT
what is the shipping period for this order,DELIVERY
i dont know what to do to remove a aaccount,ACCOUNT
where can i receive the company newsletter,SUBSCRIPTION
wanna leave an opinion,FEEDBACK
i want help to recover my damn user profile key,ACCOUNT
i try to check the early exit penalties,CANCEL
problems with the termination of a account,ACCOUNT
see what hours i can contact customer support,CONTACT
i want help resetting the pwd of my account,ACCOUNT
can you help me to cancel order,ORDER
correcting infornation on gold account,ACCOUNT
editdata on account,ACCOUNT
need assitance setting my new delivery address up,SHIPPING
i need help adding an article to purchase,ORDER
i can no longer afford order could i cancel it,ORDER
help resetting the password of my account,ACCOUNT
is there a section to leave an opinion about a service,FEEDBACK
i have a question about opening pro accounts,ACCOUNT
problems with my standard account removal,ACCOUNT
i have to unsubscribe to ur corporate newsletter,SUBSCRIPTION
i do not know what i need to do to receive reimbursemenrs,REFUND
i dont know what to do to delete the goddamn standard acount,ACCOUNT
i dont know what to do to correct my shipping address,SHIPPING
is there an email to send my feedback about a service,FEEDBACK
can i place an oeder from,DELIVERY
how do i inform of problems with registrations,ACCOUNT
help me to see what shipping options are available,DELIVERY
modifying info on freemium accoumt,ACCOUNT
could you help me see the withdrawal charges,CANCEL
i dont know how i can talk to a human agent,CONTACT
i dont know what to do to see the delivery options,DELIVERY
how to switch an item of purchase,ORDER
i dont know what to do to recover my account key,ACCOUNT
open cacount for wife,ACCOUNT
i have to see the current status of my reimbursement,REFUND
i do not know how to notify of a signup issue,ACCOUNT
help me to take a quick look at my invoice,INVOICE
assistance restoring the goddamn pin code of my user account,ACCOUNT
i dont know what i need to do to remove my standard account,ACCOUNT
reporting issue opening user profile,ACCOUNT
want assistance seeing the status of order,ORDER
want assistance submitting osme feedback for a service,FEEDBACK
i am trying to notify of issues with registrations,ACCOUNT
i do not know how i can enter the new delivery address,SHIPPING
checking the options for shipping,DELIVERY
i want to see the termination fee help me,CANCEL
i need help lodging an reclamation against your company,FEEDBACK
assistance to set my new shipping address up,SHIPPING
i have sisues setting up my secondary shipping address,SHIPPING
i need assistance to shop several of your product,ORDER
help me report problems with a signup,ACCOUNT
i am waiting for a refund of has it been processed,REFUND
i dont know how i could recover my user profile access key,ACCOUNT
want assistance canceling the standard account,ACCOUNT
i need assistance to solve payment errors,PAYMENT
canceling premium account,ACCOUNT
how can i check the withdrawal penalty,CANCEL
can you help me set up my new shipping address,SHIPPING
i do not know how to obtain rebates of money,REFUND
i havent registered can i open a standard account,ACCOUNT
how do i see how long it takes for my delivery to arrive,DELIVERY
i want help to notify of an issue with payments,PAYMENT
i dont know what i have to do to wsitch to the account,ACCOUNT
i have got to receive your company newsletter how to do it,SUBSCRIPTION
i want help to see the rebate status,REFUND
editing premium account,ACCOUNT
can you help me notifying of troubles with online payment,PAYMENT
assistance to check the current status of order,ORDER
where can i see when my item is going to arrive,DELIVERY
i have got ot use the freemium account how could i do it,ACCOUNT
there is a trouble correcting my delivery adxdress,SHIPPING
i dont know how to check ther status of purchase,ORDER
would it be possible to comtact an agent,CONTACT
assistance reporting issues with signup,ACCOUNT
want assistance switching to the premium cacount,ACCOUNT
what do i need to do to speak with an assistant,CONTACT
need assistance witgh cancelling order,ORDER
i need assistance to create a account,ACCOUNT
problem modifying delivery address,SHIPPING
i want help to modify my account,ACCOUNT
how to see if there is anything wrong with my restitution,REFUND
can i check purchase status,ORDER
checking order status,ORDER
i want help to acquire several of your product,ORDER
help checking the eta of purchase,ORDER
i need help to find bill,INVOICE
i have to see what payment methods you acecpt,PAYMENT
where can i see what hours i can reach customer assistance,CONTACT
i try to see in what cases can i ask to be refunded,REFUND
i want to cancel purchase,ORDER
i need to track the compensation how can i do it,REFUND
i do not know what to do to purchase several of ur product,ORDER
how to get bill,INVOICE
where doi see the withdrawal penalties,CANCEL
what do i have to do to talk to a person,CONTACT
can ya help me to switch an item oforder,ORDER
update account,ACCOUNT
i donot know what i have to do to inform of payment issues,PAYMENT
where can i recover the pwd of my user,ACCOUNT
i want assistance to contact somebody,CONTACT
assistance checking the fucking early exit penalties,CANCEL
problem with premium account deletions,ACCOUNT
wanna chat with a person,CONTACT
i do not know what i need to do to get my invoice,INVOICE
how can i find information about account deletions,ACCOUNT
i do not know how to request a rebate of money,REFUND
i cant remove an itme from purchase,ORDER
need assistance to check in what cases can i request refunds,REFUND
i do not know how to list your payment methods,PAYMENT
i would like to retrieve the goddamn pin code of my profile,ACCOUNT
could i check my bill from,INVOICE
help me informing of a problem with signup,ACCOUNT
need assistance to send feedback about a product,FEEDBACK
i do not know what i need to do to talk with somebody,CONTACT
want help to inform of an issue with online payments,PAYMENT
i want help to open a account,ACCOUNT
i need to edit my personal information will you help me,ACCOUNT
i have got to set a secondary delivery address up,SHIPPING
i need assistance ordering some of your article,ORDER
could you help me list the allowed payment modalities,PAYMENT
i want help submitting my feedback about your products,FEEDBACK
i have to speak to customer service can i get some help,CONTACT
what is the bloody customer service phone number,CONTACT
need to noitify of problems with registrations,ACCOUNT
help me checking the damn bills from,INVOICE
what do i have to do to delete a account,ACCOUNT
how to inform of issues with a signup,ACCOUNT
what is your customer support mail,CONTACT
i am calling to see what delivery methods you offer,DELIVERY
assistance to create a standard account,ACCOUNT
how do i buy some articles,ORDER
i have got to talk to a person how can i do it,CONTACT
someone has stolen my pin code how could i retrieve it,ACCOUNT
i dont know how i can obtain rebates,REFUND
see under which circumstances can i ask for refunds,REFUND
getting invoices from eight months ago,INVOICE
i have to see the status of purchase,ORDER
can you help me to shop a goddamn item,ORDER
i cannot chat with an assistant,CONTACT
i do not know what to do to ask for refunds,REFUND
help to see at what time i can reach customer support,CONTACT
i have got to enter a delivery address can you help me,SHIPPING
restore the key of my profile,ACCOUNT
i need assistance correcting the user info,ACCOUNT
i do not know what to do to change to the account,ACCOUNT
i need to see your accepted payment options,PAYMENT
i try to chat with a person,CONTACT
i do not know what to do to write a comment about a product,FEEDBACK
i do not know how i can write a opinion about your services,FEEDBACK
i cant subscribe to thecorporate newsletter,SUBSCRIPTION
what do i have to do to set another shipping address up,SHIPPING
can ya help me update my delivery address,SHIPPING
i am trying to inform of an error with paymenys,PAYMENT
i dont wat order cancel it,ORDER
i need help speaking to somebody,CONTACT
i dont know how to check the early termination charge,CANCEL
where do i correct the fucking shipping address,SHIPPING
i have to report a signup issue can you help me,ACCOUNT
i expect an restitution of,REFUND
information about opening accounts,ACCOUNT
updating data on gold account,ACCOUNT
how can i lodge a customer reclamation against your company,FEEDBACK
can i talk to somebody,CONTACT
i want to notify of registration errors,ACCOUNT
help informing of a problem with online payments,PAYMENT
i need assistance to download the bills from,INVOICE
can i place a bloody order from,DELIVERY
is it possible to check the status of the rebate,REFUND
edit info on account,ACCOUNT
i try to chrck the current status of order,ORDER
i would like to call customer assistance how could i do it,CONTACT
assistance using the platinum profile,ACCOUNT
i cant report errors with signup,ACCOUNT
what do i need to do to notify of an error with a signup,ACCOUNT
my experience with uhas been bad i wanna make a bloody claim,FEEDBACK
help seeing purchase current status,ORDER
deleting premium account,ACCOUNT
i dont know what i have to do to change my address,SHIPPING
question about the termination of my standard account,ACCOUNT
where can i see what hours i can reach customer support,CONTACT
i have to check the payment methods,PAYMENT
where to check how long it takes for my article to arrive,DELIVERY
help me add an item to purchase,ORDER
i have got to purchase several articles,ORDER
will you transfer to me somebody,CONTACT
assistance to check when will my package arrive,DELIVERY
can uhelp me to correct my delivery address,SHIPPING
change info on platinum account,ACCOUNT
errors with online payments,PAYMENT
i have to receive the corporate newsletter could ya help me,SUBSCRIPTION
need help to retrieve my profile pin,ACCOUNT
how to look for my bill fdrom,INVOICE
i have to edit the info on my profile how to do it,ACCOUNT
i need help to open a standard account,ACCOUNT
i want to edit my user profile how could i do it,ACCOUNT
can i create a different bloody account for my father,ACCOUNT
how do i remove a pro account,ACCOUNT
i need assistance restoring my pin,ACCOUNT
do youhave an email address to contact customer service,CONTACT
can i get my bill,INVOICE
where to check how soon can i expect my product,DELIVERY
i need assistance chatting with somebody,CONTACT
ineed help to restore the access key of my account,ACCOUNT
i want to write a comment i need assistance,FEEDBACK
i want assistance to edit order,ORDER
need to reset the password of my user account,ACCOUNT
i do not know how to download my invoice from,INVOICE
cancelin account,ACCOUNT
need assistance trying to edit my address,SHIPPING
i dont know what i have to do to update my shipping address,SHIPPING
modifying data on pro account,ACCOUNT
i want help cancelling my subscription to the newsletter,SUBSCRIPTION
i need help subscribing to your corporate newsletter,SUBSCRIPTION
i need help speaking with a person,CONTACT
can you help me leave a review about your company,FEEDBACK
i dont know what to do to locate the bill from,INVOICE
i cannot create a account,ACCOUNT
customer assistance mail address,CONTACT
can you help me notifying of a trouble with online payments,PAYMENT
modifying details on premium account,ACCOUNT
i need assistance trying to change my address,SHIPPING
i cant see the current status of order,ORDER
can you help me to obtain compensations of my money,REFUND
need assistance checking ur allowed payment options,PAYMENT
i need assistance to shop a product,ORDER
where can i cancel the corporate newsletter subscription,SUBSCRIPTION
help me to see how soon can i expect the shipment,DELIVERY
ya have an address to submit some feedback abouta product,FEEDBACK
swithcing to gold account,ACCOUNT
im waiting for a goddamn compensation of dollars,REFUND
i do not know how to sign up to the corporate newsletter,SUBSCRIPTION
i have got to send feeback,FEEDBACK
help cancelling my bloody purchase,ORDER
getting invoices from last month,INVOICE
i need assistance seeing my invoice from,INVOICE
i do not know what i need to do to download bill,INVOICE
there are problems trying to edit the delivery address,SHIPPING
could ya help me locae purchase,ORDER
i dont know what to do to call customer support,CONTACT
i am experiencing an issue trying to sign up,ACCOUNT
i do not know what i need to do to close the account,ACCOUNT
i have a trouble changing my delivery address,SHIPPING
i have a problem with the removal of a standard account,ACCOUNT
information about receiving ur company newsletter,SUBSCRIPTION
what do i need to do to see the damn cancellation penalty,CANCEL
wanna see ni which situations can i ask for a refund,REFUND
new standard acount for wife,ACCOUNT
errors setting up the shipping address,SHIPPING
could uhelp me to lodge a customer clain,FEEDBACK
i do not know how to see the status of my rebate,REFUND
i haqve to see at what time i can contact customer service,CONTACT
i call to lodge a fucking claim,FEEDBACK
show me invoice,INVOICE
new standard acount,ACCOUNT
how could i see the cancellation fee,CANCEL
open freemium cacount for wife,ACCOUNT
is it possible to set another goddamn delivery address up,SHIPPING
i need help to make a customer claim against u organization,FEEDBACK
help to correct the information included on my user,ACCOUNT
i want assistnace to use the account,ACCOUNT
i am trying to talk with an agent,CONTACT
is it possible to check when my item is gonna arrive,DELIVERY
i do not know how i can report a registration issue,ACCOUNT
need help speaking with an agent,CONTACT
canya help me canceling my subscription to the newsletter,SUBSCRIPTION
help me to acquire a few of your item,ORDER
how to see the current status of my compensation,REFUND
i do not know how i can check the available payment options,PAYMENT
i want to unsubscribe from the newsletter,SUBSCRIPTION
i try to make a customer reclamation,FEEDBACK
i need help cancelling purchase,ORDER
i want information about the delivery methods,DELIVERY
help to see in which casescan i request reimbursements,REFUND
what is your damn customer assistance number,CONTACT
i lost the invoices from can ya mail them to me,INVOICE
i want assistance to check what payment options are allowed,PAYMENT
i need help seeing how long refunds usually take,REFUND
i want supports trying to update my shippingaddress,SHIPPING
i need to check your reimbursement policy,REFUND
i have to update the data included on my user i need help,ACCOUNT
need help with canceling purchase,ORDER
help seeing in what situations can i request reimbursements,REFUND
how can i get infomation about my pro account cancellation,ACCOUNT
i want help to report registration errors,ACCOUNT
i dont know what i have to do to receive a reimbursement,REFUND
i want help seeing your accepted payment options,PAYMENT
buy artilce,ORDER
i need assistance to check what payment options you accept,PAYMENT
where to lodge a consumer reclamation against ur company,FEEDBACK
i want to use the profile,ACCOUNT
i do not know how i can send my feedback about your company,FEEDBACK
i have problems with deleting an item from order,ORDER
i want assistance to restore my user access key,ACCOUNT
could i change to the gold account,ACCOUNT
want assistance to take a quick look at the invoice,INVOICE
i have got to see how long refunds take will you help me,REFUND
help me demand a compensation of money,REFUND
i want to send some feedback for a product,FEEDBACK
want help correcting my address,SHIPPING
i do not know what i need to do to speak with an assistant,CONTACT
i have paid for an item i wanna get my money back,REFUND
need to see what hours customer assistance available is,CONTACT
i want to check the early exit charges how to do it,CANCEL
how can i talk with somebody,CONTACT
i haev issues correcting my address,SHIPPING
locate purchase,ORDER
need to see what hours i can contacy customer assistance,CONTACT
i need assistance to list the accepted payment options,PAYMENT
i do not know how i can check the options for shipment,DELIVERY
i have got to file a claim against ur business,FEEDBACK
i have to update my user account how could i do it,ACCOUNT
i want to cancel order,ORDER
i want assistance to solve issues with payment,PAYMENT
could you help me lodging a claim,FEEDBACK
need help with switching an item of purchase,ORDER
need to set up my delivery address,SHIPPING
can i file a consumer claim against your organization,FEEDBACK
i need help to see ur available payment methods,PAYMENT
i cant enter the shipping address,SHIPPING
help me seeing at what time i can contact customer support,CONTACT
where to inform of errors with signup,ACCOUNT
help notifying of a fucking error with online payments,PAYMENT
i do not know how i can sign up to the newsletter,SUBSCRIPTION
where to see what payment options are available,PAYMENT
help me to solve a payment problem,PAYMENT
can i see how long it takes for the purchase to arrive,DELIVERY
i havve to sign up to the newsletter i need assistance,SUBSCRIPTION
i do not know how i could check the delivery methods,DELIVERY
i dont know how i could see when my shipment is gonna arrive,DELIVERY
how to see how long it takes for my order to arrive,DELIVERY
i have got to talk to a person,CONTACT
create account,ACCOUNT
want assistance submitting my feedback for a service,FEEDBACK
help me entering the secondary delivery address,SHIPPING
i want assistance seeing the early termination fees,CANCEL
assistance to see what shipment methods i can choose,DELIVERY
is there an address to submit my feedback for your services,FEEDBACK
i expect a reimbursement of,REFUND
how could i get a retsitution of my money,REFUND
can uhelp me check the compensation current status,REFUND
help me writing an opinion for your products,FEEDBACK
i need help cancelling purchase,ORDER
change information on account,ACCOUNT
i have got to submit the new delivery address,SHIPPING
do you have a mail to get in touch with customer assistance,CONTACT
how do i see when my item is going to arrive,DELIVERY
editing informaqtion on account,ACCOUNT
i call to check how soon can i expect my bloody item,DELIVERY
there are troubles correcting the shipping address,SHIPPING
you are not helpful at all can you direct to me a person,CONTACT
where to obtain a refund of my money,REFUND
i want help to cancel order,ORDER
i want assistance to inform of errors with online payment,PAYMENT
i dont know how i can ask for restitutions of my money,REFUND
could you help me solve an error with online payment,PAYMENT
help leaving a comment about your services,FEEDBACK
i need assistance to see your money bac guarantee,REFUND
i need to give a quick look at my invoice help me,INVOICE
edit info on freemium account,ACCOUNT
help checking what hours i can call customer service,CONTACT
want heop downloading the bill from,INVOICE
help to talk with a person,CONTACT
where do i notify of a problem with online payments,PAYMENT
talk to assistant,CONTACT
what do i need to do to see the early exit penalties,CANCEL
i try to contact a live agent,CONTACT
i need to see how long reimbursements take how to do it,REFUND
can you give me information about receiving your newsletter,SUBSCRIPTION
i want help to file a customer complaint,FEEDBACK
assistance to see the withdrawal fees,CANCEL
give me information about updating my delivery address,SHIPPING
i do not know how i could remove the account,ACCOUNT
new premium acount,ACCOUNT
help me contact aperson,CONTACT
can ya show me in what situations can i ask to be reimbursed,REFUND
seeing reimbursement status,REFUND
acquire several products,ORDER
i am waiting for a compensation of,REFUND
help to check the eta of purchase,ORDER
where can i lodge a reclamation against ur business,FEEDBACK
want assistance to inform of registration problems,ACCOUNT
need assistance informing of a trouble with payment,PAYMENT
how can i change my shipping address,SHIPPING
find information about modifying my address,SHIPPING
wamna switch some products of order,ORDER
i need assistance seeing purchase bloody status,ORDER
seeing bil,INVOICE
is it possible to correct the delivery address,SHIPPING
how to track the reimbursement,REFUND
i have got to close the platinum account help me,ACCOUNT
i do not know what i have to do to get my money back,REFUND
is it possible to speak to a human agent,CONTACT
i exepct a compensation of,REFUND
checking the shipment options,DELIVERY
can ya help me to open a account for my dad,ACCOUNT
can you help me to talk to a human agent,CONTACT
i need help cancelling puchase,ORDER
help me create a account,ACCOUNT
what is purchase current status,ORDER
i acnt chat with an assistant,CONTACT
i do not know how i could notify of a signup error,ACCOUNT
i want help trying to correct my shipping address,SHIPPING
need heop seeing the eta of the purchase,ORDER
help me to checkl what payment options are allowed,PAYMENT
i call to check how sono can i expect my order,DELIVERY
i need assistance to create a platinum acfount for my fiance,ACCOUNT
i need help trying to upadte the shipping address,SHIPPING
i need help signing up to your company newsletter,SUBSCRIPTION
how could i leave a review about ur comoany,FEEDBACK
i want support trying to change my address,SHIPPING
see in which cases can i request my money back,REFUND
i do not know how i can see what shipment methods you offer,DELIVERY
problems with the methods for shipment,DELIVERY
assistance checking your accepted payment modalities,PAYMENT
where do i notify of a trouble with payments,PAYMENT
updating purchase,ORDER
need assistance changing to the account,ACCOUNT
i need to earn several goddamn items how can i do it,ORDER
what do i have to do to purchase seevral articles,ORDER
i need assistajce to remove something from order,ORDER
delete some items from order,ORDER
i want help seeing purchase curtent status,ORDER
i need help checking the early exit charge,CANCEL
i cant talk to anassistant,CONTACT
i try to notify of an error with online payments,PAYMENT
i have got to enter a delivery address,SHIPPING
i dont know how to delete my account,ACCOUNT
i dont know how i can check the early termination charges,CANCEL
when will purchase arrive,ORDER
how do i see your reimbursement policy,REFUND
i need assistance seeing the damn early exit charges,CANCEL
want help to deletd a damn article from order,ORDER
need to lodge a reclamation,FEEDBACK
change to acount,ACCOUNT
im trying to fgind my bills from,INVOICE
how can i get refunds,REFUND
help me to see what payment payment modalities you accept,PAYMENT
i need assistance to unsubscribe to the corporate newsletter,SUBSCRIPTION
i need to see the withdrawal fee how to do it,CANCEL
i do not know how to enter the new shippin address,SHIPPING
im trying to retrieve the access key of my account,ACCOUNT
someone stole my password help retrieving it,ACCOUNT
is it possible to open a account for my fiance,ACCOUNT
i need to swap an item of purchase,ORDER
check status of order,ORDER
could you help me updating the address,SHIPPING
how to track order,ORDER
i missed a product in order can i add it,ORDER
assistance to file a reclamation,FEEDBACK
i chose a wfong fucking address i wanna correct it,SHIPPING
i paid for this item help me receiving a compensation,REFUND
help buying some products,ORDER
i want assistance to see the payment methods,PAYMENT
i do not know what i need to do to restore my pin code,ACCOUNT
how do i use the profile,ACCOUNT
i try ot order a few of ur item,ORDER
can you help me switching to the pro account,ACCOUNT
i want help setting a new shipping address up,SHIPPING
canceling purechase,ORDER
i need help to download my blls from,INVOICE
how do i talk with customer support,CONTACT
open another freemium account,ACCOUNT
help me to contact an ooperator,CONTACT
i need to leave feedback can you help me,FEEDBACK
how to check the fucking rebate current status,REFUND
can you help me to write a comment for your products,FEEDBACK
can uhelp me file a customer reclamation,FEEDBACK
help me retrieving the password of my user,ACCOUNT
want help checking ur reimbursement policy,REFUND
can i file a consumer reclamation against your company,FEEDBACK
i have a problem with a delivery address update,SHIPPING
i cannot submit a different delivery addrdss,SHIPPING
changing info on premium account,ACCOUNT
i dont know what to do to list the accepted payment methods,PAYMENT
can i unsubscribe to the corporate newsletter,SUBSCRIPTION
how do i switch some goddamn products of order,ORDER
can ya tell me about updating the delivery address,SHIPPING
i try to delete a product from order,ORDER
i need assistance checking the withdrawal charges,CANCEL
assistance subscribing to your newsletter,SUBSCRIPTION
need assistance trying to corrcet my delivery address,SHIPPING
assistance looking for my invoices from,INVOICE
what do i need to do to get the bill,INVOICE
what do i have to do to shop several of your product,ORDER
can uhelp me to notify of errors with payment,PAYMENT
help me obtain a compensation of money,REFUND
i do not know how i can switch to the platinum account,ACCOUNT
i am calling to check when my order is going to arrive,DELIVERY
i want help speaking to a person,CONTACT
i have to talk to customer service,CONTACT
i do not know what to do toi inform of payment problems,PAYMENT
i do not know how i can leave my feedback for a service,FEEDBACK
where can i find information about a account removal,ACCOUNT
i want assistance to see what shipping options are available,DELIVERY
help to leave damn feedback for ru products,FEEDBACK
im trying to file a consumer reclamation against ur company,FEEDBACK
i no longer make use of the account how do i delete it,ACCOUNT
i dontknow how to get the invoice,INVOICE
problems with account cancellations,ACCOUNT
where do i see what shipping options i have,DELIVERY
want help to see in which cases can i request my money back,REFUND
i need to see your available payment options how to do it,PAYMENT
i want help notifying of issues with a signup,ACCOUNT
i dont know how to chat with someone,CONTACT
can i check what hours customer assistance available is,CONTACT
the experience with you was awful file a customer complaint,FEEDBACK
help to see in what situations can i ask to be refunded,REFUND
i need assistance to unsubscribe to your newsletter,SUBSCRIPTION
what do i need to do to report an issue with a signup,ACCOUNT
i need help checking the eta of order,ORDER
im trying to see the early exit fers,CANCEL
help me obtain a reimbursement,REFUND
show me in which cases can i ask for refunds,REFUND
can i swap an item of order,ORDER
i need help downloading the bills from,INVOICE
could you help me to submit my feedback for your products,FEEDBACK
check cancellation fee,CANCEL
i cant make transfers notify of a trouble with payment,PAYMENT
i have an issue submitting a shipping address,SHIPPING
retrieve the key of my user account,ACCOUNT
i want help solving payment problems,PAYMENT
need help oirdering several items,ORDER
i have got to cancel my company damn newsletter subscription,SUBSCRIPTION
would you give me information about my account removal,ACCOUNT
i need help reporting a trouble with online payment,PAYMENT
i have got to check your refund policy,REFUND
help me submit my shipping address,SHIPPING
is it possible to check the available payment modalities,PAYMENT
where to request refunds,REFUND
have a question about the forgottem pin,ACCOUNT
i want help to see the fucking eta of the order,ORDER
i need assistance to inform of problems with online payment,PAYMENT
i need to lodge a consumer complaint,FEEDBACK
there are problems entering a secondary delivery address,SHIPPING
i dont know what i need to do to acquire something,ORDER
i do not know how i can check when will my package arrive,DELIVERY
i have to see how long reimbursements usually take help me,REFUND
how do i use the platinum account,ACCOUNT
i cant remember the pin of my user help restoring it,ACCOUNT
help me to get the invoice fro,INVOICE
help me seeing if there are any updates on the compensation,REFUND
can ya help me tracking order,ORDER
i have to see how long it takes for the packgae to arrive,DELIVERY
can you help me lodging a consumer complaint,FEEDBACK
need to switch some products of purchase,ORDER
need assistance to see the status of purchase,ORDER
i dont know how to report a problem with an signup,ACCOUNT
wanna see inwhich cases can i ask to be refunded i need help,REFUND
modify information on account,ACCOUNT
i need help signing up to your newsletter,SUBSCRIPTION
deliverids to,DELIVERY
i have got to request a restitution of my money,REFUND
i need assistance to change to the premium account,ACCOUNT
assistance to modify my shipping address,SHIPPING
where do i buy something,ORDER
how do i call customer assistance,CONTACT
i want assistance seeing when will my item arrive,DELIVERY
troubles setting my secondary delivery address up,SHIPPING
i want to send my feedback about your products,FEEDBACK
i have got to see your money back policy,REFUND
i have to earn several products how can i do it,ORDER
help to contact a human agent,CONTACT
what do i need to do to submit the new shipping address,SHIPPING
i try to talk to customer assistance,CONTACT
how to see the options for shipping,DELIVERY
i need assistance to swap a product of purchase,ORDER
i dont know what i need to do to cancel a platinum account,ACCOUNT
i dont know what to do to shop an article,ORDER
how do i check how long it takes for my package to arrive,DELIVERY
need help signing up to the newsletter,SUBSCRIPTION
i want help downloading bill,INVOICE
change info on freemium account,ACCOUNT
i want assistance to check how soon can i expect the package,DELIVERY
help me create a new fucking account,ACCOUNT
i have made a mistake help me modify purchase,ORDER
i want to see how long it takes for my order to arrive,DELIVERY
what do i have to do to set a secondary delivery address up,SHIPPING
update pro account,ACCOUNT
where to see the cancellation fee,CANCEL
i want information about my standard account termination,ACCOUNT
where can i check how soon can i expect my item,DELIVERY
assistance checking your allowed payment modalities,PAYMENT
where do i open a standard account,ACCOUNT
i need to reset the pin code of my account,ACCOUNT
closing standard account,ACCOUNT
i do not know what to do to lodge a consumer claim,FEEDBACK
changing info on goldaccount,ACCOUNT
cn i see when will my product arrive,DELIVERY
i want to send feedback about your company how to do it,FEEDBACK
i have to notify of issues with payments,PAYMENT
im trying to list the available payment modalities,PAYMENT
wannasee in what situations can i ask to be refunded,REFUND
i want to change several products of order,ORDER
i have to edit order how to do it,ORDER
i want assistance to check the methods for shipping,DELIVERY
i want to know more about updating my address,SHIPPING
i dont know what i have to do to create a account,ACCOUNT
why i cannot submit my shipping address valid,SHIPPING
i do not know how to reset my user password,ACCOUNT
i need assistance to leave a comment about a servcie,FEEDBACK
assistance canceling the last order,ORDER
need to modify the bloody info on my user could uhelp me,ACCOUNT
i want to inform of a registration error how can i do it,ACCOUNT
i have got to use the bloody profile i need help,ACCOUNT
need assistance checking order status,ORDER
help me acquire some of ur item,ORDER
i need help speaking to a human agent,CONTACT
making consumer complaint against ur business,FEEDBACK
have a problem with the deletion of my account,ACCOUNT
find information about modifying the delivery address,SHIPPING
i dont know what to do to close my freemium account,ACCOUNT
i am trying to cancel my subscription to your newsletter,SUBSCRIPTION
assistance to look for my bills from,INVOICE
what do i need to do to notify of a payment error,PAYMENT
can you help me submit feedback for a product,FEEDBACK
can uhelp me see if there are any news on my refund,REFUND
i have troubles updating my delivery address,SHIPPING
i need to see the withdrawal fees,CANCEL
how do i reset the pin code of my account,ACCOUNT
how to change the details included on my profile,ACCOUNT
how can i see what hours i can reach custimer service,CONTACT
can you direct to me a damn operator,CONTACT
could you mail me my goddamn invoices rfom,INVOICE
help me making a reclamation against ur organizatuon,FEEDBACK
where do i check when my shipment is gonna arrive,DELIVERY
i dont know what to do to talk with an operator,CONTACT
can you help me demanding a compensation of money,REFUND
what do i have to do to delete the freemium account,ACCOUNT
i need assistance to report troubles with online payment,PAYMENT
why i cannot enter my delivery address valid,SHIPPING
i try to create a damn account,ACCOUNT
i am trying to check in what cases can i request a refund,REFUND
seeing biols from,INVOICE
making customer complaint against your company,FEEDBACK
i want assitsance to see when my package is going to arrive,DELIVERY
i do not know how i could change my address,SHIPPING
want help seeing in what cases can i request to be refunded,REFUND
wanna modify order,ORDER
where do i switch to the gold account,ACCOUNT
need assistance to switch to the account,ACCOUNT
help checking in which situations can i ask to be reimbursed,REFUND
modiby data on account,ACCOUNT
where can ilodge a customer reclamation against ur company,FEEDBACK
i need to swap some items of purchase,ORDER
how do i inform of a problem with online payments,PAYMENT
give me infrmation about my access key retrieval,ACCOUNT
have a problem with the removal of my account,ACCOUNT
i want to switch an article of purchase,ORDER
i have to see the status of order can ya helo me,ORDER
need help checking trhe early exit charge,CANCEL
how can i modify order,ORDER
i have got to use the pro profile how can i do it,ACCOUNT
i dont know what i have to do to cancel a account,ACCOUNT
help me entering another delivery address,SHIPPING
i need help notifying of a problem with a signup,ACCOUNT
i dont know how to send feedback for a service,FEEDBACK
i have problems with the cancellation of a account,ACCOUNT
need help to pseak with an agent,CONTACT
help updating order,ORDER
help me seeing how soon can i expect my parcel,DELIVERY
how do i use the premium account,ACCOUNT
i have a question about opening freemium accounts,ACCOUNT
i want to cancle purchase,ORDER
mail me the invoice from,INVOICE
could you help me enter the new shipping address,SHIPPING
how do i see how soon can i expect my package,DELIVERY
i want help to leave some feedback for a product,FEEDBACK
talking to customer support,CONTACT
i dont know how i can see the early termination penalties,CANCEL
i need to correct my address,SHIPPING
there is an error trying to edit the shipping address,SHIPPING
i want help to see what payment methods uaccept,PAYMENT
i have to update the data on my user how do i do it,ACCOUNT
assistance downloading my invoices from,INVOICE
where can i list the accepted payment options,PAYMENT
can you help me to locate the invoice from,INVOICE
can uhelp me seeing the termination fee,CANCEL
i have to check the shipment options help me,DELIVERY
help to remove several items from order,ORDER
what do i have to do to see what payment options you accept,PAYMENT
i want assistance informing of issues with payment,PAYMENT
what do i have to do to sign up to ur company newsletter,SUBSCRIPTION
help checking what hours customer service available is,CONTACT
i have to locate my damn bills from,INVOICE
can i check in which situations can i request a refund,REFUND
i dont know how i can check my refund current status,REFUND
where can i see at what time i can reach customer assistance,CONTACT
can uhelp me cancelliung order,ORDER
i have got to demand restitutions of my money,REFUND
lodging consuer complaint,FEEDBACK
help me check in which cases can i ask to be reimbursed,REFUND
need help to order several of ur artcle,ORDER
i want to use the freemium profile,ACCOUNT
need to get the invoicefrom can i get some help,INVOICE
how can i find information about opening accounts,ACCOUNT
want help checking ur reimbursement poliicy,REFUND
how do i chat with an operator,CONTACT
i want help to set up another delivery address,SHIPPING
i need help informing of registration errors,ACCOUNT
can uhelp me to leave fedeback for ur company,FEEDBACK
i need to edit the delivery address,SHIPPING
i cant see if there is anything wrong with my reimbursement,REFUND
i dont know what i have to do to talk to an assistant,CONTACT
editting details on standard account,ACCOUNT
where can i list ur accepted payment methods,PAYMENT
i want help to check the current status of order,ORDER
need to see what hours i can reach customer support,CONTACT
want help ot check the withdrawal charge,CANCEL
i do not know what to do to submit a bloody delivery address,SHIPPING
i dont know how to demand a restitution of money,REFUND
i need hepp requesting compensations,REFUND
could y help me notifying of an issue with signup,ACCOUNT
i have got to report an error with signup,ACCOUNT
termination charges,CANCEL
i need to download the invoice how can i do it,INVOICE
assistance to see if there are any news on the compensation,REFUND
is it possible toreceive refunds of money,REFUND
i do not know how i can speak to an agent,CONTACT
i do notknow what to do to locate order,ORDER
can you help me to retrieve the pin of my user account,ACCOUNT
i want to delete the goddamn pro account how can i do it,ACCOUNT
i try to speak with an agent,CONTACT
can ya help me inform of a trouble with payment,PAYMENT
what do i need to do to switch to the pro account,ACCOUNT
need help seeing when my shipment is gonna arrive,DELIVERY
edit information onpremium account,ACCOUNT
can you help me see the accepted payment options,PAYMENT
i cannot make a transfer help to report damn payment issues,PAYMENT
i do not know what i have to do to check bill,INVOICE
i want help using the profile,ACCOUNT
want help to track the reimbursement,REFUND
could uhelp me correct order,ORDER
i want to locate my bill i need help,INVOICE
check invoices,INVOICE
i need assistance leaving a review about ur company,FEEDBACK
where to file a customer reclamation against ur company,FEEDBACK
help me seeing in what cases can i request reimbursements,REFUND
help to see ur payment options,PAYMENT
i dont know what to do to sign up to the newsletter,SUBSCRIPTION
i have got to find invoice,INVOICE
what do i need to do to see the invoice,INVOICE
i do not know how to leave an opinion,FEEDBACK
i need assistance to reset my user profile key,ACCOUNT
i have to get my invoicxes from,INVOICE
i paid for a product i want my rebate,REFUND
contact agent,CONTACT
get invoice from,INVOICE
i want to speak with somebody,CONTACT
i am experiencing a problem with the signup,ACCOUNT
i want a different damn account help me opening it,ACCOUNT
how can i see your accepted payment options,PAYMENT
assistance to ask for compensations,REFUND
i dont know what to do to get my bills from,INVOICE
i want to speak with damn customer support help me,CONTACT
how do i talk to somebody,CONTACT
how can i submit some feedback abot ur company,FEEDBACK
could i sybmit my feedback for your company,FEEDBACK
wanna check the status of my subscription to ur newseltter,SUBSCRIPTION
i need information about a delivery address change,SHIPPING
can you help me earning something,ORDER
i need assistance trying to change the delivery address,SHIPPING
i want information about the subscription to your newsletter,SUBSCRIPTION
reporting issue with payments,PAYMENT
problems changing delivery address,SHIPPING
how could i see the eta of the order,ORDER
i want assistance listing the payment methods,PAYMENT
need assistance receiving the newsletter,SUBSCRIPTION
can i notify of an error with registrations,ACCOUNT
i dont know how i can see the eta of purchase,ORDER
i cant find my bills from find them for me,INVOICE
i want help towrite a comment for ur services,FEEDBACK
i dont know what i need to do to find ibll,INVOICE
i cant submit my delivery dadress,SHIPPING
how to inform of an error with a signup,ACCOUNT
could i place an orde from,DELIVERY
want help to make a claim against ur company,FEEDBACK
i need to unsubscribe from your newsletter how can i do it,SUBSCRIPTION
i need assistance submitting my feedback,FEEDBACK
i want help to check your accepted payment options,PAYMENT
im trying to check the eta of purchase,ORDER
help me check when my fucking package is going to arrive,DELIVERY
my address has changed could you help me changing it,SHIPPING
wanna check the status of order could uelp me,ORDER
how can i send feedback about a service,FEEDBACK
show me purchase statud,ORDER
i habe issues registering how do i do it,ACCOUNT
i have to set my new delivery address up i need assistance,SHIPPING
help me shop several of your product,ORDER
i cant pay for order,ORDER
i am trying to find information about my password recovery,ACCOUNT
help me seeing in which cases can i ask for my money back,REFUND
is it possible to remove the standardaccount,ACCOUNT
give a quick look at the damn invoices from,INVOICE
i have to make a complaint against your company,FEEDBACK
i want to pudate purchase can you help me,ORDER
what do i need to do to shop some of your product,ORDER
help me setting up another delivery address,SHIPPING
what do i need to do to set up my delivery address,SHIPPING
want assistance checking what shipment methods i have,DELIVERY
can you help me unsubscribing from your company newsletter,SUBSCRIPTION
i cannot make a payment help me inform of fucking issues,PAYMENT
could you help me enter the secondary delivery address,SHIPPING
i have got to modify purchase help me,ORDER
i need to ese the early exit fee,CANCEL
wanna see the bill from,INVOICE
i do not know what to do to acquire several damn products,ORDER
i have to notify of errors with signup,ACCOUNT
i need assistance to report issues with signup,ACCOUNT
i no longer need the bloody account can i remove it,ACCOUNT
i can no longer pay for purchase,ORDER
can you show me how long it takes for my delivery to arrive,DELIVERY
i dont know what to do to download the invoice,INVOICE
how can i check the withdrawal penalty,CANCEL
i do not know what i have to do to list the payment methods,PAYMENT
can you help me seeing the accepted payment options,PAYMENT
help submitting my feedback about your company,FEEDBACK
give me inormation about my subscription to your newsletter,SUBSCRIPTION
where to check the termination fee,CANCEL
how do i obtain a rebate of money,REFUND
i have got to talk with customer assistance how to do it,CONTACT
need to add several products to purchase,ORDER
how do i shop a few of your item,ORDER
i need help recovering the key of my account,ACCOUNT
how could i check the eta of the order,ORDER
i have a question about the cancellation of my account,ACCOUNT
i want assistance to notify of problems with an signup,ACCOUNT
can ya help me to cancel my freemium account,ACCOUNT
i do not know what to do to see what shipping options i have,DELIVERY
i want supports correcting my shipping address,SHIPPING
how to modify order,ORDER
i have to swap some items of order help me,ORDER
problem with canceling purchase,ORDER
i try to see how long it takes for my product to arrive,DELIVERY
mail me bill,INVOICE
what do i have to do to list the allowed payment methods,PAYMENT
i have got to unsubscrikbe from ur newsletter,SUBSCRIPTION
i need assistance to speak with a live agent,CONTACT
use another user,ACCOUNT
i have issues entering a secondary delivery address,SHIPPING
updateorder,ORDER
send me bills from,INVOICE
i do not know how i can cancel a platinum account,ACCOUNT
how to check the bill from,INVOICE
i try to cancel the subscription to ur company newsletter,SUBSCRIPTION
i have to demand a rebate,REFUND
can ya help me lodge a claim against ur organization,FEEDBACK
assistance to see what hours i can call customer service,CONTACT
im tryingto create a account,ACCOUNT
i dont know how to check ur payment modalities,PAYMENT
im trying to check in which cases can i ask for a refund,REFUND
what do i need to do to demand a refund of my money,REFUND
i do not kow how i can create a platinum account,ACCOUNT
help me to talk to customer suport,CONTACT
can i restoire my pass,ACCOUNT
i would like to check how soon can i expect the shipment,DELIVERY
is it possible to receive the company newsletter,SUBSCRIPTION
i need assistance to delete my pro account,ACCOUNT
i cant create a user need help reportinga signup problem,ACCOUNT
need help acquiring a few of ur product,ORDER
i do not know what i need to do to demand a refund,REFUND
i try to obtain restitutions of money,REFUND
i want help to unsubscribe from the company newsletter,SUBSCRIPTION
help to see how soon can i expect my order,DELIVERY
i have issues entering another delivery address,SHIPPING
informing of registration error,ACCOUNT
can you help me to submit a different delivery address,SHIPPING
i do not know how i could change my shipping address,SHIPPING
ned assistance to file a claim against your business,FEEDBACK
what do i have to do to see the rebate status,REFUND
i need to talk with bloody customer support,CONTACT
i do not know how to close my account,ACCOUNT
i am unhappy with your services how do i lodge a complaint,FEEDBACK
what do i need to do to change to the account,ACCOUNT
i dont know what i have to do to edit my shipping address,SHIPPING
i dont know what i need to do to modify my delivery address,SHIPPING
help sending feedback for your company,FEEDBACK
need assistance giving a quick loik at my bill,INVOICE
i want to see in what cases can i request a refund help me,REFUND
what do i have to do to remove my account,ACCOUNT
there is an error setting a secondary delivery address up,SHIPPING
will you tell me what hours i can call customer service,CONTACT
how to check what payment payment modalities are accepted,PAYMENT
where can i get compensations of my money,REFUND
how could i get information aout an address update,SHIPPING
new platinum acount for wife,ACCOUNT
i call to see when my goddamn package is going to arrive,DELIVERY
can i enter my secondary delivery address,SHIPPING
assistance to report an error with a registration,ACCOUNT
remove platinum accoint,ACCOUNT
assistance seeing in what casew can i ask to be refunded,REFUND
i am trying to check what delivery methods are available,DELIVERY
i need assistance to file a complaint,FEEDBACK
modifying information on standard account,ACCOUNT
can i see at what time i can reach customer support,CONTACT
i cannot remember my pin help me recovering it,ACCOUNT
i cannot edit the shipping address,SHIPPING
i watn to leave a comment about a product,FEEDBACK
need assistance resetting my account pin code,ACCOUNT
there is an error submitting the shipping address,SHIPPING
help me see at what time customer support available is,CONTACT
is it possible to speak to goddamn customer service,CONTACT
i dont know what to do to chat with somebody,CONTACT
help me to notify of errors with payments,PAYMENT
need assistance with creating a freemium account,ACCOUNT
can uhelp me see the goddamn eta of order,ORDER
i want assistance downloading my invoice,INVOICE
i want help to check in which cases can i ask for refunds,REFUND
assistance checking in which cases can i ask to be refunded,REFUND
i dont know how i can submit the delivery address,SHIPPING
i forgot to include an item in purchase,ORDER
modify data on account,ACCOUNT
i am waiting for a restitution of,REFUND
i need to check the cancellation penalties can you help me,CANCEL
im trying to submit a different delivery address,SHIPPING
can you help me see in which cases can i ask for refunds,REFUND
i dont use the account need help cancelling it,ACCOUNT
i odnt know how i can look for my invoice,INVOICE
what do i have to do to see my invoice from,INVOICE
where to inform of signup issues,ACCOUNT
i try to subscribe to your newsletter,SUBSCRIPTION
how can i submit a secondary delivery address,SHIPPING
i have to inform of troubles with online payment,PAYMENT
how can i get information about my pro account deletion,ACCOUNT
i havea question about the termination of my account,ACCOUNT
how do i ddmand refunds of my money,REFUND
need assistance to change to the gold account,ACCOUNT
i want to modify purchase i need assistance,ORDER
i wanmt assistance checking the cancellation penalty,CANCEL
changing details on standard account,ACCOUNT
help me to report an issue with signup,ACCOUNT
need assistance seeing ur available payment methods,PAYMENT
how do i cancel purchase,ORDER
can you help me to send feedback for your services,FEEDBACK
how can i use the account,ACCOUNT
need help setting another shipping address up,SHIPPING
where do i check the early exit charges,CANCEL
can you tell me about a delivery address update,SHIPPING
i am looking for information about a delivery address change,SHIPPING
i am experiencing an issue with the signup,ACCOUNT
i call to make a customer complaint,FEEDBACK
need assistance retrieving tthe password of my user profile,ACCOUNT
want help taking a quick look at the bill,INVOICE
i cannot edit order,ORDER
where can i retrieve my fucking accopunt pass,ACCOUNT
check what hours i can contact customer support,CONTACT
pudate pro account,ACCOUNT
i try to subscribe to the company newsletter,SUBSCRIPTION
i have to inform of issues with a registration,ACCOUNT
assistance to change to the goddamn account,ACCOUNT
help to retrieve my user pin,ACCOUNT
helpchecking the allowed payment options,PAYMENT
where do i list the damn accepted payment modalities,PAYMENT
problems with my pin retrieval,ACCOUNT
how to reset the apssword of my account,ACCOUNT
i want help seeing the allowed payment options,PAYMENT
how do i sign up to the corporate newsletter,SUBSCRIPTION
i need assistance getting the invoices from,INVOICE
help me cancelling purchase,ORDER
want assistance canceling the newsletter subscription,SUBSCRIPTION
can i check how long it takes for the deilvery to arrive,DELIVERY
can i contact someone,CONTACT
help to report a problem with a registration,ACCOUNT
can you help me requesting compensations,REFUND
the damn shipping address has changed can i correct it,SHIPPING
help to get in touch with customer service,CONTACT
what do i have to do to locate my biull,INVOICE
i want help talking with a human agent,CONTACT
i dont knowq what i need to do to switch to the account,ACCOUNT
want help to restore my pwd,ACCOUNT
ened assistance to see the termination penalties,CANCEL
is it possible to buy some items,ORDER
i am very unsatisfied with your work make a fucking claim,FEEDBACK
could you help me to change to the goddamn platinum account,ACCOUNT
i dont know what i need to do to delete a account,ACCOUNT
i dont know how i can submit the secondary shipping address,SHIPPING
update purcahse,ORDER
i dont know how to list ur payment methods,PAYMENT
help correcting my address,SHIPPING
can uhelp me to see how long reimbursements usually take,REFUND
can you help me call fucking customer sujpport,CONTACT
i need assistance solving an error with payments,PAYMENT
help me receive your newsletter,SUBSCRIPTION
changing order,ORDER
i cant create a profile i want to inform of signup issues,ACCOUNT
where could i inform of an issue with online payment,PAYMENT
would it be possible to recover my profile pin code,ACCOUNT
want help to retrieve the key of my prtofile,ACCOUNT
i need to enter the shipping address could i get some help,SHIPPING
i am calling to check what bloody shipping methods i have,DELIVERY
where to see how long it takes for the item to arrive,DELIVERY
the payment failed how to report an error with payment,PAYMENT
i need assistance seeing when will my package arrive,DELIVERY
i want help to notify of errors with payments,PAYMENT
switch to premium account,ACCOUNT
is it possible to place an order from,DELIVERY
i dont know what i need to do to delete the standard account,ACCOUNT
what do i have to do to call customer service,CONTACT
can i create a account,ACCOUNT
making purchase,ORDER
help seeing what delivery options you offer,DELIVERY
can ya help me to open a account,ACCOUNT
i want to see at what time i can contact customer assistance,CONTACT
where do i ilst the accepted payment modalities,PAYMENT
i want help to enter a damn secondary delivery address,SHIPPING
can uhelp me buying an artikcle,ORDER
help shopping some of ur article,ORDER
i dont know how i can remove the damn standard account,ACCOUNT
i want help doing a purchase,ORDER
i do not know what i need to do to download bill,INVOICE
i do not know what to do to send feedback for a product,FEEDBACK
how could i buy esveral products,ORDER
i want assistance seeing thw termination penalties,CANCEL
the fucking shipping address changed could you update it,SHIPPING
edit platinum account,ACCOUNT
where do i check the options for shipment,DELIVERY
help me check in which cases can i ask for reimbursements,REFUND
want help receiving compensations,REFUND
i dont know how i can see when will my article arrive,DELIVERY
i cant switch several aritcles of purchase,ORDER
could uhelp me see the eta of purchase,ORDER
im trying to submit some feedback about a service,FEEDBACK
where do i lodge an reclamation,FEEDBACK
i need to update purchase,ORDER
modify information on freemium account,ACCOUNT
i do not know how i can switch to tbe platinum account,ACCOUNT
i want to get invoice,INVOICE
how could i inform of errors with payment,PAYMENT
i need help subscribing to the corporate newsletter,SUBSCRIPTION
call customer support,CONTACT
where can i check what payment methoda ya accept,PAYMENT
need to write anopinion for ur services,FEEDBACK
how can i subscribe to the corporate newsletter,SUBSCRIPTION
i dont knwo what i have to do to cancel a premium account,ACCOUNT
help checking my restitution status,REFUND
is it possible to place na order from,DELIVERY
want assistance checking the eta of order,ORDER
troubles setting up another shipping address,SHIPPING
the address changed could i update it,SHIPPING
help me to notify of issues with payments,PAYMENT
assistance to notify of issues with online payments,PAYMENT
see the eta of order,ORDER
i have got to earn several items how can i do it,ORDER
can uhelp me use the standard profile,ACCOUNT
hw can i see the early termination fee,CANCEL
assistance to edit order,ORDER
help me solve payment problems,PAYMENT
i need help with cancellng order,ORDER
could i file a revlamation against ur organization,FEEDBACK
i cant talk with a human agent,CONTACT
where to purchase an article,ORDER
i am trying to check in which cases can i request a refund,REFUND
i do not know how to sign up to the company newsletter,SUBSCRIPTION
i want help leaving a comment about a service,FEEDBACK
need to report a troubled with payments,PAYMENT
i cant unsubscribe to your newsletter,SUBSCRIPTION
what do i have to do to get the bill from,INVOICE
i want assistance to see the status of purchase,ORDER
need help to see how soon can i expect the parcel,DELIVERY
is it possible to notify of troubles with online payment,PAYMENT
im trying to download the invoice,INVOICE
i dont know what to do to file a claim against your company,FEEDBACK
allowed payment methods,PAYMENT
how to add some items to order,ORDER
i want to submit my feeddback for your company,FEEDBACK
help writing a review for your company,FEEDBACK
i am unhappy with your services help filing a complaint,FEEDBACK
where can i check your payment modalities,PAYMENT
where do i enter the secondary shipping address,SHIPPING
i need to file a reclamation against your organization,FEEDBACK
earn a product,ORDER
editing standard account,ACCOUNT
i have to check the cancellation charge,CANCEL
help to check in what cases can i request to be refunded,REFUND
i have entered a wrong shipping address i want to modify it,SHIPPING
can you help me to change to the account,ACCOUNT
i want help to oslve a bloody issue with payment,PAYMENT
i have a problem with cancelling order,ORDER
where to sign up to your corporate newsletter,SUBSCRIPTION
i do not know what to do to notify of registration issues,ACCOUNT
i need to check the withdrawal fee,CANCEL
i dont know how to speak to customer assistance,CONTACT
why i cant enter a different delivery address valid,SHIPPING
is it possible to place an order from,DELIVERY
could you help me listing your accepted payment methods,PAYMENT
i have to receive your corporate newsletter,SUBSCRIPTION
i want assistance to notify of a problem with signup,ACCOUNT
how to repirt problems with online payments,PAYMENT
help me to speak with customer assistance,CONTACT
help me retrieve the fucking pin code of my account,ACCOUNT
i want to acquire sevearl of your article,ORDER
i want to know more about opening a standard account,ACCOUNT
need help changing to the standard account,ACCOUNT
i have to close my pro account,ACCOUNT
how to see the shipping methods,DELIVERY
i have troubles submittng the shipping address,SHIPPING
i cannot check the eta of the order,ORDER
could you help me write a review for your services,FEEDBACK
is it possible to report signup errors,ACCOUNT
wqhere can i order some of ur article,ORDER
help to lodge a claim against your organization,FEEDBACK
need asistance seeing your bloody available payment methods,PAYMENT
i do not nkow how to delete the account,ACCOUNT
i dont know what to do to write a review for a service,FEEDBACK
help to delete some itmes from purchase,ORDER
how can i find information about chhanging my address,SHIPPING
where do i see what hours customer assistance available is,CONTACT
assistance updating the damn user information,ACCOUNT
help me see in what cases can i request a reimbursement,REFUND
i cannot track purchase,ORDER
i dont know what to do to speak with an operator,CONTACT
i try to set up a shipping address,SHIPPING
i ened help reporting problems with payment,PAYMENT
i dont know how to recover the key of my user,ACCOUNT
what do i have to do to track the refund,REFUND
can you help me opening a pro account,ACCOUNT
do ya ship to,DELIVERY
open pro cacount for wife,ACCOUNT
want assistance checking the accepted payment modalities,PAYMENT
help me seeing how long reimbuursements take,REFUND
i dont know what to do to notify of a payment error,PAYMENT
track order,ORDER
i would like to see the delivery options i need assistance,DELIVERY
i need help checking what bloody delivery methods are there,DELIVERY
help me request damn restitutions of money,REFUND
i have got to retrieve the pin of my account,ACCOUNT
can i update the information included on my user profile,ACCOUNT
help me retrieve the key of my user proflie,ACCOUNT
i do not know how i could send my feedback for a product,FEEDBACK
i want assistance checking your reimbursement policy,REFUND
wanna check what shipping methods uoffer can uhelp me,DELIVERY
i dont know how i can submit some feedback about a product,FEEDBACK
can you help me see the cancellation charges,CANCEL
help to inform of a problem with a registration,ACCOUNT
i dont know what to do to restore my profile access key,ACCOUNT
how do i recover the pin code of my user account,ACCOUNT
i want assistance receiving your company newsletter,SUBSCRIPTION
help with deleting some items from my last order,ORDER
i need help chatting with an operator,CONTACT
modifying information on premium account,ACCOUNT
is their a section to submit my feedback about a product,FEEDBACK
want assistance to switch to the premium account,ACCOUNT
get bill fromdavid miller,INVOICE
i do not know how to see the available payment modalities,PAYMENT
want asistance canceling order,ORDER
wanna shop a few of ur article,ORDER
open a account,ACCOUNT
i dont know what i need to do to download bill,INVOICE
i need help trying to update the shipping address,SHIPPING
what do i have to do to cntact an assistant,CONTACT
i dont know how i can downloadd invoice,INVOICE
is it possible to purchase a few of your article,ORDER
how to get the invoices from,INVOICE
can ya help me check how long reimbursemenst take,REFUND
what do i have to do to notify of payment issues,PAYMENT
can you help me chatting with a person,CONTACT
i want help to speak with somebody,CONTACT
i want supports changing my address,SHIPPING
help to cancel the subscription to the corporate newsletter,SUBSCRIPTION
how can i obtain a rebate of money,REFUND
i dont know what to do to create a pro account,ACCOUNT
i need help to see the eta of purchase,ORDER
i d not know what to do to download bill,INVOICE
wanna list the bloody accepted payment options how to do it,PAYMENT
assistance to demand reimbursements,REFUND
i dont know what i need to do to check bill,INVOICE
i need assistance to delete a product from order,ORDER
i dont khow how to cancel order,ORDER
how to list ur allowed payment modalities,PAYMENT
where to see what shipping methods you offer,DELIVERY
i want assistance to removce the premium account,ACCOUNT
can i change to the standard account,ACCOUNT
can uhelp me canceling my subscription to ur newsletter,SUBSCRIPTION
creating new standard account for daughter,ACCOUNT
help to see order current status,ORDER
i have got to look for my fucking invoices from,INVOICE
need to download bill how do i do it,INVOICE
i have got to subscribe to your newsletter help me,SUBSCRIPTION
i need help notifying of issues with online payment,PAYMENT
could you tell me about correcting my shipping address,SHIPPING
see order current status,ORDER
i no longer use the goddamn account helpme cancel it,ACCOUNT
i cannot pay for these product how do i cancel the order,ORDER
update information on pro account,ACCOUNT
where can i report problems with online payment,PAYMENT
assistance to check the reimbursement status,REFUND
wanna lodge a complaint,FEEDBACK
i need help to call customer support,CONTACT
would it be possible to retrieve my user account access key,ACCOUNT
i do not have a bloody pro account need help to open one,ACCOUNT
i try to request a restitution of money,REFUND
i have to cancel my subscription to the corporate newsletter,SUBSCRIPTION
i do not know what i have to do ot talk to somebody,CONTACT
i need help to call damn customer support,CONTACT
i no longer make us of my pro account need help deleting it,ACCOUNT
i do not know how i can take a quick look at the bill,INVOICE
i need assistance to receive the company newsletter,SUBSCRIPTION
i need help checking the biol,INVOICE
where can i send my feedback for ur services,FEEDBACK
i want to know more about correcting the delivery address,SHIPPING
wanna get the bil from will uhelp me,INVOICE
i want assistance to leave feedback for ur company,FEEDBACK
hwere do i open a account,ACCOUNT
im calling to make a claim against ur company,FEEDBACK
i want to look for the invoice,INVOICE
there is an issue modifying the delivery address,SHIPPING
i dont know what i need to do to recover my account password,ACCOUNT
can ya tell me about modiyfing my address,SHIPPING
help to inform of errors with online payments,PAYMENT
could ya help me to speak wqith somebody,CONTACT
need to eddit order,ORDER
i have padi for an order i need to get a reimbursement,REFUND
i dont know whar i need to do to notify of signup errors,ACCOUNT
get invoices from,INVOICE
check purchase current status,ORDER
the new delivery address is not valid how do i do it,SHIPPING
i dont knoq how i can report errors with payments,PAYMENT
need assistance setting the delivery address up,SHIPPING
i dont know how i can create a accoiunt,ACCOUNT
i dont know what i have to do to check my bill,INVOICE
how to get my bill from,INVOICE
help to check in what cases can i request reimbursements,REFUND
where do i make a consumer complaint against your business,FEEDBACK
what do i need to do to inform of an error with a isgnup,ACCOUNT
i dont know how i can talk to customer service,CONTACT
i have to see what shipping methods i have can you help me,DELIVERY
supports editing the shipping address,SHIPPING
help me seeing if there is anything new on the reimbursement,REFUND
i want assistance seeing your payment options,PAYMENT
i ordered some item cancel purchase,ORDER
i need to see when will my package arrive how can i do it,DELIVERY
can i notify of problems with signup,ACCOUNT
help me to check ur available payment methods,PAYMENT
i need assistance making a consumer claim aginst ur business,FEEDBACK
assistance informing of problems with payment,PAYMENT
i do not know how to see the termination charges,CANCEL
i dont know what to do to contact an assistant,CONTACT
where to check your payment methods,PAYMENT
is it possbile to see the withdrawal fees,CANCEL
i want assistancesubmitting the bloody new shipping address,SHIPPING
can you help me looking for my invoice,INVOICE
i dont know how i can change to the account,ACCOUNT
i expect a compendation of,REFUND
i cannotedit purchase,ORDER
where do i get rebates of my money,REFUND
where can i notify of troubles with payments,PAYMENT
i need to see the allowed payment options help me,PAYMENT
im trying to check the status of purchase,ORDER
edit personal information,ACCOUNT
i have to sue the profile how can i do it,ACCOUNT
there are problems trying to correct ym shipping address,SHIPPING
modify order732201349959,ORDER
im trying to swap an item of purchase,ORDER
can you help me to sign up to the corporate newsletter,SUBSCRIPTION
setting different shipping address up,SHIPPING
how do i check my bill from,INVOICE
i do not know how to recover the pin code of my user account,ACCOUNT
i need assistance making a consumer claim against ur compan,FEEDBACK
assistance to check the early exit fees,CANCEL
i have got to change my user info,ACCOUNT
could oyu tell me about fucking shipping periods,DELIVERY
how to correct roder,ORDER
is it possible to see the early exit penalties,CANCEL
i dont know how i can find the invoices from,INVOICE
i want assistance solving a trouble with online payment,PAYMENT
what do i have to do to list ur allowed payment options,PAYMENT
can i see at what time i can contact customer assistance,CONTACT
help to lodge a consumer complaint against your orgqnization,FEEDBACK
i need assistance adding several articles to order,ORDER
company newsletter subscription,SUBSCRIPTION
i dont know how to switch to the platinum account,ACCOUNT
i do not know how i can file a claim against ur business,FEEDBACK
i want assistance to notify of troubles with online payments,PAYMENT
help me filing a reclamation against ur business,FEEDBACK
i do not know what to do to talk to an assistant,CONTACT
i dont know how i can change to the account,ACCOUNT
i do not know how to create a account for my dad,ACCOUNT
need to set my new delivery address up,SHIPPING
i have lost my invoices from show it tome,INVOICE
can you help me to get the bills from,INVOICE
assistance to see in what cases can i request refunds,REFUND
can you help me unsubscribing from the newsletter,SUBSCRIPTION
i want help to update order,ORDER
i do not know how to set up the secondary shipping address,SHIPPING
how could i check if there are any news on the refund,REFUND
supports editnig my delivery address,SHIPPING
need to buy a few of ur item,ORDER
want help notifying of a trouble with payment,PAYMENT
i do not know what i have to do to ask for a rebate of money,REFUND
where could i report a registration error,ACCOUNT
i have got to purchase several of your item,ORDER
i do not know what i have to do to change to the pro account,ACCOUNT
i want help to get my invoice from,INVOICE
i need assistance checking the payment methods,PAYMENT
i dont know what i have to do to get my invoice,INVOICE
i need assistance to modify purchase,ORDER
need to file a consumer complaint against ur organization,FEEDBACK
i have got to enter a delivery address i need assistance,SHIPPING
i want assistance to check your allowed payment modalities,PAYMENT
want assistance to acquire several items,ORDER
i want to make a customer complaint,FEEDBACK
i dont know what i have to do to check my bill,INVOICE
i want help reporting a payment issue,PAYMENT
want assistance to see how soon can i expect my product,DELIVERY
i need help to speak with a live agent,CONTACT
i have got to acquire sme articles help me,ORDER
i want assistance to acquire some artiicles,ORDER
i expect a restitution of was it processed,REFUND
want assistance seeing my compensation current status,REFUND
i dont know how i can ese how soon can i expect the order,DELIVERY
wanna get my bloody bll from,INVOICE
i want assistance to use the premium account,ACCOUNT
i don use my pro account help me close it,ACCOUNT
help me to inform of an issue with online payment,PAYMENT
assistance checking in what cases can i request a refund,REFUND
uhave an address to send some feedback for a product,FEEDBACK
can ya help me see what payment methods are accepted,PAYMENT
how do i switch to the account,ACCOUNT
i submitted a wrong shipping address,SHIPPING
want help obtaining refunds of my money,REFUND
what do i need to do to ask for rebates,REFUND
i want to switch an item of order how can i do it,ORDER
i want assistance to ask for a rebate,REFUND
i havent signed up i need to create a account,ACCOUNT
i need to submit another delivery address how to do it,SHIPPING
assistance speaking with someone,CONTACT
i made an mistake could i modify order,ORDER
i want assistance to inform of errors with registrations,ACCOUNT
help me nltifying of issues with a signup,ACCOUNT
help seeing when will my purchase arrive,DELIVERY
how can i know if there is anything wrong with my refund,REFUND
their are errors submitting my fucking shipping address,SHIPPING
can you help me see the withdrawal penalties,CANCEL
deleting pro account,ACCOUNT
i have to see the early exit epnalty how to do it,CANCEL
i dont know what i need to do to close the account,ACCOUNT
i do not know what i need to do to remove my account,ACCOUNT
can uhelp me requesting reimbursements of my money,REFUND
can utell me about cancel the subscrption to ur newsletter,SUBSCRIPTION
i try to check the restitution status,REFUND
tell me what payment options are available,PAYMENT
problems with a delivery address modification,SHIPPING
i do not know how to obtain a compensation,REFUND
where to leave a comment about your company,FEEDBACK
i dont know how i can call customer assistance,CONTACT
i want assistance creating a standard account fr my fiance,ACCOUNT
the experience with you has been bad make a reclamation,FEEDBACK
how can i see what shipping methods are there,DELIVERY
need help leaving a comment about your company,FEEDBACK
create account,ACCOUNT
want help adding an item to purchase,ORDER
want assitsance to talk with a human agent,CONTACT
i dont understand ya assistance speaking to a live agent,CONTACT
i do not know what i need to do to download the bill,INVOICE
i have problems submitting the secondary shipping address,SHIPPING
how can i submit my delivery address,SHIPPING
i need to submit a shipping address can you help me,SHIPPING
i lost the invoicesfrom mail them to me,INVOICE
help me see the status of order,ORDER
need to receive reimbursements of my money,REFUND
i cannot see the current status of purchase,ORDER
there are problems setting a new delivery address up,SHIPPING
i need assistance to check the invoices from,INVOICE
i dont know what i need to do to speak to a person,CONTACT
where to change to the account,ACCOUNT
i dont know what i need to do to cancel my account,ACCOUNT
im trying to see in what cases can i request refunds,REFUND
there are troubles submitting another delivery address,SHIPPING
changkng to account,ACCOUNT
can you help me making a complaint,FEEDBACK
see early exit penalty,CANCEL
help me cancel my standard account,ACCOUNT
i am trying to order several of your article,ORDER
i want assistance to reset the pin code of my account,ACCOUNT
i want assistance to inform of an issue with a signup,ACCOUNT
i call to file a reclamation against ur company,FEEDBACK
i cant create an account were can i report a signup problem,ACCOUNT
i have troubles trying to update my address,SHIPPING
how do i use the account,ACCOUNT
i need help to switch a product of purchase,ORDER
i need assistance reporting payment problems,PAYMENT
can uhelp me see what hours customer support available is,CONTACT
where can i download the invoice,INVOICE
im trying to enter an shipping address,SHIPPING
how to use the gold account,ACCOUNT
i have got to see how soon can i expect my shipment help me,DELIVERY
help informing of an error with payments,PAYMENT
i dont know how to get compensations,REFUND
how can i create a account,ACCOUNT
can you show me when my item is going to arrive,DELIVERY
i have got to receive ur corporate newsletter,SUBSCRIPTION
im trying to get my invoice from,INVOICE
can i set the shipping address up,SHIPPING
nee to locate purchase help me,ORDER
ido not know how i can submit the new shipping address,SHIPPING
how can i modify my address,SHIPPING
correct info on premium account,ACCOUNT
can i use the profile,ACCOUNT
i have a question about a freemium account cancellation,ACCOUNT
where to see your available payment modalities,PAYMENT
i want to submit my feedback for your products help me,FEEDBACK
can i check my bill,INVOICE
i want to talk with customer support can you help me,CONTACT
i want assistance to reset the pin of my user,ACCOUNT
i need help seeing the withdrawal charge,CANCEL
assistance checking my bill from,INVOICE
what do i need to do to give a quick look at invoice,INVOICE
wanna change to the account can ya help me,ACCOUNT
i want information about opening a account,ACCOUNT
help to cancel my subscription to ur corporate newsletter,SUBSCRIPTION
help me to report errors with payment,PAYMENT
i need assistance changing the delivery address,SHIPPING
i want assistance to notify of troubles with payment,PAYMENT
need help submitting feedback for yor services,FEEDBACK
want assistance to leave feedback for ur products,FEEDBACK
where to retrievethe pwd of my account,ACCOUNT
is it possible to create a accojnt for my daughter,ACCOUNT
show me in which situations can i ask to be refunded,REFUND
i do not know how i can see your payment modalities,PAYMENT
i lost the bills from can ya ifnd it for me,INVOICE
is it possible to leave a comment about a service,FEEDBACK
i do not know what to do to swtch to the premium account,ACCOUNT
i need help to list your payment methods,PAYMENT
help me check what shipping methods are available,DELIVERY
i want to get my invoice from i need help,INVOICE
i need assistance making a customer claim,FEEDBACK
help me see under which circumstances can i request a refund,REFUND
how to talk to customer assisance,CONTACT
i want assistance to see the compensation current status,REFUND
i need help to notify of errors with a signup,ACCOUNT
what are your bloody payment methods,PAYMENT
what do i need to do to shop several products,ORDER
help me checking in which situations can i ask for refunds,REFUND
i need to see how long it takes for the delivery to arrive,DELIVERY
want assistance checking the restitution status,REFUND
i dontknow what to do to check your payment options,PAYMENT
want help to use the standard profile,ACCOUNT
assistance to file a claim against ur company,FEEDBACK
i want assistance seeing when will my parcel arrive,DELIVERY
i need assistance to chat with a fucking human agent,CONTACT
could uhelp me cancelin order,ORDER
i need help contacting somebody,CONTACT
i want help correcting purchase,ORDER
where do i see when my item is gonna arrive,DELIVERY
help me to use the standard profile,ACCOUNT
i call to check how long it takes for my delivery to arrive,DELIVERY
need to acquire several of ur article,ORDER
i dont want ordr could uhelp me cancel it,ORDER
i need help informing of errors with payment,PAYMENT
need assistance seeing how soon can i expect my article,DELIVERY
i want to check the early exit fee,CANCEL
where do i see what shipping options i can choose,DELIVERY
help me reset my user pwd,ACCOUNT
speak to an assistant,CONTACT
how can i speak to customer assistance,CONTACT
i try to submit a new delivery address,SHIPPING
help to see the withdrawal fee,CANCEL
question about my lost access key,ACCOUNT
do you have a way to leave a comment for a product,FEEDBACK
can ya help me notify of a trouble with online payments,PAYMENT
wanna see in which cases can i ask for a reimbursement,REFUND
there is an issue modifying the shipping address,SHIPPING
how can i look for my bill,INVOICE
i hav got to sign up to your newsletter i need help,SUBSCRIPTION
can i swap some articles of purchase,ORDER
how can i file a customer complaint against your company,FEEDBACK
want help seeing in which cases can i requesr a refund,REFUND
i would like to correct order i need help,ORDER
see what hours customer service available is,CONTACT
is it possible to cancel purchase,ORDER
can you help me filing a complaiont,FEEDBACK
send me mybill from,INVOICE
i need to download bill how do i do it,INVOICE
how to check how soon can i expect the article,DELIVERY
help me checking the goddamn reimbursement current status,REFUND
i cannot change order,ORDER
can i see in what cases can i request an reimbursement,REFUND
where can i find information about a password retrieval,ACCOUNT
help reporfting a trouble with payments,PAYMENT
i try to submit a different delivery address,SHIPPING
see in which cases can i ask for a reimbursement,REFUND
check the available delivery options,DELIVERY
find information about modifying the shipping address,SHIPPING
i dont know how to contact customer assistance,CONTACT
can i use the pro profile,ACCOUNT
i dont know how to speak with a humnan agent,CONTACT
im trying to submit my secondary delivery address,SHIPPING
where do i see if there are any updates on the refund,REFUND
were can i demand compensations of money,REFUND
what do i have to do to see when will my parcel arrive,DELIVERY
where can i see what shipment options i have,DELIVERY
i do not know how to get my bill,INVOICE
i need help to check bill,INVOICE
i am not happy with your service how can i make a claim,FEEDBACK
when am i gonna obtain a reimbursement of money,REFUND
want support updating the delivery dadress,SHIPPING
can you help me setting another delivery addrss up,SHIPPING
i dont know what i have to do to remove my account,ACCOUNT
help me list your accepted payment methods,PAYMENT
creatingnew account,ACCOUNT
what do i need to do to locate purchase,ORDER
i try to notify of errors with a signup,ACCOUNT
i dont know how i could check the early exit fees,CANCEL
i do not know what to do to cancel purchase,ORDER
i do not know what to do to see how long the shipping takes,DELIVERY
i cant make a payment where can i notify of an error,PAYMENT
question about the termination of my premium account,ACCOUNT
can you help me writing an opinion about your products,FEEDBACK
have problems with a account removal,ACCOUNT
i want assistance submitting feedback for your company,FEEDBACK
getting invoice from last purchase,INVOICE
i dont know what to do to notify of an issdue with a signup,ACCOUNT
assistance to write an opinionabout your company,FEEDBACK
i am trying to restore my user profile key,ACCOUNT
i need help to check if there are any news on the rebate,REFUND
is it possible to lodge a bloody customer claim,FEEDBACK
help setting up my new delivery address,SHIPPING
i want assidtance to check the early exit penalty,CANCEL
i cannot speak to a goddamn live agent,CONTACT
i need to write a review for a service will you help me,FEEDBACK
i have got to report issues with online payment,PAYMENT
transfer to live agent,CONTACT
can i write a comment for ur company,FEEDBACK
i want assistsnce seeing the withdrawal penalty,CANCEL
edit data on pro account,ACCOUNT
cancel subscription to your company newsletter,SUBSCRIPTION
could you help me to unsubscribe to the company newsletter,SUBSCRIPTION
show me what payment options are accepted,PAYMENT
i want help contacting a person,CONTACT
i try to enter a different delivery address,SHIPPING
i have to correct some of my personal details how to do it,ACCOUNT
seeing status of purchase,ORDER
i do not know how to create a account,ACCOUNT
chnge data on pro account,ACCOUNT
need to check how long it takes for the parcel to arrive,DELIVERY
can i ordrr from,DELIVERY
assistance getting my invoice,INVOICE
i have to see my bill help me,INVOICE
can i check what hours i can contact customer service,CONTACT
can you help me to report a problem with a registration,ACCOUNT
show current status of restitution,REFUND
where can i get information about the shipping period,DELIVERY
assistance to delete something from purcahse,ORDER
i want to enter a new shipping address how can i do it,SHIPPING
want assistance informing of problems with online payment,PAYMENT
can uhelp me filing a consumer claim against ur organization,FEEDBACK
would it be possible to check my compensation status,REFUND
can i swap some items of purchase,ORDER
need assistance receiving rebates of my money,REFUND
need help receiving the company newsletter,SUBSCRIPTION
edit standard account,ACCOUNT
check bill,INVOICE
i need to demnand reimbursements of money,REFUND
i dont know what i need to do to download the bill,INVOICE
help me to see what hours i can contact customer service,CONTACT
can ya help me speak to a live agent,CONTACT
i dont know what to do to chat with an assistant,CONTACT
i am calling to check when my purchase is going to arrive,DELIVERY
what do i have to do to see the available payment modalities,PAYMENT
how to check the current status of order,ORDER
i dont know how i can speak to someone,CONTACT
can you help me switching to the account,ACCOUNT
need assistance to make a customer claim against ur business,FEEDBACK
want assistance cancelling purchase,ORDER
what do i need to do to download my invoice,INVOICE
how can i file a consumer complaint,FEEDBACK
i missed an item in purchase could you add it,ORDER
id like to chat withan assistant,CONTACT
i need help getting in touch with customer assistance,CONTACT
i have forgotten my user account key help to restore it,ACCOUNT
help me editingorder,ORDER
i need assistance informing of a problem with signup,ACCOUNT
seeing invoice,INVOICE
i need help to purchase a few of ur article,ORDER
show me how long it takes for my package to arrive,DELIVERY
tell me more about opening premium accounts,ACCOUNT
i try to see what hours i can contact customer service,CONTACT
where can i change to the gold account,ACCOUNT
i need assistance lodging a claim,FEEDBACK
want help seeing at what time i can contact customer service,CONTACT
i need to see when will my package arrive how do i do it,DELIVERY
i want assistance to add a product to order,ORDER
help me listing your available payment methods,PAYMENT
i cannot find bill can usendit to me,INVOICE
i dont know how to retrieve the password of my profile,ACCOUNT
i do not know how to check your payment methods,PAYMENT
i need assistance to receive your corporate newsletter,SUBSCRIPTION
can ya help me retrieve the pin code of my acocunt,ACCOUNT
i do not know what i need to do to contact an operator,CONTACT
what do i need ti do to check ur refund policy,REFUND
i need to remove a standard account,ACCOUNT
wana see the allowed payment modalities how can i do it,PAYMENT
change information on premium account,ACCOUNT
need to lodge a fucking customer complaint,FEEDBACK
help using the standard cacount,ACCOUNT
i do not know how to write a review about your products,FEEDBACK
i want help seeing if there are any news on my reimbursement,REFUND
i have to see when will my article arrive,DELIVERY
notify of a signup issue,ACCOUNT
i cant pay how could i notify of a payment problem,PAYMENT
i do not know how to notify of a payment problem,PAYMENT
i do not know what i need to do to speak with someone,CONTACT
can you help me to acquire an few of your product,ORDER
where can i retrieve my user pwd,ACCOUNT
how do i see how soon can i expect the goddamn product,DELIVERY
i dont know how i can shop several of ur product,ORDER
will you show me what shipping methods are available,DELIVERY
i do not know how i can inform of a problem with a signup,ACCOUNT
how could i swap several items of purchase,ORDER
cancelin account,ACCOUNT
need help to subscribe to your corporate newsletter,SUBSCRIPTION
help me to see how long it takes for my damn order to arrive,DELIVERY
i try to speak to customer service,CONTACT
want assistance to contact an person,CONTACT
need to purchase several of ur article,ORDER
help me to call customer support,CONTACT
i want help downloading my invoice from,INVOICE
i do not know how i could leave a comment for your sevrices,FEEDBACK
need to check if there are any updates on my compensation,REFUND
where to ask for restitutons of my money,REFUND
i dont know what i have to do to download the bill,INVOICE
need help giving a quick look at my invouce from,INVOICE
where can i acquire some of your item,ORDER
i want help to see ur allowed payment modalities,PAYMENT
i try to get the inovice,INVOICE
how to switch a product of order,ORDER
can you give me information about a pwd reset,ACCOUNT
is it possible to cancel purchase,ORDER
i dont know what i have to do to see the withdrawal charges,CANCEL
i want assistance to earn several products,ORDER
i want help to recover the pin of my user profile,ACCOUNT
help me reset my user profile password,ACCOUNT
i dont know what i need to do to speak to a live agent,CONTACT
i need help to see in which cases can i request refunds,REFUND
i need help getting the bills from,INVOICE
want help checking in what situations can i ask for a refund,REFUND
i dont know how i could file a fucking customer reclamation,FEEDBACK
i do not know how i can obtain refunds of money,REFUND
cancel my newsletter subscription,SUBSCRIPTION
want help shopping some items,ORDER
what do i ned to do to cancel order,ORDER
i want information about changing the delivery address,SHIPPING
help me using the profile,ACCOUNT
can you help me to check purchase status,ORDER
see early exit fee,CANCEL
i dont know how to chat with an agent,CONTACT
want help checking ur money back policy,REFUND
i need information about the cancellation of a gold account,ACCOUNT
where do i check the restitution status,REFUND
can yoj help me to make a complaint against your company,FEEDBACK
i want help to see what hours i can call custmer service,CONTACT
help me change to the standard account,ACCOUNT
assistance to list your acepted payment modalities,PAYMENT
need help to shop several of ur item,ORDER
i want assistance changing to the goddamn account,ACCOUNT
i want assistance solving a problem with online payments,PAYMENT
help me receive ur newsletter,SUBSCRIPTION
help me to report an issue with a signup,ACCOUNT
use account,ACCOUNT
where do i see at what time i can reach customer service,CONTACT
i dont know how to ask for restitutions of my money,REFUND
there are troubles modifying my address,SHIPPING
help me to see what payment paymnet modalities are available,PAYMENT
i want help seeing in what cases can i ask for refunds,REFUND
assistance to lodge a fucking consumer claim,FEEDBACK
checking early exit charge,CANCEL
help me checking the current status of purchase,ORDER
i need to see if there are any updates on the rebate,REFUND
i have to report issues with onlpine payment,PAYMENT
i do not know how i can receive the company newsletter,SUBSCRIPTION
could i check if there are any updates on my goddamn rebate,REFUND
can you help me to chat with an operator,CONTACT
how do i check your available payment options,PAYMENT
i have got to check the status of purchase,ORDER
how can i see what fucking shipment options are available,DELIVERY
how can i see what shipment options i can choose,DELIVERY
need help notifying of issues wiht a signup,ACCOUNT
i want assistance opening a account for my dad,ACCOUNT
i want assistance taking a quick look at the invoice,INVOICE
what time can i get in touch with customer assistance,CONTACT
i want to remove an item from order i need hepl,ORDER
what do i have to do to request restitutions of money,REFUND
i dont know how to retrieve the pass of ym account,ACCOUNT
i want assistance seeing the withdrawal penalties,CANCEL
i need help speaking to a person,CONTACT
how to purchase several articles,ORDER
how to cancel the subscription to your corporate newsletter,SUBSCRIPTION
show me at what time i can call customer service,CONTACT
uhave a free number to speak to customer service,CONTACT
i need to talk to a live agent can i get some help,CONTACT
want help downloading the invoice,INVOICE
i have to see the early exit chrge can i get some help,CANCEL
i dont know what i need to do to check the withdrawal fees,CANCEL
i need help writing a review about your products,FEEDBACK
i have got to see purchase current status,ORDER
i dont know what i have to do to purchase something,ORDER
in what situations can i ask to be reimbursed,REFUND
wanna list ur payment options could i get some help,PAYMENT
send me bill,INVOICE
need help to see in what cases can i ask for reimbursements,REFUND
i have a trouble updating my shipping address,SHIPPING
i dont know what ineed to do to download invoice,INVOICE
assistance to check how soon can i expect my parcel,DELIVERY
i dont know what i need to do to change to the pro account,ACCOUNT
i do not know how i can retrieve my goddamn user pin code,ACCOUNT
could you mail me my goddamn invoices from,INVOICE
what do i have to do to file a consumer complaint,FEEDBACK
i want help to see in what situations can i ask for refunds,REFUND
updating details on gold account,ACCOUNT
information about receiving ur newsletter,SUBSCRIPTION
need sasistance seeing what payment options are accepted,PAYMENT
i expect a fucking compensation of,REFUND
can i use the premium profile,ACCOUNT
help to retrieve my profile pin code,ACCOUNT
i dont know how i could delpete the goddamn account,ACCOUNT
help me todownload my invoice,INVOICE
i would like to talk with customer service how to do it,CONTACT
how do i cancel order,ORDER
want assistance seeing the withdrawal charge,CANCEL
do you have an address to send a review,FEEDBACK
ya have a free of charge number to talk to customer service,CONTACT
i dont know how i can inform of an problem with signup,ACCOUNT
i do not know how i could download bill,INVOICE
i do not understand ya is it possible to speak to osmebody,CONTACT
im trying to report problems with a signup,ACCOUNT
deeting something from order,ORDER
help me reporting problems with online payment,PAYMENT
update info on account,ACCOUNT
i want help to see when will my package arrive,DELIVERY
where do i see your accepted payment methods,PAYMENT
i need assistance to give a quick look at the bill,INVOICE
is it possible to check hwat payment methods ya accept,PAYMENT
order 00123842current status,ORDER
need assistance seeing what shipping methods i have,DELIVERY
help retrieving my account key,ACCOUNT
i want to chat with an operator,CONTACT
can i talk with slmebody,CONTACT
i have a trouble setting my new shipping address up,SHIPPING
i do not know how i acn look for the bills from,INVOICE
i have got to submit some feedback for a service,FEEDBACK
locate order,ORDER
i lost the bills from find it for me,INVOICE
where to inform of an error with a registration,ACCOUNT
how can i check the eta of the order,ORDER
i have to find the bills from,INVOICE
i have got to request reimbirsements of money,REFUND
want help to write a comment about a product,FEEDBACK
where do i acqurie some of your article,ORDER
i need assistance to leave an opinion for your services,FEEDBACK
want help to list ur allowed payment modalties,PAYMENT
editing data on standard account,ACCOUNT
i want to add a product to my order could i get some help,ORDER
i want assitsance contacting somebody,CONTACT
i need help to unsubscribe to ur company newsletter,SUBSCRIPTION
correct data on premium account,ACCOUNT
correcting details on platinum account,ACCOUNT
can you help me informing of an issue with signup,ACCOUNT
i would like to edit my user will you help me,ACCOUNT
i dont know how to see the bloody withdrawal penalty,CANCEL
i try to inform of problems with a signup,ACCOUNT
can uhelp me check what hours customer support available is,CONTACT
information about the termination of a account,ACCOUNT
i bought some article help canceling order,ORDER
want help to notify of a fucking error with payments,PAYMENT
can i download bill,INVOICE
i need to file a complaint against your business,FEEDBACK
i waqnt information about opening standard accounts,ACCOUNT
i do not know what to do to locate order,ORDER
remove standard accoint,ACCOUNT
how to inform of an issue with a registration,ACCOUNT
i want help to ask for compensations,REFUND
i cannot poay for purchase,ORDER
i want help to delete a product from order,ORDER
how can i remove some articles from purchase,ORDER
i have an issue trying to correct my delivery address,SHIPPING
i want information about creatign a account,ACCOUNT
can you tell me about receiving your newsletter,SUBSCRIPTION
help me check in what cases can i ask to be refunded,REFUND
help to reset my user account pin,ACCOUNT
what do i have to do to get the bill,INVOICE
is it possible to check the early termination charge,CANCEL
i try to purchase some of ur product,ORDER
i have got to send some feedback for a product,FEEDBACK
how do i add some items to order,ORDER
i have to check the eta of the purchase,ORDER
how can i check how long it takes for the delivery to arrive,DELIVERY
i try to switch to the premium account,ACCOUNT
help me to unsubscribe from the company newsletter,SUBSCRIPTION
could you help me check your money back guarantee,REFUND
i want help to list ur allowed payment modalities,PAYMENT
i need assistance to locate purchase,ORDER
im trying to acquire some of ur item,ORDER
i paid for an item help me getting a goddamn rebate,REFUND
can uhelp me to check the eta of purchase,ORDER
want assistance to talk to customer service,CONTACT
wanna open a freemium account for my fiance,ACCOUNT
updating data on platinum account,ACCOUNT
i want help unsubscribing from the newsletter,SUBSCRIPTION
i dont know what to do to locate order,ORDER
what do i need to do to download my bill from,INVOICE
i dont know how i can make a customer complaint,FEEDBACK
shipments to,DELIVERY
i have got to call customer service how to do it,CONTACT
id like to submit my feedback about a product,FEEDBACK
wanna open a pro account,ACCOUNT
what do i have to do to createa premium account,ACCOUNT
i want assistance to receive the corporate newsletter,SUBSCRIPTION
i cant report signup problems,ACCOUNT
i want help to talk to customer service,CONTACT
i want help notifying of signup errors,ACCOUNT
i lost my account pin code assistance to reset it,ACCOUNT
where can i check what hours customer support available is,CONTACT
i try to submit my delivery address,SHIPPING
tell me about modifying my address,SHIPPING
report payment issues,PAYMENT
help to file a consumer complaint,FEEDBACK
i cannot rettrieve my damn user pass,ACCOUNT
tell me at what time i can reach customer support,CONTACT
can i report errors with a fucking signup,ACCOUNT
i want help to enter a new delivery address,SHIPPING
editing data on premium acocunt,ACCOUNT
want help making a claim against ur company,FEEDBACK
i want help to see order status,ORDER
assistance to contact somebody,CONTACT
i need assistance to obtain a goddamn rebate of money,REFUND
want help filing a consumer complaint,FEEDBACK
modify details on premium account,ACCOUNT
there is a problem entering my secondary delivery address,SHIPPING
see order status,ORDER
i cannot subscribe to youir newsletter,SUBSCRIPTION
help receiving reinbursements of my money,REFUND
wanna know about correcting my address find some information,SHIPPING
talk to person,CONTACT
i do not know how i can submit feedback about a product,FEEDBACK
help to cancel order,ORDER
checking status of rebate,REFUND
i want a account,ACCOUNT
can ya help me to demand an refund,REFUND
where doi send feedback about your company,FEEDBACK
help me talk to a agent,CONTACT
i dont know how to leave some feedback about your services,FEEDBACK
wanna know about the delivery period,DELIVERY
i want to know about my corporate newsletter subscription,SUBSCRIPTION
i do not understand you help me speaking with an agent,CONTACT
i want assistance to download the damn bill from,INVOICE
i have a trouble setting the shipping address up,SHIPPING
i want assistance to talk with an assistant,CONTACT
i have an error trying to modify my address,SHIPPING
where to write an review about ur services,FEEDBACK
i try to set up the delivery address,SHIPPING
help me see under what circumstances can i request a refund,REFUND
want help to see how soon can i expect the purchase,DELIVERY
i cannot swap a product of order,ORDER
i am trying to inform of a payment error,PAYMENT
show me in which situations can i ask to be reimbursed,REFUND
wanna lodge a consumer reclamation against ur company,FEEDBACK
i want assistance ordering an article,ORDER
i want help to cancel my company newsletter subscription,SUBSCRIPTION
i do not use the damn gold account i am trying to close it,ACCOUNT
im very unhappyt with ur service i need to file a complaint,FEEDBACK
have a question about the termination of a freemiumaccount,ACCOUNT
i call to check how soon can i expect my product,DELIVERY
how can i enter another shipipng address,SHIPPING
i want help seeing the bill from,INVOICE
i cannot sign up i need to report signup problems,ACCOUNT
my experience with your work was bad make a complaint,FEEDBACK
changing details on platinum account,ACCOUNT
help me to delete an item from order,ORDER
downloading bills from,INVOICE
i cannot add some items to purchase,ORDER
want assistance to cancel pyrchase,ORDER
checking invoice from last purchase,INVOICE
i want assistance to check the eta of purchase,ORDER
there are problems entering my delivery address,SHIPPING
i need assistance to set my secondary delivery address up,SHIPPING
i have got to check in which cases can i request refunds,REFUND
need assistance writing a comment about your company,FEEDBACK
i try to remove some items from order,ORDER
where can i find information about the delivery periods,DELIVERY
i cant report an error with a signup,ACCOUNT
id like to check my fucking invoices from help me,INVOICE
switch a product of order,ORDER
can ya help me to cancel the company newsletter subscription,SUBSCRIPTION
using another account,ACCOUNT
deleting standard accoumt,ACCOUNT
i need to check in which cases can i request my money back,REFUND
do ya have an email to leave a commnt,FEEDBACK
uare not being helpful help me speak to an operator,CONTACT
where do i check the cancellation penalty,CANCEL
give me information about opening a account,ACCOUNT
i cant make payments notify of issujes,PAYMENT
i need assistance to check when will my product arrive,DELIVERY
can you help me to remove a product from order,ORDER
i dont know how to ask for compensations of money,REFUND
i need assistance entering a secondary delivery address,SHIPPING
i cannot switch to the standard account,ACCOUNT
i dont know how to speak with a human agent,CONTACT
i want assistance to file a reclamation against your company,FEEDBACK
is there an email to send an opinion about your products,FEEDBACK
can ya help me to cancel order,ORDER
how do i notify of payment problems,PAYMENT
where do i earn some products,ORDER
i dont know how i can download bill,INVOICE
need assistance to submit my feedback for ur services,FEEDBACK
seeing withdrawal penalty,CANCEL
i have got to edit the details included on my profile,ACCOUNT
i need assistance downloading my invoice,INVOICE
i dont understand a word ya say how to chat with a person,CONTACT
i want to lodge a customer complaint,FEEDBACK
assistance changing to the platinum account,ACCOUNT
where do i file an customer claim against ur business,FEEDBACK
correct information on premium account,ACCOUNT
how can i check the eta of the purchase,ORDER
want help to see purchase status,ORDER
changing to pro account,ACCOUNT
is it possible to check the early termination charges,CANCEL
want help setting the secondary delivery address up,SHIPPING
help me to cancel the subscription to the company newsletter,SUBSCRIPTION
need to know if there is anything new on the restitution,REFUND
can iu talk to customer support,CONTACT
how do i set the secondary shipping address up,SHIPPING
i would like to locate my bill can you help me,INVOICE
how can i notify of errors with a signup,ACCOUNT
tell me more about a delivery address change,SHIPPING
i need assistance leaving an opinion for yor services,FEEDBACK
download bill,INVOICE
i need to leave an opinion can i get some help,FEEDBACK
notify of troubles with payment,PAYMENT
i need help to delete something from order,ORDER
can i see how soon cqn i expect the order,DELIVERY
what do i have to do to check the shipping options,DELIVERY
could you tell me about the options for shipping,DELIVERY
help me to lodge a complaint against ur company,FEEDBACK
problem with my forgotten pin,ACCOUNT
do you have a number to contact goddamn customer assistance,CONTACT
is it possible to create a freemium account,ACCOUNT
i have to check what hours i can reach customer assistance,CONTACT
i have to send feedback can i get some help,FEEDBACK
is it possible to order several of ur product,ORDER
help seeing under what circumstances can i request refunds,REFUND
i would like to cancel the subscription to your newsletter,SUBSCRIPTION
give me information about a shipping address update,SHIPPING
how could i notify of an error with online payment,PAYMENT
i want to see what damn payment methods are allowed help me,PAYMENT
i do not want the premium account can i delete it,ACCOUNT
i need help retrieving my goddamn account password,ACCOUNT
im calling to check the shipping options,DELIVERY
wanna modify the details on my user profile can ya help me,ACCOUNT
help me to check how long reimbursements usuaoly take,REFUND
i lost the bills from mail them to me,INVOICE
i want help resetting my account access key,ACCOUNT
assistance earning a damn product,ORDER
assistance ordering a few ofur article,ORDER
i have got to reset the pwd of my user,ACCOUNT
do you have a tollfree number to contact customer support,CONTACT
i try to check how soon can i expect my article,DELIVERY
i am trying to retrieve the password of my account,ACCOUNT
i cant edit order,ORDER
want assistance entering a seconxary shipping address,SHIPPING
help checking what shipment methods i can choose,DELIVERY
i want assistance cancelling purchase,ORDER
assistance seeing in which cases can i request my money back,REFUND
i do not understand you helop me contact a human agent,CONTACT
where can i cancel order,ORDER
i cant afford order help me cancelling it,ORDER
i cannot inform of a isgnup issue,ACCOUNT
i need help seeing purchase status,ORDER
help me check your available payment methods,PAYMENT
i do not know how to speak with a live agent,CONTACT
there is an error modifying the delivery address,SHIPPING
i want assistance to download the bill from,INVOICE
need to see ur payment methods,PAYMENT
i need information about the cancellation of a gold acocunt,ACCOUNT
how do i inform of issues with a signup,ACCOUNT
i am trying to find information about modifying the address,SHIPPING
i would like to obtain my money back,REFUND
how can i add an article to purchase,ORDER
show me what hours i can call customer assistance,CONTACT
edit account,ACCOUNT
i dont know what to do to delete the freemium account,ACCOUNT
get bill from,INVOICE
help em checking the withdrawal fees,CANCEL
i want help to inform of a registration issue,ACCOUNT
i want help listing the accepted payment options,PAYMENT
i do not know how to give a quick look at my bill,INVOICE
i need help correcting my address,SHIPPING
need help listing the payment methods,PAYMENT
could you tell me what hours customer support available is,CONTACT
need to speak to customere assistance,CONTACT
i call to see when my package is going to arrive,DELIVERY
i do not know what to do to notify of a signup issue,ACCOUNT
check withdrawal charge,CANCEL
where do i file a damn consumer claim against your company,FEEDBACK
help chatting with an assistant,CONTACT
how do i make a consumer complaint against your businrss,FEEDBACK
help adding an article to purchase,ORDER
i want to set up the delivery address how could i do it,SHIPPING
i dont know how to change to the account,ACCOUNT
i am waiting for a compensation of,REFUND
i dont know how i can ask for compensations of money,REFUND
i expect a goddamn compensation of was it processed,REFUND
i need help leaving my feedback for your products,FEEDBACK
can you help me report an issue with online payments,PAYMENT
i have to see the early exit penalty i need help,CANCEL
why i cannot set up the shipping address valid,SHIPPING
i have a problem with canceling purchase,ORDER
i want to see your payment modalities can i get some help,PAYMENT
could i unsubscribe from the newsletter,SUBSCRIPTION
error setting the shipping address up,SHIPPING
i need assistance acquiring several items,ORDER
i need help to se how long the bloody reimbursements take,REFUND
help me creting a account,ACCOUNT
assistance checking the early exit penalties,CANCEL
how to check the eta of the order,ORDER
help me checking how long reimbursements take,REFUND
where to see the eta of order,ORDER
there is an issue entering the secondary shipping address,SHIPPING
adsistance earning several of your product,ORDER
where can i see bill,INVOICE
mail me the bill from,INVOICE
i have to ese how soon can i expect the article,DELIVERY
what do i have to do to check your rfund policy,REFUND
i dont want purchase could i cancel it,ORDER
is it possible to delete my freemium account,ACCOUNT
i need assistance to check your reimbursement policy,REFUND
where to see the eta of the order,ORDER
i try to check what payment methods are allowed,PAYMENT
id like to donload the invoice,INVOICE
can you direct to me a human agent,CONTACT
can i see the status of my company newsletter subscription,SUBSCRIPTION
i cannot see order damn current status,ORDER
where do i get the bills from,INVOICE
want assistance informing of problems with a registration,ACCOUNT
problems with a delivery address correction,SHIPPING
can you help me leqving my feedback about your products,FEEDBACK
help me to see the payment options,PAYMENT
i call to send some feedback about a service,FEEDBACK
i want help to see when my package is gonna arrive,DELIVERY
i dont know what i need to do to edit my user information,ACCOUNT
see the bills frmo,INVOICE
there are errors trying to update my shipping address,SHIPPING
i want help giving a quick look at my bill from,INVOICE
i am very unhappy with your service i try to lodge a claim,FEEDBACK
i lost the bills from could ufnid them for me,INVOICE
help me to see in what cases can i ask for reimbursements,REFUND
assistance to inform of a trouble with online payments,PAYMENT
need to check what shipping options are available,DELIVERY
im waiting for a restitution of dollars,REFUND
need to notify of a signup issue,ACCOUNT
i call to lodge a consumer claim against your organization,FEEDBACK
i cannot pay help to inform of problems with payment,PAYMENT
where do i shop a few of your article,ORDER
i want to get the goddamn bill from help me,INVOICE
want assistance submitting a different shipping address,SHIPPING
i dont know how i can notify of issues with online payments,PAYMENT
i need help to reset my account password,ACCOUNT
how long does it usually take for a product to arrive,DELIVERY
id liketo see the eta of the purchase help me,ORDER
have problems wth cancelling order,ORDER
i dont know what to do to check the allowed payment options,PAYMENT
want help correcitng my shipping address,SHIPPING
i have got to submit my feedback for a product,FEEDBACK
i need to notify of an error with a signup,ACCOUNT
i have a question about the termination of a pro account,ACCOUNT
i need information about my access key retrieval,ACCOUNT
how to see the current status of order,ORDER
help to make a reclamation against your company,FEEDBACK
i want help changing to the standard account,ACCOUNT
can you help me track order,ORDER
where do i retrieve the access key of my user,ACCOUNT
is it possible to get rebates of money,REFUND
i have to see in what cases can i ask for reimbursements,REFUND
i have got to cancel the company newsletter subscription,SUBSCRIPTION
i want to see the methods for delivery can you help me,DELIVERY
i have problems with opening a account,ACCOUNT
check my ibll from,INVOICE
help to chat with a damn operator,CONTACT
show cancellation charges,CANCEL
there is a trouble setting up a delivery address,SHIPPING
how do i list your payment options,PAYMENT
support changing my shipping address,SHIPPING
i have got to set up a delivery address how do i do it,SHIPPING
i need assistance to set my new delovery address up,SHIPPING
need help notifying of problems with online payments,PAYMENT
i have to check when my product is going to arrive,DELIVERY
is there an address to leave an opinion,FEEDBACK
i need assistance to check how long the shgipment takes,DELIVERY
i need assistance swapping an article of order,ORDER
correct order,ORDER
help seeing in which cases can i ask for reimbursements,REFUND
correct information on gold account,ACCOUNT
i dont know how to check how soon can i expect the product,DELIVERY
want help seeing ur accepted payment metjods,PAYMENT
can i see how soon can i expect my shipment,DELIVERY
i cannot notify of a error with a goddamn signup,ACCOUNT
want help checking ohw soon can i expect my package,DELIVERY
i have got to download my invoice from,INVOICE
i do not know how to send feedback about ur products,FEEDBACK
i need help to report a problem with online payments,PAYMENT
i need help to know if there are any updates on my refund,REFUND
where could i notify of a payment issue,PAYMENT
could you help me solving troubles with online payment,PAYMENT
i expect a compensqtion of dollars,REFUND
can ya help me to change an article of purchase,ORDER
i need information about a delivery address update,SHIPPING
is it possible to use the gold profile,ACCOUNT
where do i see at what time i can reach customer support,CONTACT
i do not need the account can you help me to close it,ACCOUNT
how do i receive the newsletter,SUBSCRIPTION
my experience with uwas too bad help to file a reclqmation,FEEDBACK
i do not know how to check what shipping methods are there,DELIVERY
hepp seeing the bill from,INVOICE
i need help to lodge a customer claim agaisnt ur business,FEEDBACK
i want to unsubscribe from the newsleter,SUBSCRIPTION
i have a problem with opening a account,ACCOUNT
i have to check in what situations can i request a refund,REFUND
i want to change to the gold account help me,ACCOUNT
i need help retrieving my account access key,ACCOUNT
help restoring the password of my user account,ACCOUNT
help me check the early termination fees,CANCEL
i try to make a customer claim against your company,FEEDBACK
can uhelp me solve an error with payments,PAYMENT
i want help to sign up to your corporate newsletter,SUBSCRIPTION
help with adding several damn articles to order,ORDER
i need help to get a refund,REFUND
modifu details on account,ACCOUNT
i want help talking with an assistant,CONTACT
i have a question about the online registration,ACCOUNT
i have got to cancel order,ORDER
i have to talk to customer support can i get some help,CONTACT
i want to see what shipment methods are available,DELIVERY
how do i check purchase current status,ORDER
want assistance switching to the account,ACCOUNT
can you help me sign up to the company newsletter,SUBSCRIPTION
want assistance sending feedbakc about a product,FEEDBACK
i would like to submit the delivery address,SHIPPING
i need assistance checking my bills from,INVOICE
i have got to lodge a customer complaint help me,FEEDBACK
i have a problem with the cancellation of a freemium account,ACCOUNT
check invoice,INVOICE
error setting a new shipping address up,SHIPPING
i canno longer afford purchase,ORDER
i need assistance checking what methods for delivery i have,DELIVERY
how to use the profile,ACCOUNT
need to make a consumer reclamation against ur organization,FEEDBACK
i want to leave an opinion for a product help me,FEEDBACK
support with my online registration,ACCOUNT
help me download my bills from,INVOICE
would it be possible toplace a fucking order from,DELIVERY
can i see the status of purchase,ORDER
i want assistance changing to the premium account,ACCOUNT
assistance using the freemium profile,ACCOUNT
update details on platinum account,ACCOUNT
i need help sending my feedback for your services,FEEDBACK
assistance checking the goddamn termination penalties,CANCEL
assistance to inform of asignup problem,ACCOUNT
i have entered a wrong address i need help modifying it,SHIPPING
i need assistance asdking for compensations,REFUND
i want help seeing in what situations can i request a refund,REFUND
lodging customer complaint against ur business,FEEDBACK
help me retrieve the password of my user profile,ACCOUNT
i cannot restore my user account pwd,ACCOUNT
i dont know how to restore the pin of my profile,ACCOUNT
where to lodge a complaint against ur company,FEEDBACK
i need assistance to notify of a payment error,PAYMENT
i cannot see the current staus of purchase,ORDER
how can i check purchase current status,ORDER
wanna check in what cases can i ask to be reimbursed,REFUND
i need help to inform of troubls with payment,PAYMENT
i try to inform of troubles with payment,PAYMENT
want help to see how soon can i expect the package,DELIVERY
need help to file a reclamaion against ur business,FEEDBACK
help me deleting an item from purchase,ORDER
i want help to remove my freemium account,ACCOUNT
assistance buying several of your product,ORDER
i want help creating a new damn standard account,ACCOUNT
is it possible to notify of an error with signup,ACCOUNT
can ya help me speak wih customer assistance,CONTACT
want assistance to send feedback for a product,FEEDBACK
i dont know what to do to talk with customre assistance,CONTACT
is it possible to talk to a person,CONTACT
i have got to sign up to your newsletter i need help,SUBSCRIPTION
want help to see the status of purchase,ORDER
how to inform of payment probloems,PAYMENT
can i write a review for ur company,FEEDBACK
editing data on account,ACCOUNT
can you help me changing a product of a purchase,ORDER
i have to submit my new shipping address,SHIPPING
need help to see in which cases can i request my money bac,REFUND
i want to know about updating my delivery address,SHIPPING
help me check how soon can i expect my order,DELIVERY
want assistance reporting an error with payments,PAYMENT
want help cancelling my company newsletter subscriptikon,SUBSCRIPTION
need help to swap some products of purchase,ORDER
i dont know what i need to do to cancel a premium accounnt,ACCOUNT
updating freemium accojnt,ACCOUNT
need help to cancel my subscription to your newsletter,SUBSCRIPTION
how to see the early exit fees,CANCEL
i do not know what i need to do to make a reclamation,FEEDBACK
i do not know what i need to do to talk with a person,CONTACT
i never usethe standard account assistance to close it,ACCOUNT
i have got to modify my damn address how to do it,SHIPPING
checking invoice,INVOICE
i do not know what to do to earn an item,ORDER
i entered a wrong delivery address help me editing it,SHIPPING
i want assistance to notify of a goddamn signup problem,ACCOUNT
i cannot check the status of my newsletter subscription,SUBSCRIPTION
i need assistance to get a reimbursement,REFUND
want help obtaining rebates,REFUND
how to speak to customer support,CONTACT
im trying to notify of a trouble with online payments,PAYMENT
i do not know what i have to do to make a purchase,ORDER
i have lost my user profile pin i have to restore it,ACCOUNT
under what circumstances can i ask to be reimbursed,REFUND
where to download the bill,INVOICE
how to update order,ORDER
is it possible to get a refund of money,REFUND
i need to contact customer service hoow can i do it,CONTACT
the shipping address is not valid,SHIPPING
need help checking the status of purechase,ORDER
i purchased some articles cancel order,ORDER
modify information on pro acfount,ACCOUNT
need to send some feedback about ur products,FEEDBACK
i try to see purchase current status,ORDER
i would like to check the compensation status,REFUND
im trying to find information about creating users,ACCOUNT
i want help to delete some products from order,ORDER
modify platinum account,ACCOUNT
i want assistance seeing the early exit charges,CANCEL
how to obtain a rebate of money,REFUND
i need assistance checking the goddamn early exit penalty,CANCEL
could you help me obtain rebates of money,REFUND
i need assistance seeing the early termination penalties,CANCEL
i do not know what to do to get my invoice,INVOICE
i want help to see ur available payment methods,PAYMENT
i call to file a claim,FEEDBACK
wanna check at what time i can reach customer assistance,CONTACT
could i use the profile,ACCOUNT
i need help seeing what hours i can call customer service,CONTACT
lodging consumer reclamation against urcompany,FEEDBACK
can i see how soon can i expect the fucking item,DELIVERY
i try to change some items of order,ORDER
need help setting up the delivery address,SHIPPING
where could i see what options for delivery i have,DELIVERY
give me information about the deletion of my standardaccount,ACCOUNT
wanna set the shipping address up,SHIPPING
i dont know how i can cancel order,ORDER
are the charges of your services refundable,REFUND
i need to obtain a rebate,REFUND
where to acquire several of your article,ORDER
i need help to see your reimbursement policy,REFUND
assistance correcting my delivery address,SHIPPING
i have got to contact an agent,CONTACT
i have to see in what cases can i ask for a reimbursement,REFUND
help to swap an item of purchase,ORDER
i do not need the account help to delete it,ACCOUNT
help to call customer service,CONTACT
change to standard acount,ACCOUNT
i need help to retrieev my user pin,ACCOUNT
can you help me to speak to someone,CONTACT
i dont know what i need to do to send some feedback,FEEDBACK
i need assistance cancelling purcjase,ORDER
i want help to use the gold profile,ACCOUNT
i dont know how i could check the early termination charges,CANCEL
i dont know how i cansee my invoices from,INVOICE
how can i report problems with online payments,PAYMENT
set up my shipping address,SHIPPING
i do not know what i need to do to find the invoice,INVOICE
i need assistance to see what payment methods are available,PAYMENT
help to switch to the accounty,ACCOUNT
i need to see the early termination charges how to do it,CANCEL
i need to see how long it takes for the shipment to arrive,DELIVERY
i need assistance speaking with an assistant,CONTACT
help to see in what cases can i ask to be reimbursed,REFUND
i do not know how to see the status of purchase,ORDER
can isee bill,INVOICE
i have bought some item i have to cancel order,ORDER
is it possible to lodge a customer claim,FEEDBACK
wann open a premium account how can i do it,ACCOUNT
i dont know what i need to do to get the bill,INVOICE
i have to acquire some of your article,ORDER
need help using the gold aaccount,ACCOUNT
i cannot understand a word you say can i contact someone,CONTACT
i want support trying to edit my shipping address,SHIPPING
assistance to restore my damn profile access key,ACCOUNT
what do i have to do to change my user data,ACCOUNT
i want to contact an operator,CONTACT
i need to remove a account how can i do it,ACCOUNT
i need information about opening platinum accounts,ACCOUNT
problem with my pin reset,ACCOUNT
modifu details on account,ACCOUNT
i am trying to add an article to order,ORDER
want help to inform of issues with online payments,PAYMENT
can you help me to file a fucking customer reclamation,FEEDBACK
i want assistance creating a premium account for my fiance,ACCOUNT
i want information about the fucking delivey period,DELIVERY
i want to see what shipment options i have how can i do it,DELIVERY
help me cancelling purchase,ORDER
i need to see how soon can i expect my order help me,DELIVERY
assistance to delete my pro account,ACCOUNT
want assistance lising your accepted payment methods,PAYMENT
can i check what hours i can contact customer service,CONTACT
i want to submit the edlivery address,SHIPPING
help me to take a quick look at my bills from,INVOICE
how can i check what hours i can contact customer service,CONTACT
could you help me see purchase current status,ORDER
i cant open an account help me report bloody signup issues,ACCOUNT
need to inform of problems with online payment,PAYMENT
assistance to check hw soon can i expect the order,DELIVERY
issue changing shipping address,SHIPPING
i have got to look for bill how do i do it,INVOICE
tell me more about unsubscribing frmo ur company newsletter,SUBSCRIPTION
assistance to locate hte bill from,INVOICE
help to pseak to customer support,CONTACT
need help reporting errors with online payments,PAYMENT
i have got to check what delivery methods are there,DELIVERY
need assistance to acquire several of ur article,ORDER
need assistance to find my fucking bill from,INVOICE
i do notg know how i can inform of a problem with signup,ACCOUNT
i have to talkwith customer support,CONTACT
i do not know what to do to see the shipment methods,DELIVERY
i want help talking with an operator,CONTACT
want assistance to give a quick look at the invoice,INVOICE
i dont know what i need to do to make a consumer claim,FEEDBACK
editdata on platinum account,ACCOUNT
see what hours i can get in touch with customer assistance,CONTACT
assistance to cancel the subscription to your newsletter,SUBSCRIPTION
i dont know what i hve to do to see my bills from,INVOICE
i need assistance to retrieve the password of my account,ACCOUNT
i want assistance to demand refunds of my money,REFUND
i paid for an article i need help to get a refund,REFUND
need assistance reporting payment erroors,PAYMENT
i want assistance submitting the delivery address,SHIPPING
help seeing what damn methods for delivery you offer,DELIVERY
assistance informing of problems with registrations,ACCOUNT
create new account for daughter,ACCOUNT
how to correct the shipping address,SHIPPING
i need to add some articles to purchase,ORDER
i dont want this item cancel order,ORDER
i have got to restore the password of my account,ACCOUNT
i need help demanding a rebate of money,REFUND
how do i look for the bills from,INVOICE
there is a trouble entering my new shipping address,SHIPPING
can you help me create a premium account,ACCOUNT
i cant speak iwth an operator,CONTACT
sign up to the newsletter,SUBSCRIPTION
is it possible to check how soon can i expect the item,DELIVERY
i try to make a consumer complaint against your company,FEEDBACK
i forgot the bloody key of my account where to retrieve it,ACCOUNT
show me the allowed paymeny modalities,PAYMENT
i do not know what to do to get a compensation,REFUND
i want to chat with a live agent,CONTACT
help to buy a few of ur item,ORDER
i would like to speak with goddamn customer assistance,CONTACT
need assistance to speak to a live agent,CONTACT
i need assistance solving payment errors,PAYMENT
i need assistance closing my platinum account,ACCOUNT
check current status of order,ORDER
is it possible to list your available payment methods,PAYMENT
show me at what time customer assistance available is,CONTACT
i have to see under what circumstances can i request refunds,REFUND
i have to see how soon can i expect the item help me,DELIVERY
assistance checking the current status of my restitution,REFUND
assistance seeing how olng refunds take,REFUND
want assistance notifying of problems with online payment,PAYMENT
help me download the bill from,INVOICE
i need help taking a quick look at the bill,INVOICE
i want help to cancel the freemium account,ACCOUNT
i lost the damn bill from send it to me,INVOICE
what is order current status,ORDER
i want assistance acquiring a few of ur item,ORDER
i dont know how i could delete the standard account,ACCOUNT
i cant restore my key,ACCOUNT
i have a problem setting up my secondary shipping address,SHIPPING
assistance checking the invoice from,INVOICE
cancel acount,ACCOUNT
can i see how long it takes for the item to arrive,DELIVERY
i want assistance to submit a different shipping address,SHIPPING
i need to inform of a signup problem,ACCOUNT
i have to use the freemium profile i need help,ACCOUNT
check my last parcel eta,ORDER
i want asistance downloading invoice,INVOICE
i am waiting for a refnd of dollars,REFUND
help me canceling purchase,ORDER
i cannot make a transfer how to notify of a payment issue,PAYMENT
want help closing the standard account,ACCOUNT
how could i see the status of my refund,REFUND
help me opening a new goddamn acconut,ACCOUNT
deleting account,ACCOUNT
i want to notify of errors with payment how to do it,PAYMENT
help to get bill,INVOICE
tell me about the subscription to your corporate newsletter,SUBSCRIPTION
where can i cancel purchase,ORDER
i need assistance to see the delivery methods,DELIVERY
do you ship to,DELIVERY
i try to ask fopr a refund of my money,REFUND
what is the fee for cancelling the contract,CANCEL
how can i set my new shipping address up,SHIPPING
i do not know how to enter my damn new shipping address,SHIPPING
i am trying to check my rebate status,REFUND
i dont know what to do to delete my account,ACCOUNT
could you help me retrieving my profile password,ACCOUNT
i would like to report a fucking registration error,ACCOUNT
i need help to swap some itemsof order,ORDER
how do i see your money back policy,REFUND
find my bill,INVOICE
can you tell me more about a delivery address correction,SHIPPING
can you help me obtaining refunds of my money,REFUND
i try to see how long it takes for my parcel to arrive,DELIVERY
need help seeing in what cases can i ask for a refund,REFUND
i need help reporting problems with online payment,PAYMENT
i have to notify of an registration issue,ACCOUNT
correct purchase,ORDER
i want help reporting signup errors,ACCOUNT
i have to check the termination fees,CANCEL
how can i get information about opening a standard account,ACCOUNT
i have got to correct purcgase,ORDER
can i check when will my product arrive,DELIVERY
updating info on standard account,ACCOUNT
i dont know how i can download the invoice,INVOICE
could ya help me see the goddamn cancellation charge,CANCEL
i try to modify the shippig address,SHIPPING
i dont know how to shop a few of ur product,ORDER
i want help asking for rebates,REFUND
where to receive restitutions of money,REFUND
order 113542617735902current status,ORDER
i do not know how i could request compensations of money,REFUND
assistance to make a claim against ur business,FEEDBACK
help to check the status of my compensation,REFUND
i call to get the bills from,INVOICE
where do i see if there are any news on the rebate,REFUND
see in which situations can i ask to be refunded,REFUND
is there an email to submit my feedback about your company,FEEDBACK
i want to change to the account,ACCOUNT
change data on account,ACCOUNT
i dont know what i have to do to close my gold account,ACCOUNT
i do not know what to do to chat with an operator,CONTACT
were do i check how soon can i expect my damn delivery,DELIVERY
i try to inform of a truble with payment,PAYMENT
help to see what shipping methods you offer,DELIVERY
can i correct order,ORDER
i want help solving a trouble with online paymwnts,PAYMENT
create new account,ACCOUNT
i cant receive the corporate newsletter,SUBSCRIPTION
want help to inform of errors with signup,ACCOUNT
update platinum account,ACCOUNT
i need to call customer assistance how could i do it,CONTACT
assistance to demand a rebate,REFUND
inform of registration problems,ACCOUNT
report problems with signup,ACCOUNT
i try to see under which circumstances can i ask for refunds,REFUND
i cant retrieve my user account key,ACCOUNT
can ya help me retrieving my user pin code,ACCOUNT
i do not know how i could check the eta of purchase,ORDER
i need help to ask for a refund of my money,REFUND
there are problems setting up a new delivery address,SHIPPING
need help shopping a few of ur item,ORDER
i have lost the password of my user help me reset it,ACCOUNT
i need assistance with creating a freemium acount,ACCOUNT
i aint registered can i create a standard account,ACCOUNT
help me make a customer complaint against your business,FEEDBACK
i need help to speak with a human agent,CONTACT
i do not know how i can open another damn account,ACCOUNT
help me cancel my subscriptiopn to ur newsletter,SUBSCRIPTION
see your payment modalities,PAYMENT
assistance writing an opinion for your company,FEEDBACK
i need to levae some feedback for a service how do i do it,FEEDBACK
i need information about my premium account cancellation,ACCOUNT
send me billa from,INVOICE
can uhelp me to submit some feedback about ur products,FEEDBACK
want assistance to report a signup error,ACCOUNT
i do not know how i can switch to the pro account,ACCOUNT
where to locaet my invoice,INVOICE
i cant pay how do i inform of payment errors,PAYMENT
want assistanfe to shop several damn articles,ORDER
i want assistance to demand reimbursements of money,REFUND
i dont know how i can check the withdrawal penalty,CANCEL
need assistance submitting some feedback about ur company,FEEDBACK
i dont know what i have to do to update my delivery address,SHIPPING
i paid for an article i want help getting a rebate,REFUND
assistance to make a caim against ur business,FEEDBACK
i want to shop several articles,ORDER
i want help to add a product to order,ORDER
i need assistance to recover my pin code,ACCOUNT
uare not helpful at all help me talk to a goddamnagent,CONTACT
i dont know how to inform of a payment problem,PAYMENT
where can i see what methods for delivery are available,DELIVERY
how can i check what shipment options i have,DELIVERY
i want assistance to shop a product,ORDER
i do not know what i need to do to talk with an assistant,CONTACT
i have problems correcting my address,SHIPPING
could you help me reporting errors with a signup,ACCOUNT
im trying to swap a product of order,ORDER
want assistance opening a account for my dad,ACCOUNT
i want to talk with someone,CONTACT
can you help me seeing what payment methods are allowed,PAYMENT
i want help to open a account for my dad,ACCOUNT
where can i receive a rebate of my money,REFUND
i need assistnce seeing the termination penalty,CANCEL
see bill from,INVOICE
i do not know what to do to modify the user data,ACCOUNT
how to see the allowed payment methods,PAYMENT
i have a problem with opening a premium account,ACCOUNT
assistance informing of errors with payments,PAYMENT
i dont know how to speak to an agent,CONTACT
could you help me to open a premium account,ACCOUNT
reporting issues with payment,PAYMENT
help with a fucking address change,SHIPPING
i have a question about my account deletion,ACCOUNT
i need assistance with opening a acount,ACCOUNT
purchase current status,ORDER
wanna see the withdrawalcharge,CANCEL
help deleting a damn item from order,ORDER
uhave a free number to call customer support,CONTACT
i need help to report problems with registrations,ACCOUNT
can i use the gold profile,ACCOUNT
how to use the standard profile,ACCOUNT
wanna ceck what hours i can contact customer assistance,CONTACT
file customerr claim,FEEDBACK
i am trying to recover the pass of my profile,ACCOUNT
payment issue,PAYMENT
show ur money back policcy,REFUND
assistance to buiy some of your product,ORDER
i am experiencing problems with my online registration,ACCOUNT
can ya help me to open a gold account for my dad,ACCOUNT
i did not get a payment confirmation could i report errors,PAYMENT
couldyou help me to cancel the goddamn account,ACCOUNT
need to inform o a signup error,ACCOUNT
i never make use of my account assistance deleting it,ACCOUNT
i need help to see the early termination charge,CANCEL
i dont know wha i have to do to locate my bill,INVOICE
can ushow me the cancellation fees,CANCEL
have a problem with a shpiping address modification,SHIPPING
report erroprs with signup,ACCOUNT
help restoring my pin code,ACCOUNT
i do not understand anything ya say direct tome someone,CONTACT
help to retrieve my user account pin code,ACCOUNT
i am calling to leave my feedback for your products,FEEDBACK
i am not registered how to open a pro account with you,ACCOUNT
i want assistance removing my account,ACCOUNT
i want assistance obtaining a compensation of money,REFUND
i dont know how to change to the account,ACCOUNT
i do not know what i need to do to get my invoice,INVOICE
changing details on account,ACCOUNT
want assistance to update my shipping address,SHIPPING
modifying account,ACCOUNT
i do not know how i can look for my invoice,INVOICE
how do i see how long it takes for the item to arrive,DELIVERY
i dont know how i can correct my address,SHIPPING
i need assistance to check the goddamn withdrawal charge,CANCEL
can i send feedback about a product,FEEDBACK
assistance to cancel my newsletter subscription,SUBSCRIPTION
i have got to see in which cases can i request my money back,REFUND
can ya help me cancel my standard account,ACCOUNT
where can i order a few of ur product,ORDER
help me talk to customer support,CONTACT
is it possible to list your payment options,PAYMENT
i dont know how i can file a claim against your business,FEEDBACK
i have got to swap an item of order,ORDER
wasnna acquire some articles can i get some help,ORDER
i expect a compensation of dollars,REFUND
help t change order,ORDER
i dont know how i can ask for compensations,REFUND
i want to see order status how do i do it,ORDER
i never use my pro account i do not know how to remove it,ACCOUNT
i have an error entering my fucking new shipping address,SHIPPING
i aint registered yet could i create a bloody gold acocunt,ACCOUNT
i have issues entering a delivery adrdess,SHIPPING
can you help me requesting a reimbursement,REFUND
locating order,ORDER
need help talking to somebody,CONTACT
need assistance finding the bills from,INVOICE
how to file a goddamn reclamation against your business,FEEDBACK
i dont know what i need to do to obtain rebates of money,REFUND
see in which cases can i ask to be reimbursed,REFUND
howcan i receive a reimbursement,REFUND
need to check in which cases can i request an refund,REFUND
editing details on account,ACCOUNT
how to check the status of order,ORDER
i have got to see how long refunds take,REFUND
i need to check how long rimbursements take,REFUND
is it possible to retrieve my account pin,ACCOUNT
help to check the early termination charge,CANCEL
i have to report an issue with online payments help me,PAYMENT
can i take a quick look at bill,INVOICE
i have got to check the fucking accepted payment methods,PAYMENT
help modifying the shipping address,SHIPPING
see the available payment options,PAYMENT
how to demand a rebate,REFUND
i paid for this purchase i have to get a damn refund,REFUND
i want help to check what shipping methods you offer,DELIVERY
i dont know how i can see how soon can i expect my order,DELIVERY
can i talk to customer support,CONTACT
modify data on freemium account,ACCOUNT
how to ge compensations of my money,REFUND
i need to leave my feedback about a service,FEEDBACK
i need to set up the new delivery address how to do it,SHIPPING
i need to report a problem with online payment,PAYMENT
i want to check at what time i can reach customer serfvice,CONTACT
help to swap an article of purchase,ORDER
how can i see the early exit charge,CANCEL
get invoice from last month,INVOICE
i need to submit the new delivery address,SHIPPING
i want support trying to modify my shipping address,SHIPPING
want assistance seeing the fucking eta of order,ORDER
how doi see at what time i can reach customer support,CONTACT
i need help to see at what time i can call customer support,CONTACT
can i talk with customer support,CONTACT
i cant find anything about the cancellation charge,CANCEL
i do not know how i can acquire several of yoru article,ORDER
how to earn several articles,ORDER
i need assistance to file a consumer claim,FEEDBACK
i have to close the account,ACCOUNT
where can i check what hours i can call customer service,CONTACT
i want information about opening a standard account,ACCOUNT
i want ehlp to solve troubles with online payment,PAYMENT
what do i need to do to open a account,ACCOUNT
updating platinum account,ACCOUNT
how to subscribe to your newsletter,SUBSCRIPTION
wanna chat with a goddamn assistant i ened help,CONTACT
you are not helpful i need help to chat with an agent,CONTACT
help me chatting with a person,CONTACT
help me ask for reimbursements of my money,REFUND
could you help me cancelling the standard account,ACCOUNT
help me to retrieve the pwd of my account,ACCOUNT
i dont know how i can contact customer assistance,CONTACT
i have to notify of registration errors,ACCOUNT
i do not know what i need to do to buy an article,ORDER
need to check what hours i can call customer service,CONTACT
there are issues setting up the seocndary shipping address,SHIPPING
is it possible to see what delivery options i have,DELIVERY
do you have an address to submit a comment for a product,FEEDBACK
i want help taking a quick look at the bills from,INVOICE
i have to receive the newsletter how to do it,SUBSCRIPTION
im waiting for a reimbursement of 350dollars,REFUND
i have signup erors,ACCOUNT
i need to see your reimbursement policy how do i do it,REFUND
i cant edit my delivery address,SHIPPING
need to earn some of ur product,ORDER
i dont know what i have to do to order a few of ur article,ORDER
can uhelp me ot check the goddamn early exit penalties,CANCEL
can ya help me lodging a consumer claim against ur business,FEEDBACK
i do not know how i can delete a standard account,ACCOUNT
i am looking for shipping periods i need help to find them,DELIVERY
i need assistance leaving feedback for a product,FEEDBACK
i have got to cancel purchase,ORDER
i do not know how to ask for rebates of my money,REFUND
i dont know how i can write a comment about your services,FEEDBACK
i have got to correct the personal details,ACCOUNT
i need assistance to list the allowed payment methods,PAYMENT
i cannot see the status of my restitution,REFUND
i aint registered how to open a account,ACCOUNT
help me lodge a claim against your business,FEEDBACK
i do not know how i can sign up to the corporate newsletter,SUBSCRIPTION
i want help seeing the available payment options,PAYMENT
i want assistance informing of a signup issue,ACCOUNT
i lost my bill will you mail it to me,INVOICE
i want help seeing the status of order,ORDER
i do not need the account can i cancel it,ACCOUNT
i want assisance to check when my product is going to arrive,DELIVERY
i do not know what i need to do to talk with somebody,CONTACT
how can i make a customer complaint against your company,FEEDBACK
help me shop some of your item,ORDER
where do i enter my secondary delivery address,SHIPPING
i want help informing of an issue with a signup,ACCOUNT
want help reporting issues with online payments,PAYMENT
i need help to write a review for a product,FEEDBACK
help me to change to the gold account,ACCOUNT
refunding dollars,REFUND
i do not know what to do to report an error with payments,PAYMENT
can i order from,DELIVERY
how to use the profile,ACCOUNT
i am trying to shop something,ORDER
help to solve troubles with online paymnets,PAYMENT
update information on account,ACCOUNT
can i change to the gold account,ACCOUNT
can ya help me talk to customer assistance,CONTACT
i am trying to see when will my purchase arrive,DELIVERY
i chose a wrong delivery addreds,SHIPPING
ned to see when will my package arrive,DELIVERY
checking refund status,REFUND
ihave to receive the newsletter,SUBSCRIPTION
i dont know how to get the bill,INVOICE
how to see purchase current status,ORDER
i dont know how i can check your refund policy,REFUND
my goddamn delivery address changed how do i correct it,SHIPPING
how can i check what shipment methods are available,DELIVERY
i want to know more about editng my address,SHIPPING
where could i check order fucking curent status,ORDER
i dont know how i could make a claim,FEEDBACK
i cant open an account reportregistration issues,ACCOUNT
how do i inform of an issue with a signup,ACCOUNT
i need assistance using the preofile,ACCOUNT
i want help filing a consumer complaint,FEEDBACK
tell me about cancel the corporate newsletter subscription,SUBSCRIPTION
i want assistance asking for a restitution of my money,REFUND
help to earn a few of ur article,ORDER
i need assistance to notify of troubles with payment,PAYMENT
help locating my invoice,INVOICE
need help to submit my feedback for your products,FEEDBACK
i try to see if there are any updates on my refund,REFUND
show me how long it takes for my order to arrive,DELIVERY
remove accoint,ACCOUNT
see in what situations can i request a reimbursement,REFUND
how can i check the shipping methods,DELIVERY
i want help leaving a review about a product,FEEDBACK
i need assistance asking for a compensation of my money,REFUND
how can i switch an article of purchase,ORDER
help to enter a different shipping address,SHIPPING
can you help me talk to an operator,CONTACT
i dont know how i could cancel purchase,ORDER
could you show me in which situations can i request refunds,REFUND
how can i see what hours i can reach customer service,CONTACT
do you have a free customer assistance phone number,CONTACT
i call to leave a comment for your services,FEEDBACK
uhave a free of charge number to talk with customer support,CONTACT
cancelling order,ORDER
help editing order,ORDER
assistance to check the eta of the purchase,ORDER
i have problems with opening my platinum account,ACCOUNT
how do i inform of a trouble with payments,PAYMENT
i cant pay is it possible to report troubles with payment,PAYMENT
i want to notify of goddamn registration errors,ACCOUNT
how to leave a comment for your company,FEEDBACK
ened support trying to change my address,SHIPPING
is it possible to swap some items of purchase,ORDER
is it possible to change to the account,ACCOUNT
how do i speak with customer support,CONTACT
want help to make a customer claim,FEEDBACK
how can i demand refunds of my money,REFUND
i do not know what to do to notify of problems with payment,PAYMENT
can you help me list the available payment methods,PAYMENT
how do i see what hours i can contact customer service,CONTACT
can ya tell me more abuot unsubscribing from ur newsletter,SUBSCRIPTION
need help to request rebates of my money,REFUND
i need to check what shipment methods i have,DELIVERY
i dont know how to report an error with signup,ACCOUNT
edit info on platinum accunt,ACCOUNT
how can i get information about a lost access key,ACCOUNT
can i talk to customer uspport,CONTACT
help to check what hours customer assistance available is,CONTACT
need to subit my new shipping address will uhelp me,SHIPPING
can you help me lodging a claim against your business,FEEDBACK
need assistance to cancel the account,ACCOUNT
i do not know what to do to cancel purchase,ORDER
switch user,ACCOUNT
is it possible to report troubles with payments,PAYMENT
could you help me creating a new bloody freemium account,ACCOUNT
do you have an emai to send a review about a service,FEEDBACK
i no longerr want purchase,ORDER
can ya help me to create a platinum account for my fiance,ACCOUNT
i have problems trying to edit the delivery address,SHIPPING
i exxpect a rebate of,REFUND
assistance to talk to somebody,CONTACT
can you help me updating my shipping address,SHIPPING
check purchase goddamn status,ORDER
where could i get information about the delivery methods,DELIVERY
is it possible to see the termination fees,CANCEL
assistance recovering my user account pin,ACCOUNT
i have to see the early termination penalty,CANCEL
i cant register how to inform of a damn signup issue,ACCOUNT
can ya help me get reimbursements,REFUND
im trying to set up my shipping address,SHIPPING
where do i report a registration problem,ACCOUNT
help me to switch to the standard account,ACCOUNT
correct details on premium account,ACCOUNT
show me bill,INVOICE
is it possible to see thew eta of the purchase,ORDER
want help leaving a coment for ur products,FEEDBACK
i have to use the premium profile i need assistance,ACCOUNT
do you have an address to leave some feedback,FEEDBACK
can i add some products to purchase,ORDER
can i see at what time i can call customer service,CONTACT
i dont know how to restore my user account pwd,ACCOUNT
i have got to ask for reabtes,REFUND
i dont know how to purchase a few of your item,ORDER
assistance to acquire several products,ORDER
buying article,ORDER
i dont know what i need to do to buy some of your product,ORDER
what do i have to do to restore my user account pwd,ACCOUNT
i try to check in what situations can i request a refund,REFUND
can i see the accepted payment modalities,PAYMENT
i need assistance retrieving the access key of my account,ACCOUNT
need hepl switching to the account,ACCOUNT
i want assistance requesting a compnesation of my money,REFUND
i want help checking the allowed payment modalities,PAYMENT
updating details on pro account,ACCOUNT
i lost bill could you mail it to me,INVOICE
can you help me camceling the purchase i made,ORDER
i want to check my restitution status,REFUND
can i delete several articles from purchase,ORDER
what payment methods are accepted,PAYMENT
i have an trouble editing the address,SHIPPING
want assistance shopping some of your product,ORDER
i want to talk with customer support,CONTACT
wanna see order damn current status help me,ORDER
i want help informing of problems with payment,PAYMENT
i have put my old address by mistake how can i update it,SHIPPING
i have to see my compensation status help me,REFUND
what do i needto do to see the early termination fee,CANCEL
can i check in which cases can i request my damn money back,REFUND
i cannot make payments could i report a problem,PAYMENT
i do not know how to get my bill from,INVOICE
can you help me speak to a live agent,CONTACT
i need to see what delivery methods you offer,DELIVERY
help to see the eta of purchase,ORDER
i do not know what i need to do to remove the account,ACCOUNT
there is an error trying to update the shipping address,SHIPPING
is it possible to cancel the newsletter subscription,SUBSCRIPTION
i need assistance to buy some articles,ORDER
i am trying to file a reclamation against your company,FEEDBACK
how could i find infrmation about pro account removals,ACCOUNT
i cannot understand you help me talking to a live agent,CONTACT
what do i need to do to lodge a customer complaint,FEEDBACK
is there an email to submit a comment about your services,FEEDBACK
where do i inform of issues with online payment,PAYMENT
help me speak with somebody,CONTACT
need help to check in which cases can i request refunds,REFUND
i try to see in what cases can i request refunds,REFUND
im trying to see the early termination charge,CANCEL
what do i need to do to get my bills from,INVOICE
check the accepted payment modalities,PAYMENT
how to change to the account,ACCOUNT
i do not want my freemium account i need help closing it,ACCOUNT
where can i find the invoice,INVOICE
where can i see the status of the restitution,REFUND
i have to see in whzt cases can i request to be reimbursed,REFUND
help me to cancel my last goddamn purchase,ORDER
want assistance to inform of a payment problem,PAYMENT
can uhelp me to unsubscribe to ur corporate newsetter,SUBSCRIPTION
i need to talk with customer service,CONTACT
problem with the removal of a freemium account,ACCOUNT
where to inform of registration issues,ACCOUNT
i do not know how to speak with someone,CONTACT
i cannot find anything about the early termination charge,CANCEL
want assistance to change my delivery address,SHIPPING
i cant check if there is anything wrong with my rebate,REFUND
how can i sign up to the newsletter,SUBSCRIPTION
would it be possible to oen a gold account,ACCOUNT
in which cases can i ask for my money back,REFUND
i want assisgance cancelling order,ORDER
i want assistance speaking to customer support,CONTACT
assistance to acquire some of ur item,ORDER
i need to check if there are any updates on my bloody rebate,REFUND
i want assistance to inform of problems with payment,PAYMENT
where to see hwen my delivery is going to arrive,DELIVERY
want assistance to enter a new delivery address,SHIPPING
i have to see how long reimbursements take,REFUND
i dont know how i can purcase some items,ORDER
what do i have to do to switch to the account,ACCOUNT
assistance to inform of problems with signup,ACCOUNT
find information about the termination of a standard account,ACCOUNT
i have to contact na agent,CONTACT
i need help seeing your payment options,PAYMENT
help me to leave a review about a product,FEEDBACK
wanna see bill,INVOICE
can ya help me to report problems with signup,ACCOUNT
support entering a different delivery address,SHIPPING
i do not know how i can check the cancellation charges,CANCEL
i have tl talk to a live agent,CONTACT
i do not know wha to do to check when will my product arrive,DELIVERY
i expect a refund of has it been processed already,REFUND
i do not know how to change to the standard account,ACCOUNT
i have to check at what time i can rach customer support,CONTACT
can ushow me ur allowed payment options,PAYMENT
can you help me speaking with somebody,CONTACT
need help to see in what cases can i ask to be reimbursed,REFUND
i need assistance checking my invoice from,INVOICE
want help recovering the pass of my profile,ACCOUNT
editing info on premium account,ACCOUNT
problems with the removal of my gold account,ACCOUNT
wanna check in which cases can i ask for refunds,REFUND
help me speaking with a goddamn agent,CONTACT
could you help me reporting errors with online payment,PAYMENT
help to shop a bloody product,ORDER
what do i need to do to speak to customer service,CONTACT
i try to check the early termination fees,CANCEL
will you show me the payment options,PAYMENT
help me check what hours i can contact customer service,CONTACT
i bought some damn item help to cancep order,ORDER
i have errors trying to edit the address,SHIPPING
i have made a mistake i need help changing purchase,ORDER
i have got to look for the invoice,INVOICE
need assistance purchasing some of ur article,ORDER
what do i need to do to remove the account,ACCOUNT
can ay help me to inform of issues with payment,PAYMENT
is it possdible to talk with someone,CONTACT
assistance to see what shipping options uoffer,DELIVERY
i have to see how soon can i expect my shipment i need help,DELIVERY
i have to check the status of my rebate i need help,REFUND
what do i need to do to check my bill from,INVOICE
i forgot my user account access key help me recover it,ACCOUNT
find information about the shipping methods,DELIVERY
show me what paymentpayment modalities are accepted,PAYMENT
submit my secondary shipping address,SHIPPING
help checking in what cases can i request my money back,REFUND
i need information about the access key reset,ACCOUNT
i want assistance to track purchase,ORDER
i want help to see the status of my compensation,REFUND
can i order from,DELIVERY
how do i get a compensation of my money,REFUND
where do i get the bill from,INVOICE
wanna see ur accepted payment options can ya help me,PAYMENT
need assistance seeing your accepted payment modalities,PAYMENT
is it possible to cancel order,ORDER
i do not know what to do to see the options for shipping,DELIVERY
i need help with an address update,SHIPPING
i want to check the eta of purchase,ORDER
checking invoices from,INVOICE
wanna switcj to the pro account i need help,ACCOUNT
im not happy with ur work how do i make a claim,FEEDBACK
i want assistance checking when will my item arrive,DELIVERY
swap an item of order,ORDER
help using the platinum profile,ACCOUNT
y i cant set my secondary deilvery address valid up,SHIPPING
i have top report errors with signup,ACCOUNT
i dont know how i can see the eta of the order,ORDER
i have to make a consumer reclamation against your company,FEEDBACK
i nedd supports editing my address,SHIPPING
i dont know how to contact a person,CONTACT
i need help changing some articles of order,ORDER
i try to inform of an error with a signup,ACCOUNT
where to see the payment methods,PAYMENT
show me the eta of the order,ORDER
i do not know how i can leave feedback for ur company,FEEDBACK
i want assistance to receive your company newsletter,SUBSCRIPTION
i have to subscribe to the newsletter i need help,SUBSCRIPTION
help me listing the payment methods,PAYMENT
i would like to report issues with signup,ACCOUNT
can ya ehlp me giving a quick look at invoice,INVOICE
i need assistance leaving a review about a product,FEEDBACK
can i check hte early exit charges,CANCEL
i do not know what i have to do to get the invoice,INVOICE
i want supports editing my address,SHIPPING
shipnents to,DELIVERY
would it be possible to close my standard account,ACCOUNT
i have issues trying to modify my shipping address,SHIPPING
i need help to find invoice,INVOICE
im very unhappy with ur service how to file a reclamation,FEEDBACK
i want help to purchase some items,ORDER
how soon can i expect my article,DELIVERY
i need assistance checking how soon can i expect my package,DELIVERY
i have to check purchase status i need help,ORDER
i need assistance to remove my account,ACCOUNT
how could i call customer service,CONTACT
want help to see tthe damn eta of order,ORDER
opening new gold account,ACCOUNT
do you have a section to submit an opinion for your company,FEEDBACK
i need to check the payment methods,PAYMENT
how do i sign up to the company newsletter,SUBSCRIPTION
can you help me see the withdrawal charge,CANCEL
my shipping address is invalid i need help,SHIPPING
how could i file a complaont,FEEDBACK
i hav a question about a password recovery,ACCOUNT
help me to earn some of ur item,ORDER
can ya help me notify of an issue with payment,PAYMENT
how to restore the key of my profile,ACCOUNT
i dont know how to check the compensation status,REFUND
i am trying to sign up to your fucking newsletter,SUBSCRIPTION
i want to check in what cases can i request to be reimbursed,REFUND
i lost the password of my user assistance resetting it,ACCOUNT
i need assistance to talk with damn customer service,CONTACT
how to see what shipping options i have,DELIVERY
where can i check my invoices from,INVOICE
can uhelp me notifying of a registration issue,ACCOUNT
i need help to talk with a human agent,CONTACT
i need to restore the password of my account,ACCOUNT
can you help me to make a complaint,FEEDBACK
i paidx for an article want help to obtain a refund,REFUND
i cant pay for purchase how can i cancel it,ORDER
i need assistance to sign up to your newsletter,SUBSCRIPTION
i have to list your damn allowed payment modalities,PAYMENT
i need assistance creating a account,ACCOUNT
icannot switch to the bloody standard account,ACCOUNT
where to check the termination fee,CANCEL
how can i find information about correcting the address,SHIPPING
i want to see how long it takes for my item to arrive,DELIVERY
i want to see in what situations can i ask for my money back,REFUND
i havent signed up yet i have got to open a pro account,ACCOUNT
want help submitting my feedback about your services,FEEDBACK
how do i know if there is anything new on my reimbursement,REFUND
help me calling customer service,CONTACT
i do not know how to submit some feedback,FEEDBACK
i have got to see your money back policy help me,REFUND
how do i use the gold profile,ACCOUNT
help with cancelling order,ORDER
switching to gold account,ACCOUNT
i want help to lodge a consumer complaint,FEEDBACK
i have to check the status of purchase,ORDER
i do not know how i can report a registration problem,ACCOUNT
i want assistance canceling a acount,ACCOUNT
would it be possible to leave a comment for a service,FEEDBACK
is it possible to download the invoice from,INVOICE
i do not know what i need to d to download the bill,INVOICE
i need help talking with customer service,CONTACT
i need help to receive a refund of my money,REFUND
i need to see in what cases can i ask to be reimbursed,REFUND
i have to cancel the newsletter subscription how to do it,SUBSCRIPTION
i do not know what i have to do to delete the account,ACCOUNT
want help seeing at what time i can reach customer servie,CONTACT
how can i find bill,INVOICE
wanna check the status of order how to dl it,ORDER
i need to recover my account pin,ACCOUNT
is it possible to delete my standard account,ACCOUNT
want assistance earning a product,ORDER
i want assistance restoring my profile pin code,ACCOUNT
i need help seeing the eta of the order,ORDER
need assistance checking order current status,ORDER
i dont know how i can submit my feedback for ur products,FEEDBACK
i cannot notify of an issue with registrations,ACCOUNT
need help to check in which cases can irequest refunds,REFUND
i want assistance seeing what shipment methods are there,DELIVERY
help me to check the sxtatus of my reimbursement,REFUND
can you show me how long it takes for my shipment to arrive,DELIVERY
i try to check what shipment methods i have,DELIVERY
can you help me see the current status of the rebate,REFUND
help to get the bill,INVOICE
i need to check how long the shipment takes,DELIVERY
i need assistancenotifying of a goddamn issue with payment,PAYMENT
i do not know what to do to speak with an live agent,CONTACT
i dont know how i can talk with customer assistance,CONTACT
how can i get my invoices from,INVOICE
is it possible to place a order from,DELIVERY
assistance to see the status of the rebate,REFUND
i need to receive your company newsletter how can i do it,SUBSCRIPTION
i do not know how to talk to damn customer support,CONTACT
i do not know what i have to do to submit bloody feedback,FEEDBACK
i have issues entering a new delivery address,SHIPPING
can you help me unsubscribe to the newsletter,SUBSCRIPTION
i try to submit my shipping address,SHIPPING
i have to check the withdrawal fees could you help me,CANCEL
open account,ACCOUNT
how to see the payment modalities,PAYMENT
would it be possible to lodge a reclamation,FEEDBACK
i do not know how to see when will my item arrive,DELIVERY
how can i check how long it takes for the package to arrive,DELIVERY
have problems wkth a forgotten password,ACCOUNT
how soon can i expect my order,DELIVERY
i dont know how i can receive the company newsletter,SUBSCRIPTION
i do not know how to see when will my product arrive,DELIVERY
i do not know how to locate the bills from my last purchase,INVOICE
i need assistance to use the premium profile,ACCOUNT
update details on premium account,ACCOUNT
i need to change to the gold account,ACCOUNT
delivery period,DELIVERY
question about opening a account,ACCOUNT
i try to check how long it takes for the parcel to arrive,DELIVERY
what do i have to do to inform of a payment issue,PAYMENT
i want help to add an item to purchase,ORDER
help me adding several rpoducts to order,ORDER
filing customer reclamation against your organization,FEEDBACK
i dont know what i need to do to downloa the invoice,INVOICE
where can i see your available payment modalities,PAYMENT
assistance to track purchase,ORDER
where do i unsubscribe to ur corporate newsleter,SUBSCRIPTION
i am trying to unsubscribe to your company newsletter,SUBSCRIPTION
hlw do i add several products to purchase,ORDER
another freemium accounmt for father,ACCOUNT
help me check ur available payment modalities,PAYMENT
order cancelation,ORDER
seeing bill from,INVOICE
what do i need to do to get my bill,INVOICE
is it possible to check the withdrawal charges,CANCEL
edit details on standard account,ACCOUNT
i have to see in what situations can i ask for refunds,REFUND
i have to add something to order,ORDER
want asistance to download the bill,INVOICE
need help checking in what cases can i request a refund,REFUND
i dont know how to buy some articles,ORDER
how to see what hours i can contact customer service,CONTACT
i dont know how to set my secondary shipping address up,SHIPPING
i would like to recover the key of my user account,ACCOUNT
what do i need to do to leave a comment about ur services,FEEDBACK
have a question about forgotten pwd,ACCOUNT
help me use the standard profile,ACCOUNT
help buying some of your product,ORDER
i do not know what to do to check the cancellation fees,CANCEL
i need help receiving the fucking corporate newsletter,SUBSCRIPTION
help me to buy several of ur article,ORDER
i do not know how i can switch to the account,ACCOUNT
wanna cancel the company newsletter subscription help me,SUBSCRIPTION
i have got to inform of a problem with a signup,ACCOUNT
i want assistance to looi for invoice,INVOICE
what do i have to do to look for the invoice,INVOICE
can uhelp me to modify the data on my user,ACCOUNT
help me checking in which cases can i request refunds,REFUND
is it possible to report an error with registrations,ACCOUNT
want assistance checking the early termination penalty,CANCEL
i have issues editing my address,SHIPPING
could uhelp me to check the early exit fee,CANCEL
modifu details on standard account,ACCOUNT
i want help to get my bill from,INVOICE
can i make a consumer reclamation against your company,FEEDBACK
i am trying to edit orde,ORDER
changing info on standard account,ACCOUNT
i cant add something to order,ORDER
help checking what hours i can reach customer support,CONTACT
i need assistance purchasing several products,ORDER
i want to see at what time i can call customer assistance,CONTACT
i dont know what to do to close a platinum account,ACCOUNT
i want help buying some of your product,ORDER
how can i see the early termination penalties,CANCEL
assistance erstoring the pin of my user profile,ACCOUNT
can you show me your accepted payment methods,PAYMENT
new acount for wife,ACCOUNT
i do not know what i need to do to talk with a human agent,CONTACT
where do i receive a refund of my money,REFUND
need help to check the eta of the order,ORDER
checking allowed payment options,PAYMENT
is it possible to place a bloody order from,DELIVERY
would it be possible to shop several items,ORDER
can you help me using the freemium account,ACCOUNT
i have to change something of oirder i need help,ORDER
i need assistance seeing the allowed payment modalities,PAYMENT
i have to see the goddamn eta of purchase,ORDER
i have to see the early exit fee i need help,CANCEL
help to sign up to your newsletter,SUBSCRIPTION
i dont know what to do to remove the standard account,ACCOUNT
i have got to edit my bloody user how could i do it,ACCOUNT
changing data on account,ACCOUNT
i need to recover my pssword,ACCOUNT
were do i report an issue with a registration,ACCOUNT
i dont know what i need to do to request rebates,REFUND
i dontg know what i have to do to look for bill,INVOICE
i want help changing to the gold account,ACCOUNT
i missed an item in purchase can you add it,ORDER
correcting data on premium account,ACCOUNT
i do not know what i need to do to obtain my money back,REFUND
i want help talking with a person,CONTACT
i need assistance demanding compensations of my money,REFUND
what do i have to do to speak with somebody,CONTACT
i want assistance to create a pro account,ACCOUNT
i have gog to speak to customer support,CONTACT
i want a account for my dad how can i ceeate it,ACCOUNT
i cant afford order,ORDER
i waant help resetting my user profile pwd,ACCOUNT
i have got to see in which cases can i ask to be reimbursed,REFUND
how to submit my feedback about your services,FEEDBACK
help seeing at what time i can reach customer service,CONTACT
how to request an reimbursement of money,REFUND
i ned help checking the rebate current status,REFUND
where to see if there are any updates on my compensation,REFUND
i dont know how i can create a account for my dad,ACCOUNT
is it possible to create a standard account for my dad,ACCOUNT
what do i have to do to change to the standard account,ACCOUNT
i want to edit order help me,ORDER
i would like to unsubscribe to the company newsletter,SUBSCRIPTION
is it possiblr to earn an item,ORDER
can you help me create a account for my fiance,ACCOUNT
modifying info on pro account,ACCOUNT
i have problems setting up the new delivery address,SHIPPING
i dont know how to add some products to order,ORDER
is it possible to see in what cases can i ask for a refund,REFUND
i want help to inform of a signup problem,ACCOUNT
there are problems changing the address,SHIPPING
i try to see purchase 732201349959current status,ORDER
can you help me to ask for a reimbursement of my money,REFUND
how could i get information about a pro account deletion,ACCOUNT
i have to modify purchase i need assistance,ORDER
wanna add an article to order 370795561790will uhelp me,ORDER
i have got to see how long refunds take i need help,REFUND
how could i see the payment options,PAYMENT
i dont know what to do to canfel my account,ACCOUNT
i need help contacting customerservice,CONTACT
i wabt assistance to send my feedback for a service,FEEDBACK
i want help to check how long the shipping takes,DELIVERY
assistance using the bloody platinum profile,ACCOUNT
i need help recovering my user key,ACCOUNT
want help cancelling purchase,ORDER
i need to see the early exit penalties can i get some help,CANCEL
what do i have to do to see the early exit charge,CANCEL
problems with account deletions,ACCOUNT
help trying to edit my delivery address,SHIPPING
creating platinum account,ACCOUNT
where can i look for the invoice,INVOICE
can you show me what hours i can reach customer assistance,CONTACT
how can i cancel my subscription to ur corporate newsletter,SUBSCRIPTION
i dont know what to do to make a reclamation,FEEDBACK
i want information about the termination of my pro account,ACCOUNT
i have an issue editing the address,SHIPPING
i need help to download the damn bill from,INVOICE
i cannot registeri have got to inform of signup problems,ACCOUNT
where do i file a claim against your company,FEEDBACK
i want assistance to inform of problems with a registration,ACCOUNT
i have got to inform of fucking problems with payments,PAYMENT
i have to speak ot customer support how could i do it,CONTACT
where can i list the payment options,PAYMENT
how can i check if there are any news on my refund,REFUND
wanna leave an opinion about ur company,FEEDBACK
assistance seeing your money back policy,REFUND
will ya shwo me the eta of order,ORDER
i want help notifying of errors with a signup,ACCOUNT
show me the bill,INVOICE
wanna see ur payment modalities will yahelp me,PAYMENT
i dont know what i need to do to cancel the premium account,ACCOUNT
wanna know about modifying the shipping address,SHIPPING
can i change to the freemium account,ACCOUNT
support entering the new delivery address,SHIPPING
how do i see my bill from,INVOICE
i try to cancel purchase,ORDER
where can i get information about a account removal,ACCOUNT
i do not know what to do to switch to the account,ACCOUNT
i try to check in what situations can i ask for refunds,REFUND
is it possible to change to the pro account,ACCOUNT
problem with account cancellations,ACCOUNT
i want assistance to solve a problem with payments,PAYMENT
i want assistance trying to change the shipping addrses,SHIPPING
i am calling to see what delivery options i have,DELIVERY
can uhelp me cancelling purchazse,ORDER
check current status of purchase,ORDER
i have lost bill could you send it to me,INVOICE
is it possible to retrieve the pin code of my account,ACCOUNT
i dont know what i need to do to shop some of your article,ORDER
i do not know what i need to do to obtain rebates,REFUND
i have got to notify of registration problems help me,ACCOUNT
i have errors setting up the secondary shipping address,SHIPPING
i cant talk with a person,CONTACT
i want assistance seeing the damn reimbursement status,REFUND
could i enter a new delivery address,SHIPPING
how to list ur accepted payment methodd,PAYMENT
where can i check the bloody eta of order,ORDER
i dont know what to do to fgile a consumer claim,FEEDBACK
is there an email to leave feedback about your products,FEEDBACK
i do not know what i have to do to get bill,INVOICE
i have got to enter my new deluvery address can ya help me,SHIPPING
help me notify of issues with online payments,PAYMENT
change data on pro account,ACCOUNT
im trying to switch to the premium account,ACCOUNT
i want assistance checking the available payment options,PAYMENT
i do not know what i need to do to file a customer complaint,FEEDBACK
i have to receive your corporate newsletter help me,SUBSCRIPTION
help seeing the early termination fee,CANCEL
i want to unsubscribe from thd company newsletter,SUBSCRIPTION
i want assistance to set up my secondary delivery address,SHIPPING
i dont know how to change to the freemium account,ACCOUNT
i have paid for this article how to obtain a rebate,REFUND
i dont know how to change to the platinum account,ACCOUNT
i never use the account can you help me to cancel it,ACCOUNT
i want information about opening platinum accounts,ACCOUNT
where to cancel my subscription to the corporate newsletter,SUBSCRIPTION
i call to send my feedback,FEEDBACK
assistance to write a comment for ur company,FEEDBACK
in which situations can i request reimbursements,REFUND
i want assistance to reset my pwd,ACCOUNT
i nee help to cancel order,ORDER
i want to contact a human agent,CONTACT
i would like to sign up to the corporate newsletter,SUBSCRIPTION
purchase status,ORDER
where could i notify of a problem with payment,PAYMENT
assistance to cancel order,ORDER
i need help to file a customer claim against ur company,FEEDBACK
i have paid for an item help me receiving a rebate,REFUND
informing of problem with signup,ACCOUNT
where can i submit my feedback for ur company,FEEDBACK
have a question about opening accounts,ACCOUNT
help me to file a customer claim against your business,FEEDBACK
error entering the new shipping address,SHIPPING
how do i download my bill,INVOICE
i olst my pin code can ya help me retrieve it,ACCOUNT
can i use the standard account,ACCOUNT
want assistance to notify of a registration issue,ACCOUNT
i want to purchase a few of your item how do i do it,ORDER
where to file a consumer complaint,FEEDBACK
id like to inform of an issue with signup help me,ACCOUNT
help to check your accepted payment methods,PAYMENT
i need help to submit the delivery address,SHIPPING
i need assistance to inform of problems with payment,PAYMENT
how do i cancel my subscription to ur corporate newsletter,SUBSCRIPTION
correct information on goldaccount,ACCOUNT
help me rport a trouble with online payments,PAYMENT
what do i have to do to report errors with a registration,ACCOUNT
i do not need my damn account help to close it,ACCOUNT
i need assistance to see how soon can i expect the order,DELIVERY
assistance to check ur money back guarantee,REFUND
can you help me correct my delivery address,SHIPPING
where can i inform of a paymen error,PAYMENT
i cant aford order,ORDER
i want help to subscribe to the corporate newsletter,SUBSCRIPTION
chnge data on account,ACCOUNT
i have to speak to an assistant,CONTACT
i do not know what i need to do to remove a account,ACCOUNT
see the early exit fees,CANCEL
where can i report a problem with a signup,ACCOUNT
sending product review,FEEDBACK
i need help locating my bill,INVOICE
i have to edit my personal info,ACCOUNT
assistance to see ru accepted payment options,PAYMENT
i cannot pay where cani report problems with payment,PAYMENT
can you tell me about editing the shipping address,SHIPPING
want help to request a compensation of my money,REFUND
i cant speak with a damn live agnet,CONTACT
can uhelp me taking a quick look at my invoice,INVOICE
i dont know how to see the shipping options,DELIVERY
want assistance to see what payment options you accept,PAYMENT
i have to check the termination penalties,CANCEL
need hedlp filing a consumer claim,FEEDBACK
how can i reset my profile access key,ACCOUNT
i cant change something of order,ORDER
what do i need to do to do a purchase,ORDER
how can i modify the address,SHIPPING
assistance checking the withdrawal penalty,CANCEL
i have to sign up to the newsletter i need help,SUBSCRIPTION
i do not know how i can switch to the standard account,ACCOUNT
help speaking to customer service,CONTACT
i want help to send my feedback for your products,FEEDBACK
how can i check when will my product arrive,DELIVERY
i have a question about canceling order,ORDER
i do not know how i can download the invoices from,INVOICE
my experience with you was terrible help me lodging a claim,FEEDBACK
want assistance to edit purchase,ORDER
can uhelp me to shop some items,ORDER
assistance with canceling order,ORDER
help to see your fucking money back policy,REFUND
tell me more about opening gold accounts,ACCOUNT
i need to see the cancellation fee can you help me,CANCEL
closing gold account,ACCOUNT
i cannot understand a word usay help me contact an operator,CONTACT
problem with account removals,ACCOUNT
can uhlep me getting my fucking bill from,INVOICE
wjen am i getting a compensation of money,REFUND
i have to receive your newsletter can you help me,SUBSCRIPTION
i try to edit order,ORDER
help me change some articles of order,ORDER
i dont know how to get in touch with customer support,CONTACT
i want to see how soon can i expect the parcel i need help,DELIVERY
i have to set my delivery address up i need assistance,SHIPPING
i want assistance to check the invoices from,INVOICE
i do not know what to do to lodge a customer claim,FEEDBACK
what do i have to do to see your payment methods,PAYMENT
do ya have an email to contact customer support,CONTACT
could you show me inwhat cases can i ask for refunds,REFUND
i do not know how to inofrm of registration problems,ACCOUNT
help me submitting the new delivery address,SHIPPING
where can i see at what time i can reach customer support,CONTACT
help checking what hours i can call customer assistance,CONTACT
i have got to see what hours i can reach customer service,CONTACT
changing data on platinum account,ACCOUNT
can you help me to speak to customer support,CONTACT
how could i chat with a person,CONTACT
i do not know what i need to do to chat with someone,CONTACT
i do not know how i can make a reclamation,FEEDBACK
i want assistance seeingorder current status,ORDER
where could i submit a goddamn secondary delivery address,SHIPPING
assistance with creating a freemium account,ACCOUNT
i odnt know how to leave feedback for your services,FEEDBACK
im trying to list ur accepted payment modalities,PAYMENT
i have to purchase some of your article help me,ORDER
i want help to create a account,ACCOUNT
i have problems with my key recovery,ACCOUNT
i want to download the invoice from help me,INVOICE
needs help to see at what time customer support available is,CONTACT
i want help using the pro profile,ACCOUNT
wht i cannot submit my new shipping address valid,SHIPPING
problem submktting another delivery address,SHIPPING
i need help creating a premium account for my daughter,ACCOUNT
i have not signed up help opening a account,ACCOUNT
i am waiting for a rebate of dollars,REFUND
i am trying to locate my invoice,INVOICE
im trying to set a different delivery address up,SHIPPING
how can i ask for a rebate,REFUND
help to check the available payment methods,PAYMENT
what do i have to do to cancel purchase,ORDER
what is the early exit penalty,CANCEL
checking status of order,ORDER
how to check my restitution status,REFUND
where can i receive a restitution of money,REFUND
want help getting the bill,INVOICE
i do not know what i need to do to cancel my premium account,ACCOUNT
is there a way to leave a review about ur products,FEEDBACK
i want assistance giving a quick look at bill,INVOICE
i want help to create a account,ACCOUNT
i dont know how i can create a premium account,ACCOUNT
i call to leave my feedback for ur services,FEEDBACK
can uhelp me to retrieve the pass of my account,ACCOUNT
i want assistamce creating a standard account,ACCOUNT
i have to check in which cases can i ask for a reimbursement,REFUND
assistance to make a customer claim,FEEDBACK
i do not know what i have to do to file a consumer complaint,FEEDBACK
want assistance checking the cancellation fees,CANCEL
what do i need to do to request a fucking refund,REFUND
want assistance to fid my invoice from,INVOICE
assistance seeing the invoice from,INVOICE
i try to check what payment options are allowed,PAYMENT
i have to correct order could you help me,ORDER
what do i have to do to lodge a complaint,FEEDBACK
can uhelp me check my refund current status,REFUND
could i check the withdrawal penalty,CANCEL
help me seeing my invoice,INVOICE
can you help me resetting the access key of my account,ACCOUNT
where to download my bills from,INVOICE
i have got to check in what cases can i request a refund,REFUND
where to report errors with online payment,PAYMENT
i want to sign up to your newsletter help me,SUBSCRIPTION
how do i acquire a few of your item,ORDER
correcting information on account,ACCOUNT
want help notifying of a trouble with paymenst,PAYMENT
i do not know what i need to dp to contact an agent,CONTACT
i dont know what to do to reqquest my money back,REFUND
i want help to earn some articles,ORDER
is it possible to chat with someone,CONTACT
help me receive a reimbursement of money,REFUND
help lodging a complaint against your organization,FEEDBACK
how can i see how soon can i expect the product,DELIVERY
i try to speak to customer service,CONTACT
i dontt know what i need to do to see the early exit fees,CANCEL
new premium account for wife,ACCOUNT
i need help cancelnig purchase,ORDER
i want help opening a standard account,ACCOUNT
how to report an issue with online payments,PAYMENT
i have an issue editing my address,SHIPPING
i need assistance with a shipping address correction,SHIPPING
i need help to report a bloody error with payment,PAYMENT
i do not know what to do to receive restitutions of money,REFUND
i have a question about the termination of a standard acount,ACCOUNT
help me seeing your money back guarantee,REFUND
i call to check the shipment options,DELIVERY
i have to speak with somebody can i get some help,CONTACT
can i delete some article from order,ORDER
wanna use the standard profile help me,ACCOUNT
can you help me seeing the early exit penalties,CANCEL
want assistance contacting customer support,CONTACT
where do i retrieve my profile key,ACCOUNT
help me seeing what options for delivery you offer,DELIVERY
help me to check what delivery methods i can choose,DELIVERY
i have to inform of issues with payments,PAYMENT
help seeing your money back policy,REFUND
i dont know what i have to do to get the bill,INVOICE
i want information about the deletion of my accounnt,ACCOUNT
updating standard account,ACCOUNT
i am trying to see your allowed payment modalities,PAYMENT
locate the bill,INVOICE
i have to check the termination charges how to do it,CANCEL
i have to report signup errors,ACCOUNT
i cant pay can you help me report a problem with payment,PAYMENT
how do i create a pro account,ACCOUNT
can i check in which situations can i request a refund,REFUND
could you help me editing my fucking account,ACCOUNT
i do not know how i can report an issue with a signup,ACCOUNT
help me to add some articles to purchase,ORDER
i have got to download the invoice from,INVOICE
can you help me see the eta of the order,ORDER
help me to see the status of order,ORDER
find information about subscribing to your newsletter,SUBSCRIPTION
want help to see the cancellation fees,CANCEL
i do not know how i can write an opinion about a product,FEEDBACK
is it possible to inform of errors with a registration,ACCOUNT
i want to use the profile how to do it,ACCOUNT
i have issues trying to update the shipping address,SHIPPING
i want help trying to edit my delivery address,SHIPPING
how to purchase a few of your product,ORDER
i would like to create a freemium account,ACCOUNT
i need assistance to remove my standard account,ACCOUNT
i need sasistance recovering the pin of my profile,ACCOUNT
wanna check how long refunds usually take help me,REFUND
i do not know what i need to do to make a consumer claim,FEEDBACK
i try to leave an opinion for a service,FEEDBACK
can you help me find my bills from,INVOICE
i would like to check order current status help me,ORDER
another gold account for father,ACCOUNT
problems with a goddamn address update,SHIPPING
change to platinum account,ACCOUNT
i need assistance using the standard profile,ACCOUNT
would it be possible to check the early termination charge,CANCEL
i need help canceling my company newsletter subsctiption,SUBSCRIPTION
can you help me set another delivery address up,SHIPPING
i forgot to include an item in purchase,ORDER
can you help me getting the invoices from,INVOICE
i have to file a consumer complaint,FEEDBACK
is it possible to see purchase status,ORDER
i try to sap some items of order,ORDER
help me to check in which cases can i ask for refunds,REFUND
i dont know what to do tgo download the bill,INVOICE
edit gold account,ACCOUNT
how to see the early termination charges,CANCEL
i want help correcting my shipping address,SHIPPING
i want help making a complaint against your company,FEEDBACK
want assistance to notify of issues with payments,PAYMENT
how could i see what payment options ya accept,PAYMENT
i am trying to recover my user profile pin,ACCOUNT
i want support modifying my address,SHIPPING
create pro accountfor wife,ACCOUNT
i purchased some items i want to cancel order,ORDER
i have to locate purchase i need assistance,ORDER
i want to enter a new shipping address can you help me,SHIPPING
help me sign up to the corporate newsletter,SUBSCRIPTION
i do not know how i can obtain a rebate of money,REFUND
add something to order,ORDER
i try to change the address,SHIPPING
where to change the address,SHIPPING
can uhelp me cancelling the subscription to the newsletter,SUBSCRIPTION
problem with a pro account removal,ACCOUNT
getting invoice,INVOICE
would it be possible to inform of damn errors with payments,PAYMENT
i have to change some articles of order help me,ORDER
editdata on pro account,ACCOUNT
help me to see when my purchase is gonn arrive,DELIVERY
i want assistance to retrieve my access key,ACCOUNT
hrlp me check when will my product arrive,DELIVERY
help me to see in what situations can i ask for a refund,REFUND
how could i leave a comment for a product,FEEDBACK
i have errors entering a new delivery address,SHIPPING
how can i modify my shipping address,SHIPPING
i want assistance reporting signup issues,ACCOUNT
can you help me notify of problems with online payments,PAYMENT
i dont know how i can download bill,INVOICE
help me see your allowed payment modalities,PAYMENT
i want to leave feedback for a product,FEEDBACK
i want help modifying my shipping address,SHIPPING
i want help notifying of problems with online payment,PAYMENT
there is a problem with my registration,ACCOUNT
i do not know what i need to do to check the bill,INVOICE
information about the termination of my platinum account,ACCOUNT
want help to see your reimbursement policy,REFUND
i want assistance reporting an issue with a signup,ACCOUNT
i want help tol subscribe to ur newsletter,SUBSCRIPTION
withdrawal fee,CANCEL
how to cancel the subscriptipn to ur company newsletter,SUBSCRIPTION
i cannot find the invoice from find it for me,INVOICE
assistance filing a customer reclamation against ur business,FEEDBACK
need help seeing when my order is gonna arrive,DELIVERY
wana talk to a goddamn person,CONTACT
i want support updating the delivery address,SHIPPING
i do not know what to do to check the cancellation charges,CANCEL
i need help checking what shipment options you offer,DELIVERY
correct info on account,ACCOUNT
could you help me to unsubscribe to the damn newsletter,SUBSCRIPTION
can i order frrom,DELIVERY
help me modifying the adress,SHIPPING
where do i see what bloody payment methods are available,PAYMENT
help me checking the allowed payment options,PAYMENT
i want assistance to notify of an error with a registration,ACCOUNT
can i talk with a live agent,CONTACT
i have to see the invoice,INVOICE
can you help me reporting a registration issue,ACCOUNT
could you tell me about changing my delivery address,SHIPPING
i try to obtain a reimbursement of my money,REFUND
assistance to give a quick look at bill,INVOICE
i cannot find the withdrawal penalty,CANCEL
how do i use the pro profile,ACCOUNT
correctdata on gold account,ACCOUNT
need to cancel my subscription to the company newsletter,SUBSCRIPTION
i do not know how i can talk with a human agent,CONTACT
i have to submit damn feedback,FEEDBACK
can ya hlp me talk to an assistant,CONTACT
i want to notify of problems with signup,ACCOUNT
i have a problem entering a secondary shipping address,SHIPPING
could ya help me to cancel my newsletter suscription,SUBSCRIPTION
question baout creating a platinum account,ACCOUNT
i try to send my feedback about a product,FEEDBACK
can you help me to see your accepted payment modalities,PAYMENT
i never use my premium account can i cancel it,ACCOUNT
help me to find my invoice from,INVOICE
i dont know what i have to do to open a pro account,ACCOUNT
i do not know how i can leave an opinion,FEEDBACK
i try to cancel the subscription to your newsletter,SUBSCRIPTION
can i check thew status of my newsletter subscription,SUBSCRIPTION
wanna see ur refund polcy,REFUND
can i add a damn item to purchase,ORDER
i want help to see at what time i can reach customer service,CONTACT
i dont know how i can check the eta of order732201349959,ORDER
i need support updating the delivery address,SHIPPING
can ya help me set up a shipping address,SHIPPING
someone stole my user pin code i want help to retrieve it,ACCOUNT
wanna change to the freemium account help me,ACCOUNT
i want assistance doing a purchase,ORDER
where can i get a restitution of money,REFUND
i have got toreport an issue with online payment,PAYMENT
can you help me to restore my damn user account access key,ACCOUNT
where could i find my invoice,INVOICE
i need information about the termination of my account,ACCOUNT
help removing the pro account,ACCOUNT
inform of payment problems,PAYMENT
i haave to check the termination charge i need help,CANCEL
i dont know what i have to do to look for the bill,INVOICE
i have to check when my package is going to arrive,DELIVERY
can i check at what time i can call customer support,CONTACT
help me to restore the password of my user account,ACCOUNT
is it possible to remove the account,ACCOUNT
i dont know what i have to do to switch to the account,ACCOUNT
i want help checking purchase current status,ORDER
i have a question about my freemium account termination,ACCOUNT
i dont know what to do to set up my shipping address,SHIPPING
how can i check your payment methods,PAYMENT
i am trying to leave an opinion about your company,FEEDBACK
help me create a account,ACCOUNT
need to use the profile,ACCOUNT
help me receive the corporate newsletter,SUBSCRIPTION
i want assistance to download the bills from,INVOICE
need help to check what methods for delivery i have,DELIVERY
i have got to ask for rebates,REFUND
need help informing of rergistration errors,ACCOUNT
i want information about creating freemium accounts,ACCOUNT
where to cancel the subscription to your newsletter,SUBSCRIPTION
i want help seeing order current status,ORDER
i have a damn registration issue,ACCOUNT
watn assistance removing a standard account,ACCOUNT
could you help me to see how soon can i expect the item,DELIVERY
i have to check in what cases can i ask for reimbursements,REFUND
update information on standard account,ACCOUNT
i need assistance correcting purchase,ORDER
i do not know what to do to talk with someone,CONTACT
how do ispeak with customer service,CONTACT
swap several articles of order,ORDER
i want help checking when my shipment is going to arrive,DELIVERY
need help to speak with an assistant,CONTACT
problems with creating my pro account,ACCOUNT
i dont know what i have to do to get the invoice,INVOICE
can you help me to list your paymnet modalities,PAYMENT
check what payment options are available,PAYMENT
help me to lodge a claim against ur business,FEEDBACK
there are troubles editing my delivery address,SHIPPING
i have lost the bill will you send it to me,INVOICE
shipments to,DELIVERY
open a pro account,ACCOUNT
i want assistance seeing what payment methods are accepted,PAYMENT
want help seeing in which cases can i ask for a refund,REFUND
help deiting the address,SHIPPING
i want assistance to see what shipping options i have,DELIVERY
will you give me information about correcting the address,SHIPPING
where to change to the account,ACCOUNT
i cannot see if there are any updates on my compensation,REFUND
i want assistance getting invoice,INVOICE
need help informing of signup issues,ACCOUNT
speak to live agent,CONTACT
i need help to inform of troubles with payment,PAYMENT
can i open a gold account,ACCOUNT
is there a section to leave a comment for a product,FEEDBACK
i am trying to obtain rebates of my money,REFUND
i do not know how i can list the accepted payment modalitiws,PAYMENT
i would like to get a compensation of my money,REFUND
i need help with cancelling order,ORDER
assistance to see what options for delivery you offer,DELIVERY
is it possible to see the withdrawal charges,CANCEL
i have to check the termination fee how can i do it,CANCEL
i have to switch to the pro account,ACCOUNT
can i see if there is anything new on the reimbursement,REFUND
how to switch to the account,ACCOUNT
help me writing a review for a service,FEEDBACK
there are errors setting up a different shipping address,SHIPPING
where do i lodge a reclamatioln,FEEDBACK
help me setting up the new shipping address,SHIPPING
i want to leave some feedback for a product i need help,FEEDBACK
tell me more about modifying my shipping address,SHIPPING
how can i check your reimbursement policy,REFUND
how do i see the eta of the order,ORDER
i try to see the withdrawal fees,CANCEL
notifying of payment problem,PAYMENT
can ya help me check order current status,ORDER
where can i check what hours i can contact customer support,CONTACT
i do not know what to do to get reimbursements,REFUND
i do not know how to leave my feedback for a product,FEEDBACK
assistance seeing in what situations can i request a refund,REFUND
i dont know how i can obtain reimbursements of myh money,REFUND
assistance to receive a compensation,REFUND
i need help to submit a different shipping address,SHIPPING
i need information about editing the shipping address,SHIPPING
want assistance to find the bills from,INVOICE
check in which cases can i ask for a refund,REFUND
help checking in which cases can i request to be refunded,REFUND
i want to shop some items how to do it,ORDER
i need help to contact a person,CONTACT
help me to use the account,ACCOUNT
i want help informing of signup errors,ACCOUNT
can ya help me to change to another account,ACCOUNT
i need assistance subscribing to your company newsletter,SUBSCRIPTION
want help to talk to customer srvice,CONTACT
how do i use the pro profile,ACCOUNT
where do i check when my package is going to arrive,DELIVERY
i dont know what i need to do to check the early exit fee,CANCEL
help to get my money back,REFUND
i have a question about my freemium account termination,ACCOUNT
where can i check your reimbursement policy,REFUND
i do not know how i can ask for rebates,REFUND
i want assistance opening a account for my dad,ACCOUNT
where can i switch to the premium account,ACCOUNT
i need assistance with canceling purchase,ORDER
assistance making a consumer reclamation against ur company,FEEDBACK
i need help tryingto change my address,SHIPPING
can ya help me notify of problems with signup,ACCOUNT
can you help me leaving my feedback for a product,FEEDBACK
show your refund policy,REFUND
creating gold account,ACCOUNT
i have got to see the allowed payment methods how to do it,PAYMENT
changing data on standard account,ACCOUNT
where can i create a account,ACCOUNT
i need assistance buying a product,ORDER
how to update the address,SHIPPING
i cannot see the status of order,ORDER
could i change something of purchase,ORDER
is it possible to make an complaint against ur company,FEEDBACK
can i check what shipping methods i have,DELIVERY
get invoices from december,INVOICE
im trying to notify of errors with registrations,ACCOUNT
can you help me to write an opinion about your products,FEEDBACK
i need help downloading my invoice,INVOICE
i cant receive the damn corporate newsletter,SUBSCRIPTION
where do i open a premium account,ACCOUNT
have problems with my pin retrieval,ACCOUNT
can you hwlp me talking with a person,CONTACT
what do i need to do to update the delivery address,SHIPPING
how can isubmit my feedback for ur company,FEEDBACK
what do i have to do to contact an agwnt,CONTACT
im trying to see the early exit charge,CANCEL
creating freemium account,ACCOUNT
how could i see your bloody accepted payment modalities,PAYMENT
how to modify my shippng address,SHIPPING
i do not know how to obtain rebates of money,REFUND
need help seeing the eta of the purchase,ORDER
i want help to see the early termination charges,CANCEL
i want help changing an article of purchase,ORDER
i want assistance to chat with an agent,CONTACT
i have got to list your bloody payment options i need help,PAYMENT
i want to know about correcting my delivery address,SHIPPING
i dont know what to do to cancel a freemium account,ACCOUNT
i want to report a problem with payment,PAYMENT
is it possible to chec my bill,INVOICE
i want assistance to edit the delivery address,SHIPPING
want help submitting my delivery address,SHIPPING
i need help closing a freemium account,ACCOUNT
cancel platinum acount,ACCOUNT
want assistance to retrieve the pin of my account,ACCOUNT
assistance to request a rebate,REFUND
get ibll,INVOICE
i cant find anything about the withdrawal charges,CANCEL
i try to talk to customer support,CONTACT
i would like to track the restitution,REFUND
i want information about the termination of my account,ACCOUNT
chatting with human agent,CONTACT
i need assistance to see the refund status,REFUND
wanna locate the ivoice from can i get some help,INVOICE
i try to talk with customer assistance,CONTACT
i want help checking when my article is going to arrive,DELIVERY
question about opening standard accounts,ACCOUNT
im calling to lodge a claim against ur company,FEEDBACK
i want assistance to inform of an issue with a registration,ACCOUNT
i xepect a refund of,REFUND
i dont know how to change my address,SHIPPING
how can i get my invoice from,INVOICE
can you help me check bill,INVOICE
the delivery address changed could i change it,SHIPPING
can i see how long it usually takes for the item to arrive,DELIVERY
cancel the newsletter subscription,SUBSCRIPTION
where can i get information about a account deletion,ACCOUNT
opening new account for daughter,ACCOUNT
i would like to track my rebate can you help me,REFUND
i want to check in which situations can i ask to be refunded,REFUND
check my refund status,REFUND
i want assistance to create a gold account for my daughter,ACCOUNT
i do not know how to find my bill,INVOICE
i want help to check the early termination charge,CANCEL
where can i obtain reimbursements of money,REFUND
i do not know what to do to download my invoice,INVOICE
i cannot sign up to the bloody newsletter,SUBSCRIPTION
i try to check what hours i can call customer support,CONTACT
i cant reset my user pin,ACCOUNT
i have to check in what cases can i request my money back,REFUND
i dont know how to look for my invoice,INVOICE
i have to see the methods for shipment i need assistance,DELIVERY
i cant edit purchase,ORDER
i dont know how i can buy several of yur product,ORDER
update personal data,ACCOUNT
seebills from,INVOICE
i have to subscribe to the corporate newsletter,SUBSCRIPTION
i watn help to set my delivery address up,SHIPPING
i dont know how to change to the pro account,ACCOUNT
help me listing your accepted payment modalities,PAYMENT
correcting information on premium account,ACCOUNT
i need help to sign up to your newsletter,SUBSCRIPTION
i am calling to send feedback about your services,FEEDBACK
what do i have to do to checkhow soon can i expect my order,DELIVERY
can uhelp me cancel the corporate newsetter subscription,SUBSCRIPTION
get ibll,INVOICE
how to check the eta of order,ORDER
do ya ship tomexico,DELIVERY
i need to check in which cases can i request reimbursements,REFUND
i have got to submit hte secondary shipping address help me,SHIPPING
i need help to recover my profile key,ACCOUNT
update information on platinum account,ACCOUNT
i call to check when my delivery is going to arrive,DELIVERY
could you show me what shipping options are there,DELIVERY
i do not know how i can acquire some articles,ORDER
can you help me contact osmeone,CONTACT
wanna see ur refund policy how to do it,REFUND
want assistance to ask for a restitution of my money,REFUND
open gold account,ACCOUNT
i have got to check the payment options how do i do it,PAYMENT
see the invoice from,INVOICE
i dont know what i need to do to retrieve my pin,ACCOUNT
how to change to the account,ACCOUNT
writing review for a service,FEEDBACK
using account,ACCOUNT
editing data on pro acocunt,ACCOUNT
i need assistance seeing how soon can i expect the purchase,DELIVERY
i want help deleting something from purchase,ORDER
can i see tye eta of purchase,ORDER
i want assistance to check the goddamn payment methods,PAYMENT
i do not know what to do to locate the bill,INVOICE
want help to edit some of the details on my account,ACCOUNT
what are your available payment options,PAYMENT
i am trying to see when will my item arrive,DELIVERY
want help reporting bloody troubles with payments,PAYMENT
how too recover the key of my user account,ACCOUNT
i want help to see purchase status,ORDER
i cant pay where do i report errors with payment,PAYMENT
were could i check your money back policy,REFUND
assistance subscribing to your corporate newsletter,SUBSCRIPTION
is it possible toi chat with somebody,CONTACT
i need assistance leaving a review about a service,FEEDBACK
how can i get information about gold account deletions,ACCOUNT
i do not know how i can see your money back guarantee,REFUND
itry to see your available payment modalities,PAYMENT
see the eta of the purchase,ORDER
can you help me see when will my product arrive,DELIVERY
can i speak with an agent,CONTACT
take a quick look at the invoice,INVOICE
where could i send feedback for your services,FEEDBACK
where can i check my compensation current status,REFUND
need assistance to recover my account pass,ACCOUNT
can uhelp me seeing the options for shipment,DELIVERY
where to leave a fucking comment for your products,FEEDBACK
i need assistance to contact somebody,CONTACT
i want to see how long the shipment takes can you help me,DELIVERY
help me checking purchase current status,ORDER
wanna see what hours cdustomer support available is,CONTACT
i am having an error signing up can i get some help,ACCOUNT
i dont know what i have to do to call customer service,CONTACT
what is the fee for canceling the contract,CANCEL
i expect a compensation of,REFUND
problems wiuth changing order,ORDER
i dont know how i could speak to a human agent,CONTACT
i need help swapping an item of order,ORDER
what do i need to do to notify fo an issue with signup,ACCOUNT
need help to order some of your itdm,ORDER
wanna order a few of ur article,ORDER
i want to see the withdrawal fees how can i do it,CANCEL
i dont know what i need to do to get the bill,INVOICE
i want to check the early termination penalty,CANCEL
is it possible to check the early termination charges,CANCEL
how could i speak to an agent,CONTACT
how to check the current status of purchase,ORDER
i dont know what i have to do to download invoice,INVOICE
help checking in which cases can i request a reimbursement,REFUND
i dont know what i have to do to cancel a premium account,ACCOUNT
what do i need to do to acquire an item,ORDER
see eta ob order,ORDER
i have to demand rebates of my money,REFUND
how do i get in touch with customer support,CONTACT
help me seeing how long the damn reimbursements take,REFUND
i try to send feedback for a product,FEEDBACK
can ya help me see the accepted payment modalities,PAYMENT
i want to see the early exit penalty how can i do it,CANCEL
can you help me checking when will my parcel arrive,DELIVERY
i dont know what to do to obtain a reimbursement of money,REFUND
i want help to set up my delivery address,SHIPPING
can you help me see how long refunds take,REFUND
i cant create a account,ACCOUNT
can i check at what time i can call customer service,CONTACT
in what situations can i request to be refunded,REFUND
need help checking in what situations can i request refunds,REFUND
i want to correct order can you help me,ORDER
where can i create a freemium account,ACCOUNT
problem settung up my shipping address,SHIPPING
i do not know what to do to modify my shipping address,SHIPPING
i do notuse the bloody account i try to delete it,ACCOUNT
where can i recover my account password,ACCOUNT
i dont know what i need to do to order several itmes,ORDER
i have to correct purchase i need assistance,ORDER
where to check the eta of purchase,ORDER
wanna sign up too the company newsletter i need help,SUBSCRIPTION
i have to order something can i get some help,ORDER
i dont know what to do to chat with an agent,CONTACT
how can i submit feedback for your company,FEEDBACK
there is an issue changing my address,SHIPPING
correcting details on account,ACCOUNT
i amde a mistake i wanna edit order,ORDER
can you help me giving a quick look at my invoice,INVOICE
assistance buying some of your article,ORDER
want assistance to lodge a complaint against your business,FEEDBACK
i am looking for information about a key reset,ACCOUNT
i dont know how i could file a goddamn customer claim,FEEDBACK
notifying of error opening user profile,ACCOUNT
shiping to,DELIVERY
i want assistance to see your money back guarantee,REFUND
where can i look for bill,INVOICE
assistance speaking with somebody,CONTACT
i have got to get the bill from will you help me,INVOICE
i dont know how i can cancel the pro account,ACCOUNT
download bill,INVOICE
i want help to earn several of your article,ORDER
i have to report issues with signup how to do it,ACCOUNT
i dont know what to do to check the termination fee,CANCEL
i need information about the termination of a account,ACCOUNT
ius it possible to recover my user account key,ACCOUNT
i cannot find my invoices from,INVOICE
i want assistance to restore my user account key,ACCOUNT
help writing an opinion for your services,FEEDBACK
where to get a compensation,REFUND
can you help me see the termination penalty,CANCEL
i have got to swap something of order help em,ORDER
help seeing the termination penalty,CANCEL
i do not know what i have to do to get invoice,INVOICE
editing user data,ACCOUNT
using freemium accouny,ACCOUNT
where could i inform of problems with online payments,PAYMENT
i need help to set a secondary shipping address up,SHIPPING
where do i see the shipment methods,DELIVERY
i need help seeing my invoices from,INVOICE
help me set up the delivery address,SHIPPING
canceling order,ORDER
what do i need to do to reset my profile pwd,ACCOUNT
whree to check what payment methods are available,PAYMENT
where can i find information about a delivery address change,SHIPPING
assistance shopping a few of ur product,ORDER
i need assistance to download the invoice,INVOICE
i need assistance correcting my shipping address,SHIPPING
where can i see how soon can i expect my item,DELIVERY
check my reimbursement status,REFUND
assistance to enter a different delivery address,SHIPPING
can you help me order a few of your product,ORDER
how to unsubscribe from ur corporate newsletter,SUBSCRIPTION
there are errors setting up a damn delivery address,SHIPPING
i dont know what to do to check bill,INVOICE
help me check how long it takes for the delivery to arrive,DELIVERY
checking current status of order,ORDER
where to reset the key of my user profile,ACCOUNT
assistance reporting problems with signup,ACCOUNT
create account for wife,ACCOUNT
what do i need to do to call customer assistance,CONTACT
can ya help me cancel order,ORDER
help me ot get a restitution of my money,REFUND
want assistance to see the terminatoin charges,CANCEL
where to request a rebate,REFUND
assistance canging my shipping address,SHIPPING
help me listing the available payment options,PAYMENT
where do i make a reclamation,FEEDBACK
i have to see the status of order help me,ORDER
there are problems entering my shipping address,SHIPPING
in which situations can i request the damn refunds,REFUND
need help checking the early termination fees,CANCEL
i dont know what to do to send my feedback for ur products,FEEDBACK
i would like to make a customer reclamation help me,FEEDBACK
need help talking to a live agent,CONTACT
new bloody cacount,ACCOUNT
can uhelp me talk with somebody,CONTACT
i have got to demand reimbursements,REFUND
i need to see how long it takes for my item to arrive,DELIVERY
where can i check what payment methods are accepted,PAYMENT
leave review about a service,FEEDBACK
i dont know how i can switch to the freemium account,ACCOUNT
i want information about modifying my shipping address,SHIPPING
i want information about the removal of my freemium account,ACCOUNT
im experiencing an issue with my online registration,ACCOUNT
how do i check when will my item arrive,DELIVERY
i have to enter my delivery address i need help,SHIPPING
i need to look for the bill from how to do it,INVOICE
i have to check how long the shipment takes i need help,DELIVERY
i need assistance checking my bills from,INVOICE
i dont know what to do to see my invoice,INVOICE
want help to earn an few of your item,ORDER
help with creating my account,ACCOUNT
i have got to sign up to the corporate newsletter help me,SUBSCRIPTION
i have got to leave some feedback about your company,FEEDBACK
i do not know how to speak with an agent,CONTACT
help me reporting an issue with a registration,ACCOUNT
i need to see in which situations can i ask for a refund,REFUND
want assistance seeing the eta of purchase,ORDER
check my bill from,INVOICE
i have to delete som items from purchase,ORDER
i want assistance seting my new delivery address up,SHIPPING
what is the shipping period for mt package,DELIVERY
what do i need to do to check the termination charge,CANCEL
where can i edit my delivery address,SHIPPING
help to see ur available paymnet options,PAYMENT
change to premium account,ACCOUNT
show cancellation penalties,CANCEL
i have got to ask for refunds,REFUND
can ya help me checking the cancellation charges,CANCEL
can uhelp me to contact customer service,CONTACT
i want assistance using the account,ACCOUNT
where can i see my fucking bill from,INVOICE
i have got to cancel purchase help me,ORDER
eta of order,ORDER
i have got to download my invoice from,INVOICE
i want help to edit order,ORDER
i have to check what shipment methods you offer,DELIVERY
i have to use the account,ACCOUNT
i have entered a wrong shipping address by mistae,SHIPPING
i have got to ask for a rebate can you help me,REFUND
i need help to take a quick look at the bill,INVOICE
where can i notify of errors with online payments,PAYMENT
assistance checking my reimbursement current status,REFUND
i do not know what i need to do to get a reimbursement,REFUND
i have problems editing the shipping address,SHIPPING
i have got to report issues with signup help me,ACCOUNT
updaing info on standard account,ACCOUNT
is it possible to request rteimbursements,REFUND
how can i earn several of urarticle,ORDER
i have got to talk with an assistant,CONTACT
i cant change my delivery address,SHIPPING
is there a method to send some feedback about your products,FEEDBACK
how can i delete several ites from purchase,ORDER
i want help checking ur available payment modalities,PAYMENT
help to talk to customer service,CONTACT
i have an error editing my delivery address,SHIPPING
i paid for this product help to get a compensation,REFUND
help me seeing when my product is gonna arrive,DELIVERY
can i check in which cases can i ask to be reimbursed,REFUND
modifying info on freemium account,ACCOUNT
i need help trying to edit my shipping address,SHIPPING
i need help to correct the info on my user,ACCOUNT
want assistance to recover my profile pass,ACCOUNT
could ya help me get a rebate of money,REFUND
want assistance solving problems with payment,PAYMENT
i would like to submit my feedback about a product help me,FEEDBACK
i need assistance to download the invoices from,INVOICE
wanna chec order status,ORDER
edit data on freemium account,ACCOUNT
i lost bill could ya mail it to me,INVOICE
where to recover the pass og my user account,ACCOUNT
is it possible to purchase several of your article,ORDER
i need assistance giving a quick look at my invoice,INVOICE
neeed assistance setting my secondary shipping address up,SHIPPING
help to inform of issues with signu,ACCOUNT
neerd help chatting with a human agent,CONTACT
reporting issue creating account,ACCOUNT
i dont know how i can check the early termination fees,CANCEL
i am trying to see in what cases can i request a refund,REFUND
help me check the eta of purchase,ORDER
open account for wife,ACCOUNT
can uhelp me subscribing to the copany newsletter,SUBSCRIPTION
changkng to freemium account,ACCOUNT
i would like to check the current status of my compensation,REFUND
help with creating a standard account,ACCOUNT
would it be possible to talk to an operator,CONTACT
i have to check the payment methods,PAYMENT
i dont know how i could delete my standard account,ACCOUNT
can you help me to see the damn eta of order,ORDER
i do not know what i have to do to correct my address,SHIPPING
i do not know what i have to do to find invoice,INVOICE
my experience with you has been bad make a customer claim,FEEDBACK
i need assistance to set up a different delivery address,SHIPPING
i have to check when will my package arrive,DELIVERY
can i change some products of order,ORDER
i have to see in which cases can i ask for a reimbursement,REFUND
i need assistance locating my fucking bill from,INVOICE
i do not have a pro account could you help me to register,ACCOUNT
i dont know how i can delete the freemium account,ACCOUNT
i am trying to set the secondary delivery address up,SHIPPING
can you help me toorder a few of your product,ORDER
i want help reporting an issue with online payments,PAYMENT
want help lodging a customer claim against your organization,FEEDBACK
how can i remove a platinum acclunt,ACCOUNT
where could i leave a comment for your company,FEEDBACK
i cannot create a user notify of a signup error,ACCOUNT
need help to place an oredr,ORDER
can you help me getting my invoice from,INVOICE
i have got to check in which cases can i ask for refunds,REFUND
i have to see purchase current status,ORDER
i want help to modify purchase,ORDER
i need to file a reclamation how can i do it,FEEDBACK
how could i change to the goddamn account,ACCOUNT
i have to acquire a product,ORDER
where to submit a new delivery address,SHIPPING
i do not know how to earn several of your item,ORDER
i need help notifying of a trouble with online payments,PAYMENT
i want help to cancel the company newsletter subscription,SUBSCRIPTION
i do not know what to do to leave an opinion for a product,FEEDBACK
i do not know what to do to cdheck my bill,INVOICE
can you help me to contact somebody,CONTACT
i have to leave a comment about a product how to do it,FEEDBACK
i dont understand you i need to talk to a liev agent,CONTACT
i dont know what to do to notify of signup issues,ACCOUNT
can you help me to remove my standard account,ACCOUNT
know if there is anything new on my restitution,REFUND
how to see the cancellation fees,CANCEL
coulduhelp me leave feedback for a product,FEEDBACK
tell me more abou editing my address,SHIPPING
modify information on gold account,ACCOUNT
how can i take a quick look at invoice,INVOICE
i have to check the invoice from,INVOICE
need support with my signup,ACCOUNT
need help t add an item to order,ORDER
i am trying to see in what situations can i ask for a refund,REFUND
my experience with you was too bad help making a complaint,FEEDBACK
i try to leave some feedback about a product,FEEDBACK
what do i need to do to subscribe to the company newsletter,SUBSCRIPTION
i have got to enter my new delivery address,SHIPPING
i paid for an article i want help to get a refund,REFUND
i have a problem updating the delivery address,SHIPPING
i want to speak with customedr assistance help me,CONTACT
where to report issues with online payments,PAYMENT
i do not want purchase,ORDER
i need assistance with adding an item to order,ORDER
problems with the removal of my account,ACCOUNT
help seeing in what cases can i request to be reimbursed,REFUND
i want to see my rebate status,REFUND
where can i open a account for my daughter,ACCOUNT
i need assistance to look for the invoice,INVOICE
i need assistance to cancel order,ORDER
delete premium account,ACCOUNT
switch to gold account,ACCOUNT
want help making an customer claim against your business,FEEDBACK
help me to add a goddamn item to purchase,ORDER
i want help trying to correct my delivery address,SHIPPING
i have got to order a product could i get some help,ORDER
how can i tfack purchase,ORDER
i want assistance checking how soon can i expect the product,DELIVERY
i want help to change the delivery address,SHIPPING
i want help informing of issues with online payment,PAYMENT
i can no longer pay for order,ORDER
can i open a standard account for my dad,ACCOUNT
what payment options do you accept,PAYMENT
i have got to speak with customer support how can i do it,CONTACT
i want help changing my address,SHIPPING
i want help seeing purchase current status,ORDER
help me asking for compensations,REFUND
can you help me to buy some articles,ORDER
i need assistance to solve a problem with payments,PAYMENT
assistance removing something from purchase,ORDER
how to se your available payment modalities,PAYMENT
see the early termination charge,CANCEL
help me to check when my purchase is going to arrive,DELIVERY
problem with the removal of my account,ACCOUNT
i have got to get in touch with customerservice,CONTACT
assistance to see how log reimbursements take,REFUND
where do i see how soon can i expect my shipment,DELIVERY
want help setting a new delivery address up,SHIPPING
wanna leave some feedback about a service,FEEDBACK
i am trying to check order currentstatus,ORDER
how can i make a customer complanit against ur company,FEEDBACK
help checking in which cases can i request a fucking refund,REFUND
i am trying to file a rreclamation against your business,FEEDBACK
i need to set up my new delivery address,SHIPPING
i need assistance reporting troubles with online payments,PAYMENT
assistance checking what hours i can call customer support,CONTACT
is it possible to set up the secondary shipping address,SHIPPING
i dont know how i can change to the premium account,ACCOUNT
i cannot update purchase,ORDER
is it possible to see the early termination penalty,CANCEL
i want help to check in what cases can i request refunds,REFUND
i dont know what to do to recover my profile pin code,ACCOUNT
i need to get my goddamn invoice from,INVOICE
im trying to se the withdrawal fees,CANCEL
i have problems with the pin reset,ACCOUNT
i cant see if there is anything new on the compensation,REFUND
i am having problems with my registration,ACCOUNT
can you help me get the bills from,INVOICE
can ushow me the withdrawal penalties,CANCEL
how to cancel a account,ACCOUNT
i need assistance to buy several products,ORDER
how can i see what options for delivery i can choose,DELIVERY
i dont know what i have to do to close my pro account,ACCOUNT
rebating,REFUND
change to the gold account,ACCOUNT
someone stole my pin code assistance restoring it,ACCOUNT
show me the bill from,INVOICE
were do i see the early termination charges,CANCEL
i do not know how i can make a customer reclamation,FEEDBACK
i need assistance to cancel purchase,ORDER
i need to check the withdrawal charges,CANCEL
need helpsolving problems with online payment,PAYMENT
i dp not know how to cancel order,ORDER
i have got to restore my user access key,ACCOUNT
im trying to see the eta of purchase,ORDER
wanna make a damn claim willuhelp me,FEEDBACK
i have to check what delivery methods i can choose help me,DELIVERY
i need assistance to leave a review about a product,FEEDBACK
need assistance t ask for refunds of money,REFUND
need help making a consumer complaint against ur company,FEEDBACK
need assistance to subscribe to the company newsletter,SUBSCRIPTION
want assistance to request a rebate,REFUND
what do i have to do to see the cancellation penalty,CANCEL
i want assistance unsubscribing from the newsletter,SUBSCRIPTION
i want assistance contacting an agent,CONTACT
i have problems with the key reset,ACCOUNT
i dont know what to do to change to the freemium account,ACCOUNT
i have problems with changing purchase,ORDER
i dont know how i can change to the freemium account,ACCOUNT
could you help me check what delivery methods you offer,DELIVERY
filing consumer complaint,FEEDBACK
assistance getting my bill,INVOICE
help me to check ur avialable payment options,PAYMENT
i would like to see your damn refund policy i need help,REFUND
correct details on platinum account,ACCOUNT
i have issues modifying the address,SHIPPING
help checking if there are any news on my compensation,REFUND
help to contact an agent,CONTACT
i do not know how to create a account for my dad,ACCOUNT
where to filr a consumer complaint,FEEDBACK
i need help restoring my user key,ACCOUNT
is it possible to inmform of errors with a registration,ACCOUNT
need help to report an issue with payment,PAYMENT
sypport creating user,ACCOUNT
where to report an error with a signup,ACCOUNT
find information about the removal of a gold account,ACCOUNT
i cannot inform of an issue with a signup,ACCOUNT
wluld you give me information about the key retrieval,ACCOUNT
i do not know what i need to do to get my bill,INVOICE
when am i getting a rebate,REFUND
can you help me to check what delivery options i have,DELIVERY
i want to see the eta of order i need help,ORDER
i dont know what i have to do to change to the pro account,ACCOUNT
i awnt information about updating my shipping address,SHIPPING
i want to acquire several of your product,ORDER
i am looking for shipping periods,DELIVERY
opening platinum account,ACCOUNT
how can i speak to customer support,CONTACT
i missed several damn articles in order,ORDER
i do not know what i need to do to remove my gold account,ACCOUNT
i want help to take a quick lok at my invoice,INVOICE
want assistance informing of problems with payments,PAYMENT
help me filing a reclamation against your company,FEEDBACK
can you help me correcting purchase,ORDER
i cant see the eta of purchase,ORDER
i try to see in which situationscan i ask for refunds,REFUND
i do not know how i can restore the apss of my user profile,ACCOUNT
i want to list your allowed payment options i need help,PAYMENT
can i check how long it takes for my order to arrive,DELIVERY
im trying to see in which cases can i request refunds,REFUND
i want assistance removing my goddamn platinum account,ACCOUNT
where can i check the bloody cancellation penalties,CANCEL
editing info on freemium account,ACCOUNT
i dont know how i can change to the pro account,ACCOUNT
where do i download my goddamn invoices from,INVOICE
review for your company,FEEDBACK
i would like information about the key retrieval,ACCOUNT
there are errors trying to modify my shipping address,SHIPPING
i want help to notify of problems with a signup,ACCOUNT
i would like information about my gold account cancellation,ACCOUNT
how can i see at what time i can contact customer service,CONTACT
have a problem with opening a acount,ACCOUNT
i dont know how to see when will my item arrive,DELIVERY
i need to see what delivery methods you offer help me,DELIVERY
i have to unsubscribe from the corporate newsletter,SUBSCRIPTION
help me check in which cvases can i ask for my money back,REFUND
can you help me reset my profile pin,ACCOUNT
need to receive ur newsletter can ya help me,SUBSCRIPTION
i havent signed up yet how do i open a account wirh you,ACCOUNT
i do not know how to download the bill,INVOICE
i do not know how i could create a account,ACCOUNT
ya have a method to submit my feedback for ur services,FEEDBACK
can you help me obtaining a compensation,REFUND
i want to locate invoice help me,INVOICE
i want to see what shipment options i have how do i do it,DELIVERY
i dont know how to leave a review about a service,FEEDBACK
could you help me see if there are any news on my rebate,REFUND
i need help solving a troouble with online payments,PAYMENT
i expect a refund of was it processeed,REFUND
wanna see when my item is gonna arrive how could i do it,DELIVERY
can you tell me about my newsletter subscription,SUBSCRIPTION
how do i see my invoice from,INVOICE
want assistance purchasing some of ur product,ORDER
i need help notifying of problems with a signup,ACCOUNT
i want to reset the bloody key of my user will you help me,ACCOUNT
show me what hours i can call customer support,CONTACT
help me check what hours i can reach customer support,CONTACT
i dont know what i need to do to report a payment problem,PAYMENT
help seeing what payment options you accept,PAYMENT
is it possible to enter the secondary shipping address,SHIPPING
where can i make a purchase,ORDER
question about freemium account canclelations,ACCOUNT
create new platinum account,ACCOUNT
i have to send my feedback,FEEDBACK
get invoice from november,INVOICE
can ya help me see how soon can i expect my item,DELIVERY
i need to see when will my product arrive help me,DELIVERY
i dl not know what to do to delete the account,ACCOUNT
i dont know what i have to do to erset my user account pass,ACCOUNT
i am waiting for a refund of,REFUND
im calling to make a complaint against ur company,FEEDBACK
help me demanding a rebate,REFUND
where to know if there are any news on my compensation,REFUND
i need assistance seeing the bill from,INVOICE
could you help me resetting my key,ACCOUNT
where can i check how soon can i expect the package,DELIVERY
neef to notify of signup problems,ACCOUNT
my card was declined help to inform oof a payment issue,PAYMENT
i have to restore the pin code of my user,ACCOUNT
tell me about unsubscribing from your newslewtter,SUBSCRIPTION
i need help seeing what methods for delivery i have,DELIVERY
i need help checking ur refund policy,REFUND
can you tell me more about correcting the bloody address,SHIPPING
is there an address to submit an opinion about ur products,FEEDBACK
how to inform of an error with a signup,ACCOUNT
i want assistance entering a different shipping address,SHIPPING
i do not know how to enter a delivery address,SHIPPING
i have to cancel my subscription to ur newsletter,SUBSCRIPTION
help me restore the key of my user,ACCOUNT
opdn freemium account,ACCOUNT
i need assistance to change to the gold account,ACCOUNT
modify info on platinum account,ACCOUNT
how to use the account,ACCOUNT
i do not know what to ddo to update the address,SHIPPING
can uhelp me filing a reclamation,FEEDBACK
i try to check the eta of the purchase,ORDER
can you help me get a restitution of my money,REFUND
i dont know how i can receive the newsletter,SUBSCRIPTION
can yahelp me getting a compensation,REFUND
i dont know what to do to download invoice,INVOICE
is it possible to check how soon can i expect my article,DELIVERY
i need assistance to inform of a problem with payments,PAYMENT
need assistance to check the eta of order,ORDER
i want help canceling the account,ACCOUNT
i want assistance solving troubles with online payment,PAYMENT
how to check what hours i can reach customer support,CONTACT
can i file a claim against your company,FEEDBACK
i dont know how i can order some of your product,ORDER
im trying to check what payment options are available,PAYMENT
iw it possible to get in touch with customer support,CONTACT
i dont know what to do to speak with cusstomer service,CONTACT
i have to cancel purchase,ORDER
assistance to see the status of my compensation,REFUND
i od not know what i need to do to report a signup issue,ACCOUNT
help me switch an item of order,ORDER
i have got to inform of errors with a signup,ACCOUNT
do you have a way to leave a review for your services,FEEDBACK
i want help seeing purchase status,ORDER
i have to talk to an operator,CONTACT
i have to see the eta of the order,ORDER
want help to check the early termination penalties,CANCEL
i want to notify of signup issues could you help me,ACCOUNT
can uhelp me see ur alolwed payment modalities,PAYMENT
can i see in which situtaions can i request refunds,REFUND
how to reset the damn password of my user,ACCOUNT
i want to see what payment options you accept,PAYMENT
assistance purchasing some items,ORDER
what do i need to do to reset my user cacount pwd,ACCOUNT
i dont know what i have to do to delete my account,ACCOUNT
help speaking with a human agent,CONTACT
want help giving a quick look at my invoice from,INVOICE
id like to look for my bill could uhelp me,INVOICE
help me see in what cases can i request a refund,REFUND
need to edit the info included on my user profile help me,ACCOUNT
i am calling to lodge a claim against your organization,FEEDBACK
i dont know how i could list your payment modalities,PAYMENT
i need help to use the standard profile,ACCOUNT
hw to report troubles with payment,PAYMENT
i need assistance to set the new delivery address up,SHIPPING
i want a account for my dad,ACCOUNT
can you help me create a account,ACCOUNT
can ya help me see in which situations can i ask for refunds,REFUND
can ya show me at what time customer service available is,CONTACT
i want assistance to download myinvoice,INVOICE
what do i need to do to file a claim,FEEDBACK
need help to make an order,ORDER
where can i leave my feedback about ur products,FEEDBACK
i want help tocall customer assistance,CONTACT
i am unhappy with your service help me to make a claim,FEEDBACK
i want assistance to inform of issues with payment,PAYMENT
i dont know how i can chat with a damn assistant,CONTACT
need help getting the invoices from,INVOICE
removing premium account,ACCOUNT
how can i contact cusomer support,CONTACT
i forgot my damn user pin help resetting it,ACCOUNT
help me to see what delivery options i can choose,DELIVERY
could you help me create a account for my daughter,ACCOUNT
i do not know how i can see the methods for shipping,DELIVERY
i have to edit some of the details on my profile help me,ACCOUNT
i have to see the shipping options i need help,DELIVERY
can i open a pro account for my daughter,ACCOUNT
i expect an compensation of dollars,REFUND
there is an error trying to change my address,SHIPPING
i dont know how to delete my standard account,ACCOUNT
how do i cancel purchase,ORDER
i want information about my account termination,ACCOUNT
how do i get restitutions of money,REFUND
i have got to add something to oprder,ORDER
i have to use the profile can i get some help,ACCOUNT
i am calling to see how soon can i expect my damn delivery,DELIVERY
i do not know what i need to do to set a shipping address up,SHIPPING
i dont know how i can download my invoice,INVOICE
i would like to request a damn refund of money,REFUND
i need to notify of troubles with online payment,PAYMENT
can you help me check in which cases can i ask for refunds,REFUND
i want to check what delivery methods are available,DELIVERY
how to reset the access key of my account,ACCOUNT
need assistance cancelling purchase,ORDER
im dissatisfied with ur services help to file a reclamation,FEEDBACK
i dont know how to report problems with a registration,ACCOUNT
im waiting for a restitution of dollras,REFUND
correcting infornation on premium account,ACCOUNT
i dont know how i can see the cancellation fee,CANCEL
i dont know how to check the early termination penalty,CANCEL
help to check in what situations can i request a refund,REFUND
i call to send my feedback about ur services,FEEDBACK
help to close my acount,ACCOUNT
where can i buy a product,ORDER
i want to leave an opniion for your company,FEEDBACK
is it possible to contact a human agent,CONTACT
help me to see how long it takes for my delivery to arrive,DELIVERY
information about the corporate newsletter subscription,SUBSCRIPTION
i try to modify my shipping address,SHIPPING
create new account for daughter,ACCOUNT
i want to receive the corporate newsletter can you help me,SUBSCRIPTION
is it possible to see in which cases can i ask for refunds,REFUND
how can i see the current status of my refund,REFUND
help reporting troubles with payments,PAYMENT
correcting infornation on account,ACCOUNT
i want to obtain a reimbursement of money,REFUND
i dont know how to dfownload my invoice,INVOICE
i need help to see purchase status,ORDER
i dont know how i could download my invoice,INVOICE
i have to edit my shipping address,SHIPPING
how do i talk to an assistant,CONTACT
where can i get information about opening accounts,ACCOUNT
checking status of order,ORDER
i want to create a account,ACCOUNT
i want help to inform of an issue with a signup,ACCOUNT
give me information about my forgotten pin,ACCOUNT
i have to lodge a customer reclamation against your business,FEEDBACK
i expecdt a refund of dollars,REFUND
want help getting my invoice,INVOICE
i am trying to speak to somebody,CONTACT
i have to see the early termination charge can you help me,CANCEL
can you give me information about editing my address,SHIPPING
help me to locate my bills from,INVOICE
how could i check your money back policy,REFUND
i want assistance cancelling order,ORDER
i do not know what i have to do to close a accoint,ACCOUNT
how to cancel order,ORDER
cancel purchase113542617735902,ORDER
how to report problems with payment,PAYMENT
i dont know how i can ask for a rebate,REFUND
i need assistance to see your allowed payment methods,PAYMENT
issue entering the shipping address,SHIPPING
can you help me resetting my user profile pin,ACCOUNT
what do i need to do to see the bill from,INVOICE
where can i leave an opinion for ur services,FEEDBACK
i dont know how to get a reimbursement of my money,REFUND
how can i talk to somebody,CONTACT
i have got to change to the platinum account how to do it,ACCOUNT
i have paid for an item help me receive a compensation,REFUND
can you help me to report errors with registrations,ACCOUNT
can i place a damn order from,DELIVERY
i need to inform of erors with signup,ACCOUNT
i do not know how i can cancel order,ORDER
update inforemation on premium account,ACCOUNT
help me cancel purchase,ORDER
i need assistance seeing my bill,INVOICE
how do i look for my bills from,INVOICE
i want to earn some of your item will you help me,ORDER
i have to see your money back guarantee help me,REFUND
how could i leave a review for your products,FEEDBACK
i have got to download my goddamn invoice from,INVOICE
i do not know what i have to do to check my invoice,INVOICE
y i cannot submit a secondary delivery address valid,SHIPPING
i dont know how i can submit my secondary shipping address,SHIPPING
i dont know what i need to do to change to the pro account,ACCOUNT
i want help solving a trouble with online payments,PAYMENT
i dont know how i can acquire some of ur item,ORDER
i do not know how i can report a signup error,ACCOUNT
need help to check the shipment methods,DELIVERY
help me to check the current status of order,ORDER
help to see purchase damn status,ORDER
how to unsubscribe from your company newsletter,SUBSCRIPTION
check invoice from,INVOICE
i have to write an opinion for your services,FEEDBACK
assistance to see what payment methods are accepted,PAYMENT
i cant open a user want help reporting a signup problem,ACCOUNT
i have to unsubscribe from your newsletter,SUBSCRIPTION
want help giving a quick look at my bills from,INVOICE
i do not know what to do to check the termination fees,CANCEL
makepurchase,ORDER
assistance to talk to customer support,CONTACT
i need to get in touch with customer support,CONTACT
i try to cancel the newsletter subscription,SUBSCRIPTION
ya have a method to send my feedback for ur products,FEEDBACK
i have to see how long refunds take how do i do it,REFUND
can you help me using the pro profile,ACCOUNT
how to make a complaint against your organization,FEEDBACK
can you help me seeing your available payment options,PAYMENT
i do not know what i have to do to request refunds of money,REFUND
how do i see at what time i can contact customer service,CONTACT
were can i submit some feedback for a product,FEEDBACK
i need assistance to find my damn bills from,INVOICE
can i check i which situations can i ask to be reimbursed,REFUND
cancel order,ORDER
can you help me update the data included on my profile,ACCOUNT
help to casncel my subscription to your company newsletter,SUBSCRIPTION
will you give me information about my pin retrieval,ACCOUNT
i need assistance with cancelling order,ORDER
help geting my bills from,INVOICE
ya have a free of charge customer support number,CONTACT
i want help to submit a different shipping address,SHIPPING
i need information about the removal of a standard account,ACCOUNT
mail me my invoice from,INVOICE
wanna see how long refunds take could ya help me,REFUND
i need assistance informing of bloody registration issues,ACCOUNT
is it possible to speakto a person,CONTACT
editing information on freemium account,ACCOUNT
how could i use the profile,ACCOUNT
need help downloading my invoices from,INVOICE
i need assistance to restore the password of my profile,ACCOUNT
want assistance to receive a refund of money,REFUND
i have lost my user account pin i need help resetting it,ACCOUNT
how can i checkthe cancellation charges,CANCEL
i want assistance to see the fucking status of the rebate,REFUND
assistanceto buy several items,ORDER
i need help to restore my user key,ACCOUNT
how to lodge a claim against your company,FEEDBACK
help me file a customer complaint against your company,FEEDBACK
i want help writing a comment about ur services,FEEDBACK
i dont know how i could modify my address,SHIPPING
check accepted payment methoxs,PAYMENT
i have to enter the shipping address how do i do it,SHIPPING
i have got to see what methods for delivery i have,DELIVERY
help talking with customer service,CONTACT
i dont know how to see the withdrawal charge,CANCEL
want help to change to the account,ACCOUNT
how to get my bill,INVOICE
i dont want to chat with a bot transfer to me someone,CONTACT
can you help me to see when my item is going to arrive,DELIVERY
i need assistance to use the platinum profile,ACCOUNT
assistance seeing the invoices from,INVOICE
help editing purchase,ORDER
errors setting up a damn delivery address,SHIPPING
i want help to lodge a customer claim,FEEDBACK
how do i remove several articles from order,ORDER
where can i edit the shipping address,SHIPPING
open another standard account for mum,ACCOUNT
i paid for a purchase how to receive a compensation,REFUND
is it possible to check the withdrawal charge,CANCEL
i have to call customer suupport could i get some help,CONTACT
i want help to speak to customer support,CONTACT
update freemium account,ACCOUNT
want help to check if there are any news on my refund,REFUND
how to report troubles with payments,PAYMENT
can you help me using the premium profile,ACCOUNT
i want help seeing the withdrawal charges,CANCEL
im trying to check purcahse current status,ORDER
need to check in which cases can i request an reimbursement,REFUND
can uhelp me lodge a customer complaint,FEEDBACK
can i change to the account,ACCOUNT
show me how long it takes for the article to arrive,DELIVERY
i dont know what i have to do to get my invoice,INVOICE
i dont know what to do to reset my access key,ACCOUNT
want help to see ur reimbursement policy,REFUND
help me see how soon can i expect the parcel,DELIVERY
what do i need to do to notify of a problem with payments,PAYMENT
i need assistance seeing how soon can i expect my parcel,DELIVERY
can uhelp me get my damn bill from,INVOICE
i need assistance to create a account,ACCOUNT
problems with a delivery address update,SHIPPING
modifying premium account,ACCOUNT
want assistance checking my refund current status,REFUND
i have to lodge a reclamation,FEEDBACK
wanna check order status can uhelp me,ORDER
i have got to check my bills from,INVOICE
i have to modigy purchase help me,ORDER
i try to check at what time i can reach customer support,CONTACT
how can i see at what time i can call customer assistance,CONTACT
i need help using the freemium account,ACCOUNT
assistance setting my new shipping address up,SHIPPING
i want support modifying the shipping address,SHIPPING
i have problems with creating my acount,ACCOUNT
i have paid for these products i want my money back,REFUND
what do i have to do to reset my user account key,ACCOUNT
i try to check in which cases can i ask for my money back,REFUND
i dont know what i need to do to remove the freemium account,ACCOUNT
how can i get in touch with customer support,CONTACT
i need to set my new delivery addrwss up,SHIPPING
contact person,CONTACT
where do i report problems with online payment,PAYMENT
i dont know how i could edit my bloody account,ACCOUNT
editing info on gold account,ACCOUNT
i do not know what to do to modify the user info,ACCOUNT
i need assistance solving errors with payments,PAYMENT
want help to restore my pi code,ACCOUNT
i am looking for shipping period will you help me,DELIVERY
i cannot find the bills from mail them to me,INVOICE
i dont know how i can leave a review,FEEDBACK
want help seeing how soon can i expetc my article,DELIVERY
i dont know what to do to change to the freemium account,ACCOUNT
i do not know how i can leave a comment about your products,FEEDBACK
wanna delete some items from purchase,ORDER
i cannot create an account i want to report a signup issue,ACCOUNT
do you have a email to leave feedback about your services,FEEDBACK
want assistance switching an item of purchase,ORDER
i dont know how i can retrieve the access key olf my account,ACCOUNT
i want help to talk to customer support,CONTACT
cancel pro acount,ACCOUNT
can you help me informing of errors with payment,PAYMENT
help to speak with a human agent,CONTACT
cancel standard acount,ACCOUNT
can you help me to change to the goddamn account,ACCOUNT
assistance to make a customer claim agaisnt ur organization,FEEDBACK
i have lost my access key can i recover it,ACCOUNT
i dont know how to see how soon ca i expect my article,DELIVERY
how do i demand a compensation of money,REFUND
where can i enter a secondary shipping address,SHIPPING
i want asistance to acquire a product,ORDER
can ya help me to check what payment methods ya accept,PAYMENT
can you help me leaving a review about a product,FEEDBACK
i have to check how soon can i expect the purchase,DELIVERY
tell me about canceling the subscription to ur newsletter,SUBSCRIPTION
i want help sending some feedback about a product,FEEDBACK
wanna demand a reimbursement of money,REFUND
what do i have to do to earn some items,ORDER
help me check how long it takes for the parcel to arrive,DELIVERY
i want to send some feedback i need assistance,FEEDBACK
i cannot check if there are any news on the compensation,REFUND
there are troubles editing my address,SHIPPING
i no longer want purchase,ORDER
want assistance retrieving my user account pin,ACCOUNT
i have to see the withdrawal penalties help me,CANCEL
i am trying to receive a restitution of money,REFUND
i dont know how i can create a account,ACCOUNT
help to see order status,ORDER
i am waiting for a rebate of,REFUND
i want to leave a comment how could i do it,FEEDBACK
i dont know how i can check the cancellatio charges,CANCEL
how do i report issues with online payment,PAYMENT
i want help to recover the password of my user account,ACCOUNT
i want to see what shipment methods are there i need help,DELIVERY
want assistance to switch something of purchase,ORDER
show me what fucking shipping options i can choose,DELIVERY
i have got to earn some of your product how can i do it,ORDER
i want assistance checking the early termination fees,CANCEL
where can i see if there are any news on the reimbursement,REFUND
where do i restore the password of my user profile,ACCOUNT
can you send me my damn invoice from,INVOICE
help me inform of a problem withpayment,PAYMENT
i need help to find my damn invoice from,INVOICE
i need help to see the current status of the refund,REFUND
i need assistance to check ur refund policy,REFUND
see under what circumstances can i ask for a refund,REFUND
i try to see at what time i can reach customer assistance,CONTACT
want assistance to leave a comment about ur services,FEEDBACK
i am looking for the delivery methods help me find them,DELIVERY
i no longer want the premium account help to cancel it,ACCOUNT
i want assistance to swap some items of order,ORDER
i need assistance to purchase several of ur item,ORDER
want help to make a consumer complaint against ur company,FEEDBACK
where do i check what hours i can reach customer service,CONTACT
i need to sign up to your corporate newsletter,SUBSCRIPTION
i chose a wrong delivery address can you help me update it,SHIPPING
what do i have to do to check the early exit fee,CANCEL
i want assistance to chat with someone,CONTACT
do you have a free number to contact customer support,CONTACT
help to check the damn current status of the restitution,REFUND
need to find bill,INVOICE
want assistance to talk with a live agent,CONTACT
i do not knwo what to do to inform of issues with a signup,ACCOUNT
what do i have to do to reset the pwd of my user,ACCOUNT
is there a section to submit some feedback for ur company,FEEDBACK
can i restore my user pwd,ACCOUNT
i dont know how to see the restitution status,REFUND
can uhelp me canceling order,ORDER
what do i have to do to inform of a error with payments,PAYMENT
want assistance seeing bill,INVOICE
i dont know how i could shop several articles,ORDER
i have got to report an issue with signup,ACCOUNT
showing me purchase current status,ORDER
could i see in what cases can i request refundcs,REFUND
i dont know what to do ti download my invoice,INVOICE
how can i see what payment payment modalities are allowed,PAYMENT
help me retsore my pass,ACCOUNT
need help listinmg ur damn payment options,PAYMENT
how to check the options for delivery,DELIVERY
i dont know how i can list ur allowed payment modalities,PAYMENT
modifying gold account,ACCOUNT
can you help me getting invoice,INVOICE
how much would you charge me if i cancelled the contract,CANCEL
i need to enter a different shipping address,SHIPPING
help me to see in what cases can i ask for my money back,REFUND
lodge customer complaint against your organization,FEEDBACK
i need assistance changing to the account,ACCOUNT
i no longer use my account help me cancelling it,ACCOUNT
i need help with changing order,ORDER
i want assistance checking the early termination fee,CANCEL
can i check when my article is going to arrive,DELIVERY
how do i obtain a reimbursement of money,REFUND
i need assistance retrieving the pin of my account,ACCOUNT
help changing some products of order,ORDER
i have to update some of the goddamn details on my user,ACCOUNT
help me seeing the payment modalities,PAYMENT
could you help me talking ot bloody customer service,CONTACT
assistance to give a quick look at the bill,INVOICE
i want to buy several of your article,ORDER
assistance seeing what shipping methods are there,DELIVERY
i dont know how to set up the delivery address,SHIPPING
i have a trouble setting my secondary shipping address up,SHIPPING
how can i check purchase current status,ORDER
i dont know what to do to order a product,ORDER
i want assistance talking to customer service,CONTACT
where culd i cancel order,ORDER
what do i need to do to receive the corporate newsletter,SUBSCRIPTION
i try to check what shipment methods are there,DELIVERY
i would like to know about changing my delivery address,SHIPPING
i try to know if there are any updates on my restitution,REFUND
i am looking for information about my lost key,ACCOUNT
want assistance to give a quick look at my invoice,INVOICE
where to check how soon can i expect my shipment,DELIVERY
problem with cancelling purchase,ORDER
help to use the freemium profile,ACCOUNT
how can i check the status of purchase,ORDER
assistance checking the early exit fee,CANCEL
assistance seeing the shipping methods,DELIVERY
i am experiencing an problem registering,ACCOUNT
where do i locate my invoice,INVOICE
how can i look foe my invoice from,INVOICE
i do not know how to write an opinion about your company,FEEDBACK
need assistance to recover my account pin code,ACCOUNT
where to see the methods for shipment,DELIVERY
i want assistance seeing how soon can i expect my product,DELIVERY
can i leave some feedback about a product,FEEDBACK
i need help to notify of signup problems,ACCOUNT
i do not know wha to do to unsubscribe from the newsletter,SUBSCRIPTION
i need assistance to earn an item,ORDER
how can i enter my secondary delivery address,SHIPPING
i need help with canceling purchase,ORDER
i hasve got to update purchase,ORDER
i want help informing of an issue with a signup,ACCOUNT
help me to see the damn bills from,INVOICE
i have to report signup issues,ACCOUNT
i have got to shop some of your article how do i do it,ORDER
wanna see what delivery options are there i need help,DELIVERY
need to make a consumere claim,FEEDBACK
where can i see when my roder is going to arrive,DELIVERY
what do i have to do to report problems with payment,PAYMENT
could i get in touchwith customer service,CONTACT
need assistance subscribing tp the newsletter,SUBSCRIPTION
help me to check what hours i can call customerr service,CONTACT
can i use the acclunt,ACCOUNT
i dont know what to do to shop some of your article,ORDER
i dont need my fucking account i want to close it,ACCOUNT
tell me more about canceling my newsletter subscription,SUBSCRIPTION
what do i have to do to look for the invoice,INVOICE
can you help me cancelling the bloody purchase i made,ORDER
where to notify of signup errors,ACCOUNT
i cannot find bill mail it to me,INVOICE
i have to se what payment methods you accept i need help,PAYMENT
help me checking the reimbursement status,REFUND
ii need to see your reimbursement policy,REFUND
i have to see how long refunds take,REFUND
what do i need to do to create a account,ACCOUNT
i need help to set up a delivery address,SHIPPING
want help to see the eta of purchase,ORDER
i need assistance seeing my invoice,INVOICE
speaking to human agent,CONTACT
i dont know what to do to ertrieve the pin of my user,ACCOUNT
want assistance earning something,ORDER
someone stole my user key help me retrieving it,ACCOUNT
i have got to contact a human agent,CONTACT
i try to check the status of order,ORDER
i have got to leave a review about your company help me,FEEDBACK
can you help me notifying of an issue with payment,PAYMENT
help me to see what shipping options i have,DELIVERY
i have got to remove an item from order help me,ORDER
can uhelp me seeing in which cases can i sak for a refund,REFUND
what do i have to do to earn a few of ur product,ORDER
help me to informof an issue with a registration,ACCOUNT
i would like to enter my shipping address how to do it,SHIPPING
can i see the current status of purchase,ORDER
see in which cases can i request a reimbursement,REFUND
how to use the account,ACCOUNT
i am trying to see the cancellation fee,CANCEL
i dont know what i have to do to order some items,ORDER
is there an address to elave feedback about a product,FEEDBACK
i have paid for this purchase help receiving a rebate,REFUND
need help to see at what time i can contact customer service,CONTACT
wanna know more about opening freemium accounts,ACCOUNT
can uhelp me swap something ofpurchase,ORDER
help me see in which cases can i ask to be refunded,REFUND
help me reset my user access key,ACCOUNT
can i contactcustomer assistance,CONTACT
i have a problem with a delivery address modification,SHIPPING
i dont know what i need to do to earn some bloody products,ORDER
help to see the invoice from,INVOICE
i do not know what i need to do to talk to an assistant,CONTACT
i need help to unsubscribe to the newsletter,SUBSCRIPTION
can you help me to notify of a trouble with payment,PAYMENT
i do not know how to change to the account,ACCOUNT
i want assistance to see the eta of the ordder,ORDER
can i place an ordewr from,DELIVERY
i dont know what to do to shop some goddamn items,ORDER
i need to inform of an error with online payments,PAYMENT
i have to see how soon can i expect the delivery help me,DELIVERY
help me make a claim against ur company,FEEDBACK
speaking with assistant,CONTACT
can you help me checking purchase status,ORDER
help me update purchase,ORDER
can ugive me information about changing my delivery address,SHIPPING
i need assistance trying to correct my delivery address,SHIPPING
changing info on account,ACCOUNT
i need assistance creating a account for my dad,ACCOUNT
can uhelp me to inform of errors with a signup,ACCOUNT
help to place an order,ORDER
there is an error trying to correct the delivery address,SHIPPING
i need assistance to recover the pin code of my account,ACCOUNT
what do i have to do to notify of registration issues,ACCOUNT
im trying to list the payment options,PAYMENT
i have got to create a account for my dad,ACCOUNT
i dont know what i need to do to remove the platinum account,ACCOUNT
can you help me to earn several products,ORDER
need assistance to speak to customer servkce,CONTACT
want assistance to solve a payment problem,PAYMENT
i want help to check the termnation fees,CANCEL
i do not know what i need to do to download invoice,INVOICE
i have errors modifying my shipping address,SHIPPING
i try to unsubscribe to your company newsletter,SUBSCRIPTION
how to speak to a live agent,CONTACT
how do i use the account,ACCOUNT
is it possible to seeur money back policy,REFUND
need assistance to give a quick look at invoice,INVOICE
how do i make a consumer reclamation against ur business,FEEDBACK
i have to acquire a product,ORDER
could you help me to correct my shipping address,SHIPPING
i have to check if there is anything new on the restitution,REFUND
i want help speaking to somebody,CONTACT
want help switching some damn products of purchase,ORDER
need to modify my fucking user information how can i do it,ACCOUNT
i want assistance to speak with an operator,CONTACT
how can i talk with an opertaor,CONTACT
where to acquire several of your item,ORDER
i do not know how to seehow soon can i expect my purchase,DELIVERY
can i switch a product of order,ORDER
i need assistance to create a standard account,ACCOUNT
i need help to notify of a trouble with payment,PAYMENT
there are errors editing the address,SHIPPING
i dont know how to retrieve the pin code of my user,ACCOUNT
i try to acquire an article,ORDER
show early exit penalty,CANCEL
i dont know what to do to close my account,ACCOUNT
i have got to look for bill,INVOICE
track refund,REFUND
can uhlp me to see the status of my newsletter subscription,SUBSCRIPTION
i want help to use the profile,ACCOUNT
i expect a compensation of dollars was it processed,REFUND
can ya help me using the standard profile,ACCOUNT
get invoice from purchases ago,INVOICE
assistance trying to edit the address,SHIPPING
i have got to modify my personal info,ACCOUNT
can ya help me to see what shipment options i can choose,DELIVERY
assistance checking howlong reimbursements take,REFUND
updating premium accojnt,ACCOUNT
is it possible to report an error with a signup,ACCOUNT
how to use the pro profile,ACCOUNT
i do not know how i can see the reimbursement current status,REFUND
do you have a method to submit a review for your services,FEEDBACK
want assistance to give an quick look at my bill,INVOICE
can you help me to change to the account,ACCOUNT
i expect an refund of dollars was it processed,REFUND
i have problems entering my new delivery address,SHIPPING
how can i get infomation about my account cancellation,ACCOUNT
help me retrieve my user account pin,ACCOUNT
i do not know what to do to get the invoice,INVOICE
where to check what payment options are accepted,PAYMENT
i need help notifying of a problem with payment,PAYMENT
will ushow me the early terminarion charges,CANCEL
i do not know how i can see the cancellation charge,CANCEL
help me seeing what hours customer support available is,CONTACT
i do not know what i hae to do to close the account,ACCOUNT
want help to know if there are any updates on my restitution,REFUND
i want help trying to modify my delivery address,SHIPPING
where to see order status,ORDER
i dont know how i can see the available payment options,PAYMENT
can you help me create a different bloody platinum account,ACCOUNT
want assistance to chat with a person,CONTACT
i want help asking for a reimbursement of my monney,REFUND
i want to submit my new delivery address how do i do it,SHIPPING
how can i earn some of your article,ORDER
i have to check the withdrawal fee,CANCEL
help recovering my profile access key,ACCOUNT
what do i have to do to download my invoice,INVOICE
i do not know what to do to check the early exit fees,CANCEL
i want help to check how soon can i expect my order,DELIVERY
want help sending feedback for a product,FEEDBACK
i need assiustance reporting an issue with a registration,ACCOUNT
how do i create a standard account for my daughter,ACCOUNT
need assistance checking the bill,INVOICE
i dont know how to set a new shipping addrews up,SHIPPING
help me informof errors with online payment,PAYMENT
wanna add some articles to order,ORDER
how can i check when my bloody product is going to arrive,DELIVERY
i need help reporting errors with a signup,ACCOUNT
i have a question about opening standard accounts,ACCOUNT
how can i find information about my account removal,ACCOUNT
need to see order current stayus,ORDER
need to make an customer claim against ur business,FEEDBACK
where do i see the status of purchase,ORDER
change information on account,ACCOUNT
i want help removing my standard account,ACCOUNT
i need help closing a platinum account,ACCOUNT
can ya help me speak to customer service,CONTACT
see invoice from,INVOICE
where can i make a customer claim against your organization,FEEDBACK
i dont know how i can check your reimbursement policy,REFUND
help me opening a pro account for my fiance,ACCOUNT
i try to see how soon can i expect my shipment,DELIVERY
i need information about correcting purchase,ORDER
i need to see if there are any updates on my rebate,REFUND
io want assistance to leave a comment for a service,FEEDBACK
i need assistance downloading the invoice,INVOICE
where can i see order status,ORDER
i am trying to chat with someone,CONTACT
i cannot contact an assistant,CONTACT
wanna know more about correcting my shipping address,SHIPPING
help canceling my company fucking newsletter subscription,SUBSCRIPTION
i want to talk to a live agent,CONTACT
i need help to inform of errors with online payment,PAYMENT
help me unsubscribe from your newsletter,SUBSCRIPTION
can you help me report an error with payments,PAYMENT
i want help seeing what delivery options are there,DELIVERY
how to lodge a complaint against your organization,FEEDBACK
i want assistance to submit my feedback for a product,FEEDBACK
i need help to add a product to order,ORDER
how can i use the gold account,ACCOUNT
i have got to leave my feedback i need assistance,FEEDBACK
can you help me to inform of signup errors,ACCOUNT
i cannot remember my account pin i haved to reset it,ACCOUNT
i call to see when my product is going to arrive,DELIVERY
i dont know how i can unsubscribe from ur company newsletter,SUBSCRIPTION
i do not know what to do to check the shipping options,DELIVERY
checking invoice,INVOICE
i dont know what i need to do to cancel my standard account,ACCOUNT
can ya help me obtaining restitutions of my money,REFUND
need assistance seeing the payment methods,PAYMENT
i have to purchase several of your item,ORDER
could i check in what cases can i request reimbursements,REFUND
change to platinum acount,ACCOUNT
i need help with opening my account,ACCOUNT
modify order00004587345,ORDER
i need to track my compensation help me,REFUND
i dont know how to track my reimbursement,REFUND
is there a way to send my feedback,FEEDBACK
can i check in which situations can i ask to be refunded,REFUND
create premium account,ACCOUNT
help filing a cosnumer reclamation against ur company,FEEDBACK
have problems wth canceling purchase,ORDER
i want help checking in which cases can i ask for a refund,REFUND
i need help entering the shipping address,SHIPPING
i cant enter the secondary delivery address,SHIPPING
i want help to see the termination charges,CANCEL
where can i request refunds of my money,REFUND
can i send some feedback for a service,FEEDBACK
can ya help me to lodge a reclamatiom against ur company,FEEDBACK
changing info on account,ACCOUNT
do you deliver to,DELIVERY
i have to track my compensation can you help me,REFUND
i have to check how long it takes for my delivery to arrive,DELIVERY
how do i inform of payment provlems,PAYMENT
i do not know how to close the azccount,ACCOUNT
question about correcting purchase,ORDER
i aint registered i have to open a standard account with you,ACCOUNT
opening new freemium account,ACCOUNT
i have to use the standard account i need help,ACCOUNT
can i see order status,ORDER
i am trying to check your bloody reimbursement policy,REFUND
is it possible to shop some of your item,ORDER
need to check the early exit fees,CANCEL
assistance seeing my invoice,INVOICE
need support modifying the address,SHIPPING
i need assistance to talk with someone,CONTACT
want help seeing in which cases can i request a refund,REFUND
look for my damn bill from,INVOICE
assistance seeing the termination charge,CANCEL
i want to give a quick look at the invoice,INVOICE
check what hours i can get in touch with customer service,CONTACT
where to inform of an issue witha signup,ACCOUNT
i want to get in touch with customer service,CONTACT
i do not know what to do to make a claim against ur company,FEEDBACK
asking for reimbursement of money,REFUND
where can i notify of troubles with payment,PAYMENT
uhave a way to send a reivew,FEEDBACK
can you help me talking to customer service,CONTACT
i want help changing an item of order,ORDER
i cannot remove some products from purchase,ORDER
you are not helpful i need help chatting with an assistant,CONTACT
where do i create a account,ACCOUNT
how to see the current status of the rebate,REFUND
help to lodge a complaint,FEEDBACK
i do not know what i need to do to inform of signup erors,ACCOUNT
help me requesting compensations,REFUND
how to correct some of the details on my user profile,ACCOUNT
help to correct purchase,ORDER
i need assistance to change to the account,ACCOUNT
i am looking for information about a forgotten key,ACCOUNT
im trying to set up another shipping address,SHIPPING
reporting issue with payment,PAYMENT
rebate dollarx,REFUND
i have got to demand fucking reimbursements,REFUND
problem with standard account terminations,ACCOUNT
i have got to use the standard profile i need help,ACCOUNT
i dont know how i can inform of a error with online payments,PAYMENT
i try to check at what time i can call customer service,CONTACT
help me to lodge a complaint against your business,FEEDBACK
i want assistance to check how long refunds usually take,REFUND
where to ask for a rebate of my money,REFUND
i need assistance checking the early termination charges,CANCEL
i try to report errors with payment,PAYMENT
list payment emthods,PAYMENT
i cannot set up my shipping address,SHIPPING
help me see in what cases can i reuest my money back,REFUND
how to check the allowed payment methods,PAYMENT
i need help writing an opinion for a service,FEEDBACK
where do i check how soon can i expect the delivery,DELIVERY
need assistance to order some itemsx,ORDER
where do i see how soon can i expect my article,DELIVERY
i have to inform of a payment issue,PAYMENT
can you help me leave a comment about a service,FEEDBACK
i cannot find the bloody early termination penalty help me,CANCEL
could i talk to customer support,CONTACT
help talking with a live agent,CONTACT
i am trying to set a secondary shipping address up,SHIPPING
can ya tell me ur acepted payment modalities,PAYMENT
i want assistance to notify of an error with signup,ACCOUNT
correcting information on account,ACCOUNT
assistance retrieving the goddamn pin of my account,ACCOUNT
i have an issue setting the delivery address up,SHIPPING
is it possible to locate the bill,INVOICE
issue with registration,ACCOUNT
assistance to receive reimbursements,REFUND
i dont know what to do to call customer service,CONTACT
show me the withdrawal penalties,CANCEL
need assistance getting the invokce,INVOICE
i do not know what to do to chat with a live agent,CONTACT
can you show me what payment options are available,PAYMENT
ihave bought some damn product cancel order,ORDER
can you give me information about delivery periods,DELIVERY
i dont know what i have to do to open a premium account,ACCOUNT
need assistance with a address update,SHIPPING
i have problems with canceling purchase,ORDER
i need assistance to speak with a human agent,CONTACT
i need to check what shipping options you offer help me,DELIVERY
i need to swap an item of order,ORDER
assistance filing a consumer claim against your organization,FEEDBACK
what do i need to do to check the status of the restitution,REFUND
where can i find information about a lost pwd,ACCOUNT
help me seeing in what situations can i ask for a refund,REFUND
uhave a free number to talk to customer service,CONTACT
i have got to see your refund policy i need assistance,REFUND
assistance filing a claim against your organization,FEEDBACK
new gold account for wife,ACCOUNT
i dont know what i need to do to write a review,FEEDBACK
i have to see what hours i can reach customer support,CONTACT
updating platinum accojnt,ACCOUNT
you are not helpful at all help me contacting somebody,CONTACT
want assistance seeing your reimbursement policy,REFUND
i want help to check the early termination penalties,CANCEL
i paid for an item how could i get a bloody refund,REFUND
asxistance speaking with somebody,CONTACT
can you help me chatting with someone,CONTACT
problem with creating a gold account,ACCOUNT
how can i check the withdrawal charges,CANCEL
i wouls like to see your money back guarantee help me,REFUND
i dont know what i have to do to speak with an assistant,CONTACT
i do not know what to do to get invoice,INVOICE
i no longer use my account i need help removing it,ACCOUNT
i have an issue with my signup,ACCOUNT
i need assistance cancelling my standard account,ACCOUNT
i have a trouble trying to modify my shipping address,SHIPPING
i need help to check what shipment methods are available,DELIVERY
what is ur customer assistance phone number,CONTACT
anything new on my goddamn reimbursement,REFUND
how to check the eta of the order,ORDER
i need to cancel purchase,ORDER
i want help to speak to somebody,CONTACT
i have got to change purchase,ORDER
help em to report an issue with payment,PAYMENT
i have got to check how long the shipment takes,DELIVERY
want help seeing in what cases can i request my money back,REFUND
wanna make a customer claim against ur business,FEEDBACK
want assistance to see how long refunds usually take,REFUND
i need assistance to egt the invoice from,INVOICE
i want to inform of an error with signup,ACCOUNT
new bloody account for father,ACCOUNT
i do not know how to reset my profile key,ACCOUNT
help me set another delivery address up,SHIPPING
problems with a shipping address update,SHIPPING
can you help me to talk with an assistant,CONTACT
i dont know what i have to do to get invoice,INVOICE
could i see the goddamn available payment methods,PAYMENT
i do not know what i have to do to locate invoice,INVOICE
i do not know how i can swap an item of order,ORDER
i want astandard account could i open it,ACCOUNT
wanna contact an assistant,CONTACT
help with an address modification,SHIPPING
can you help me see purchase current status,ORDER
i do not know how i could chat with an agent,CONTACT
create new pro account for daughter,ACCOUNT
i dont know how to correct the data included on my account,ACCOUNT
i dont know what to do to check my inovice,INVOICE
help me receive your corporate newsletter,SUBSCRIPTION
do you have a free number to call cjstomer service,CONTACT
i do not know how to download invoice,INVOICE
i want to check order current status help me,ORDER
give me information about cancel the newsletter subscription,SUBSCRIPTION
where do i order several articles,ORDER
show ur money back guarantee,REFUND
deit purchase,ORDER
i cant pay for this item cancel order,ORDER
i need help to recover my usrr account pwd,ACCOUNT
how to modify order,ORDER
need help obtaining restitutions of my money,REFUND
want help to reset my user pass,ACCOUNT
do ya have an email address to contact customer support,CONTACT
have problems with canceling purchase,ORDER
need assistance entering the secondary shipping address,SHIPPING
how can i see the allowed payment methods,PAYMENT
where do i check the status of purchase,ORDER
i want help to check my bill fom,INVOICE
assistance to check what shipping options uoffer,DELIVERY
i want help to make a customer complaint,FEEDBACK
help me to see the termination chrages,CANCEL
i cannot switch to the premium account,ACCOUNT
i am looking for information about my key reset,ACCOUNT
i want to see when will my product arrive how can i do it,DELIVERY
i cannot sign up need helpto report signup problems,ACCOUNT
i lost my invoices from could ufind it for me,INVOICE
i no longer need my fucking pro account help me to remoe it,ACCOUNT
can you help me calling customer support,CONTACT
i need assistance to send feedback for your company,FEEDBACK
do you have a way to submit some feedback for your services,FEEDBACK
switch to thepremium account,ACCOUNT
i need help restoreing the pin of my user profile,ACCOUNT
assistance to request my money back,REFUND
how to update my shipping address,SHIPPING
i want to change to the freemium account can you help me,ACCOUNT
i want help to check purchase status,ORDER
im trying to correct the info included on my profile,ACCOUNT
i dont know how to see the early termination penalty,CANCEL
i cannot cancel my company newsletter subscription,SUBSCRIPTION
i cant find the bloody early exit fee could yahelp me,CANCEL
help unsubscribing to the corporate newsletter,SUBSCRIPTION
i dont know how i can list the allowed payment methods,PAYMENT
are there any withdrawal charges,CANCEL
how to see if there are any updates on the refund,REFUND
assistance trying to modify the address,SHIPPING
update data on platinum account,ACCOUNT
cancelling account,ACCOUNT
can you help me creating a standard account for my daughter,ACCOUNT
i have to see my restitution status how to do it,REFUND
i dont know how i could unsubscribe to the newsletter,SUBSCRIPTION
checking invoices from purchases ago,INVOICE
wanna send my feedback for ur services,FEEDBACK
how do i notify of a signup isse,ACCOUNT
i need information about a account cancellation,ACCOUNT
show me how long it usually takes for my product to arrive,DELIVERY
correct details on gold account,ACCOUNT
i do not know how i can see the early exit charges,CANCEL
how can i switch to the standard account,ACCOUNT
would it be possible to inform of a bloody payment error,PAYMENT
can you help me solve issues with payment,PAYMENT
editing details on freemium account,ACCOUNT
i am trying to see in which cases can i ask to be refunded,REFUND
i need to shop several of your article,ORDER
reporting issues with online payments,PAYMENT
i have to see in what cases can i ask for reimbursements,REFUND
i want assistance trying to correct the address,SHIPPING
can ya help me to change to the gold account,ACCOUNT
i have to receive the damn newsletter how to do it,SUBSCRIPTION
i need assistance seeing your available payment methods,PAYMENT
i do not know what to do to see the withdrawal penalties,CANCEL
i need to speak with customer support help me,CONTACT
how to submit another shipping address,SHIPPING
i want t update order,ORDER
can you tell me more about changing my address,SHIPPING
i need help to receive fucking compensations,REFUND
could you hlp me shopping some of your article,ORDER
want assistance to make a consumer claim against ur business,FEEDBACK
i do not know what i need to do to acquire several products,ORDER
i dont know what i have to do to speak to an operator,CONTACT
can i check the withdrawal penalty,CANCEL
assistance to unsubscribe from your company newsletter,SUBSCRIPTION
can ya help me to speak with customer assistance,CONTACT
how do i receive the corporate newsletter,SUBSCRIPTION
want assistance to check the goddamn bill from,INVOICE
can uhelp me check the bloody allowed paymentmethods,PAYMENT
the shipping address is njot valid what can i do,SHIPPING
help seeing the methods for delivery,DELIVERY
i need to switch a product of order,ORDER
want help to enter my secondary shipping address,SHIPPING
i do not know how i can check the status of my compensation,REFUND
help switching an article of order,ORDER
can uhelp me to see in which cases can i ask to be refunded,REFUND
in which cases can i ask for reimbursements,REFUND
how to correct my delivery address,SHIPPING
there are problems setting another shipping address up,SHIPPING
need help to check how soon can i expect my parcel,DELIVERY
how to see the status of the compensation,REFUND
i want assistance downloading the invoice,INVOICE
could i check how soon can i expect the damn product,DELIVERY
im trying to cancel the account,ACCOUNT
assistance talking to an assistant,CONTACT
will umail me the invoicce from,INVOICE
i dont want order,ORDER
i dont know what i have to do to see the rebate status,REFUND
how do i check order current status,ORDER
updating data on freemium account,ACCOUNT
checking invoice from,INVOICE
i need help making a claim against your organization,FEEDBACK
i dont know how i can cancel purchase,ORDER
can i see the early exit charge,CANCEL
i do not know how to subscribe to the newsletter,SUBSCRIPTION
is it possible to remove a standard account,ACCOUNT
where can i enter the new shipping address,SHIPPING
i cannot understand you i want to speak with a human agent,CONTACT
i need help to edit purchase,ORDER
i want help talking with a human agent,CONTACT
im waiting for a bloody compensation of,REFUND
modify gold accunt,ACCOUNT
i have to set up the delivery address,SHIPPING
give me information about the shippong periods,DELIVERY
watn help to change to the premium account,ACCOUNT
can you help me to see the shipping options,DELIVERY
i need to lodge a consumer claim against your business,FEEDBACK
i dont know how to write a review about a service,FEEDBACK
i cannot cancel my subscription ti your newsletter,SUBSCRIPTION
canceling gold account,ACCOUNT
want help to change something of order,ORDER
i want assistance to sign up to your corporate newsletter,SUBSCRIPTION
wannma speak to customer service how can i do it,CONTACT
can uhelp melocate order,ORDER
i want assistance to buy a few of ur article,ORDER
i try to reset my account access key,ACCOUNT
i need assistance to recover my user profile pin code,ACCOUNT
i paid for a product i want to obtain a fucking rebate,REFUND
how cab i find information about my key recovery,ACCOUNT
how tolodge a customer complaint,FEEDBACK
help to get bill,INVOICE
i have got to check how soon can i expect the package,DELIVERY
i need help to leave feedback,FEEDBACK
help doing a purchase,ORDER
how to see what shipment options are available,DELIVERY
i need help to obtain refunds of money,REFUND
i cant find bill send it to me,INVOICE
i have got to see my compensation current status,REFUND
need help ot check in what cases can i ask for refunds,REFUND
how do i check if there are any updates on the restitution,REFUND
tell me what hours i can reach customer service,CONTACT
i try to see what hours customer service aailable is,CONTACT
i have a problem with opening a account,ACCOUNT
can you help me list the payment modalities,PAYMENT
want assistance restoring my profile pin,ACCOUNT
can i report issues with signup,ACCOUNT
invalid shipping address,SHIPPING
how do i earn a few of ur product,ORDER
i want assistance seing the invoice from,INVOICE
i want assistance using the standard account,ACCOUNT
i have got to download the bill from help me,INVOICE
where to see if there are any updates on my restitution,REFUND
help checking the early exit charges,CANCEL
i am having an error trying to register,ACCOUNT
where do i open a standard account for my dad,ACCOUNT
i need assistance to notify of issues wih payment,PAYMENT
need to know if there are any updates on the ocmpensation,REFUND
i need to see purchase current status,ORDER
help me seeing how long refunds take,REFUND
i cant restore my user profile pin,ACCOUNT
how do i get my invoice,INVOICE
i have got to earn some of your article,ORDER
new bloody account for father,ACCOUNT
i paid for this purchase want help receiving a refund,REFUND
i have to check my restitution current status how to do it,REFUND
i have got to see in which situations can i ask for a refund,REFUND
i dont know what to do to write a comment about a product,FEEDBACK
i have errors submitting my enw delivery address,SHIPPING
can you help me to solve an issue with payment,PAYMENT
i do not know what to do to list ur payment modalities,PAYMENT
help me to restore my password,ACCOUNT
help me find bill,INVOICE
wanna see how long refunds take help me,REFUND
i have problems trying to update my address,SHIPPING
help me check at what time i can contact cuswtomer support,CONTACT
help with cancelling purchase,ORDER
need help to ask for restitutions of my money,REFUND
can you help me shopping some items,ORDER
i want to modify the information on my user help me,ACCOUNT
where do i check my last purchase estimated time of arrival,ORDER
where to see the early termination charges,CANCEL
i do not know what to do to cancel the account,ACCOUNT
my shipping address has changed how can i modify it,SHIPPING
help me see at what time i can call customer assistance,CONTACT
help me to create a account,ACCOUNT
how could i use the standard profile,ACCOUNT
need to check in what cases can i request to be refunded,REFUND
help entering a different shipping address,SHIPPING
open a platinum account,ACCOUNT
i try to add some goddamn products to purchase,ORDER
i dont know what i have to do to check invoice,INVOICE
how could ilook for the bills from,INVOICE
changing data on account,ACCOUNT
need help deleting something from purchase,ORDER
i do not know how i can remove the premium account,ACCOUNT
help me see in what situations can i request a refund,REFUND
i do not have a standard account assistance registering,ACCOUNT
payment issues,PAYMENT
check status of order,ORDER
i have to enter my new delivery address how to do it,SHIPPING
ineed assistance to see the withdrawal charges,CANCEL
i cannot understand anything you say contact an agent,CONTACT
i want help receiving the newsletter,SUBSCRIPTION
i have to see the withdrawal fees can you help me,CANCEL
i cant receive the company newsletter,SUBSCRIPTION
where can i lodge a customer reclaation against ur business,FEEDBACK
i dont know what to do to cancel order,ORDER
waht assistance changing the address,SHIPPING
assistance checking how soon can i expect the delivery,DELIVERY
the experience with ya was awful i have to lodge a claim,FEEDBACK
i do not know how to see the early exit penalty,CANCEL
i cannot create a user help informing of a signup problem,ACCOUNT
i need to check my reimbursement status will you help me,REFUND
i want help checking your payment options,PAYMENT
i want help tallking with a human agent,CONTACT
i have to retrieve the key of my user account,ACCOUNT
edit accont,ACCOUNT
i have issues trying to edit my delivery address,SHIPPING
i dont know what i have to do to report issues with payments,PAYMENT
uhave a mail address to get in touch with customer support,CONTACT
i dont know how i can get my invoice from,INVOICE
assistance to talk with someone,CONTACT
i need information about opening premium accounts,ACCOUNT
what do i have to d to remove the account,ACCOUNT
i try to see the status of my newsletter subscription,SUBSCRIPTION
showing me current status of purchase,ORDER
can i see the shipping options,DELIVERY
i do not know what i need to do to switch to the account,ACCOUNT
can ushow me in which situations can i ask for refunds,REFUND
how can i see the bill,INVOICE
what do i need to do to get in touch with customer support,CONTACT
where can i shop something,ORDER
i want help downloading the invoice,INVOICE
checking invoice,INVOICE
assistance to check what delivery methods are available,DELIVERY
how do i check the current status of order,ORDER
help me checking at what time i can reach customer support,CONTACT
where do i check the early exit fee,CANCEL
i cznt find the early termination penalties,CANCEL
i have to edit my account could i get some help,ACCOUNT
can uhelp me setting up my new shipping address,SHIPPING
i do not know what to do to obtain a restitution of money,REFUND
i am trying to submit feedback about a product,FEEDBACK
what is the early termination fee,CANCEL
could you help me to solve payment errors,PAYMENT
i want assistance to leave some feedback for ur company,FEEDBACK
where to create a account for my daughter,ACCOUNT
i want assistance seeing when my shipment is gonna arrive,DELIVERY
open a acocunt,ACCOUNT
i am calling to see the shipment options,DELIVERY
i do not know what to do to close my account,ACCOUNT
i do not know how i can notify of errors with payment,PAYMENT
removing standard acconut,ACCOUNT
check order current status,ORDER
i want assistance to report problems with online payments,PAYMENT
have a problem with tge pin code retrieval,ACCOUNT
switch to platinum account,ACCOUNT
i have got to set up a different shipping address,SHIPPING
i dont need my platinum account help cancelling it,ACCOUNT
there is an issue trying to update the address,SHIPPING
i do not know what i have to do to check my bill,INVOICE
check invoice,INVOICE
i need hdlp to submit my feedback for a product,FEEDBACK
help me adding several articles to purchase,ORDER
i dont know how to take a quick look at bill,INVOICE
can ya help me to open an platinum account,ACCOUNT
where to create a pro account,ACCOUNT
can you help me request an restitution of my money,REFUND
i want help to earn something,ORDER
showing refund status,REFUND
im trying to restore the pwd of my user,ACCOUNT
im trying to request my money back,REFUND
i want to receive the company newsletter how to do it,SUBSCRIPTION
help me inform of a problem with signup,ACCOUNT
wanna check uf refund policy,REFUND
where do i notify of issues with signup,ACCOUNT
purchase ststus,ORDER
i dont know how to inform of signup problems,ACCOUNT
help to purchase several of your item,ORDER
how do i lodge a consumer complaint,FEEDBACK
i need assistance to locate the bills from,INVOICE
assistance to shop some of ur article,ORDER
you arent helpful how can i chat wiuth someone,CONTACT
want helpo talking to customer assistance,CONTACT
help to modiy the address,SHIPPING
how can i see if there are any news on my rebate,REFUND
can you help me unsubscribing to the company newsletter,SUBSCRIPTION
i dont know how i could check purchase status,ORDER
need assistance talking to customer service,CONTACT
i want assistance checking how long refunds take,REFUND
i want help to see in which cases can i ask for refunds,REFUND
need to notify of an issue with registrations,ACCOUNT
need to receive the newsletter can ya help me,SUBSCRIPTION
i awnt assistance submitting feedback about ur company,FEEDBACK
i expect an rebate of dollars,REFUND
updating data on pro account,ACCOUNT
i do not know what i have to do to check my bill,INVOICE
wanna submit the new shipping address how do i do it,SHIPPING
change information on platinum account,ACCOUNT
i no longer want order i would like to cancel it,ORDER
how can i see what hours customer service available is,CONTACT
i dont know how to see the invoice,INVOICE
i dont know how to check when my parcel is going to arrive,DELIVERY
need assistance giving an quick look at the invoice,INVOICE
i have problems with the deletion of my account,ACCOUNT
can i notify of a problem with registrations,ACCOUNT
i need to leave a comment for your company,FEEDBACK
open a acocunt,ACCOUNT
i need assistance to delete the standard account,ACCOUNT
how could i edmand a refund of my money,REFUND
whaty do i need to do to check the invoice,INVOICE
i need help to see the early exit charrges,CANCEL
i do not know what i need to do to set up a delivery address,SHIPPING
help to talk with a fucking live agent,CONTACT
tell me about unsubscribing to ur newsletter,SUBSCRIPTION
can i reset the key of my user profile,ACCOUNT
help me to send my feedback,FEEDBACK
i need assistance to see what shipment options you offer,DELIVERY
i want help speaking to goddamn customer service,CONTACT
i do not know how to restore my account pin code,ACCOUNT
what do i need to do to see bill,INVOICE
i need assistance cancelling order,ORDER
where to give a quick look at the invoice,INVOICE
show me what shipping options you offer,DELIVERY
how do i notify of errors with payment,PAYMENT
i try to make a complaint,FEEDBACK
i call to write a comment about a service,FEEDBACK
what do i need to do to cancell a account,ACCOUNT
need help to see what shipment options i can choose,DELIVERY
can you help me check my restitution status,REFUND
i need help seeing purchase current status,ORDER
i do not know how i can buy a few of your article,ORDER
mail me bill,INVOICE
how can i create a standard account,ACCOUNT
i do not know what i need to do to check the payment options,PAYMENT
can i speak with an assistant,CONTACT
what is the customer service mail,CONTACT
can you help me to locate order,ORDER
where to download invoice,INVOICE
i need help sollving a trouble with payments,PAYMENT
could you show me what hours i can contact customer support,CONTACT
i do not know what to do to set up my new shipping address,SHIPPING
i need assistance signing up to your damn newsletter,SUBSCRIPTION
where do i find my invoices from,INVOICE
how to see bill,INVOICE
i dont know what to do to delete my platinum account,ACCOUNT
help me writing a comment for a service,FEEDBACK
my shipping address has changed i want to edit it,SHIPPING
i do not know what i have to do to look for my bill,INVOICE
id like to order some of ur article how coupd i do it,ORDER
i want assistance setting up my shipping address,SHIPPING
tell me about correcting the shipping address,SHIPPING
i need help checking in what cases can i ask for a refund,REFUND
i do not know what to do to cancel the standard account,ACCOUNT
is there a seection to send my feedback for ur services,FEEDBACK
i try to notify of troubles with online payment,PAYMENT
i need to request compensations,REFUND
what do i have to do to make a consumer claim,FEEDBACK
how to know if there is anything new on the rebate,REFUND
i need to make a damn consumer complaint how could i do it,FEEDBACK
i am trying to find information about my lost access key,ACCOUNT
filing claim against your business,FEEDBACK
could you help me to receive your newsletter,SUBSCRIPTION
wanna edit the data included on my user profile can uhelp me,ACCOUNT
i need help to look for bill,INVOICE
i want help to see if there are any news on the compensation,REFUND
tell me what hours i can call customer service,CONTACT
i have a trouble editing the address,SHIPPING
i want assistance reporting a prbolem with payment,PAYMENT
i do not know what i need to do to download my bill,INVOICE
i dont know how i can chat with someone,CONTACT
i want help adding some products to purchase,ORDER
i dont know how to make a consumer reclamation,FEEDBACK
im trying to see purchase current status,ORDER
have an question about the removal of my account,ACCOUNT
help touse the pro profile,ACCOUNT
i need information about opening a account,ACCOUNT
i cannot see the current status of order,ORDER
need to check how soon can i expect my product,DELIVERY
i am waiting for an restitution of dollars,REFUND
where do i shop several products,ORDER
whre do i inform of problems with signup,ACCOUNT
i cant sign up i want help to inform of signup issues,ACCOUNT
i want to lodge a consumer complaint against your company,FEEDBACK
where can i check the termination penalties,CANCEL
i have got to contact customer assistance,CONTACT
can you help me giving a quick look at my bill,INVOICE
need assistance setting up a shipping address,SHIPPING
help me lodge a consumer complaint against ur business,FEEDBACK
i try to cancel purchase,ORDER
want help seeing what hours ik can call customer service,CONTACT
can ya help me to switch to the standard account,ACCOUNT
how can i unsubscribe to the newsletter,SUBSCRIPTION
i try to order some of your article,ORDER
i have got to notify of aproblem with signup,ACCOUNT
i paid for this item want help to get a rebate,REFUND
where do i cancel my corporate newsletter subscription,SUBSCRIPTION
where can i lodge a fucking reclamation,FEEDBACK
tgell me more about a shipping address update,SHIPPING
i dont know how to retrieve my goddamn user pin code,ACCOUNT
where to reoprt errors with signup,ACCOUNT
help me checking what hours i can reach customer assistance,CONTACT
wanna know about canceling the newsletter subscription,SUBSCRIPTION
i need assistance entering a secondary shipping address,SHIPPING
help me to check what delivery methods i can choose,DELIVERY
i want to see in what cases can i ask to be reimbursed,REFUND
i want to leave my feedback for a product i need help,FEEDBACK
i have to check when will my item arrive i need assistance,DELIVERY
i dont know what i need to do to purchase some items,ORDER
i want to contact customer support could you help me,CONTACT
i need assistance listing ur accepted payment modalities,PAYMENT
want help to get a rebate of my money,REFUND
can i subscribe to the corporate newsletter,SUBSCRIPTION
i have to leave a fucking comment could i get some help,FEEDBACK
i cannot find anything about the termination penalties,CANCEL
i cannot remember my user account password help me reset it,ACCOUNT
i want assistance to contact an operator,CONTACT
creating new account,ACCOUNT
i want help to chat with a live agent,CONTACT
want assistance to lodge a claimn against ur organization,FEEDBACK
i cant open a rpofile want help notifying of a signup error,ACCOUNT
i do not know how to report problems with registrations,ACCOUNT
i cnt cancel my company newsletter subscription,SUBSCRIPTION
what do i have to do to talk with an operator,CONTACT
how to change something of order,ORDER
i dont know how i can report a problem with payments,PAYMENT
help me remove something from order,ORDER
assistance to check the early exit penalty,CANCEL
what do i have to do to unsubscribe to your newsletter,SUBSCRIPTION
i dont know what to do to see my reimbursement status,REFUND
i dont know how to notify of an error with a signup,ACCOUNT
can i see the payment options,PAYMENT
can you help me seeing the cancellation charge,CANCEL
i do not knwo how to see the payment methods,PAYMENT
i am trying to leave fewedback about a service,FEEDBACK
i cant notify of problems with a registration,ACCOUNT
need to submit my feedback for a service can uhelp me,FEEDBACK
i need to enter a secondary delivery address,SHIPPING
i dont know what i have to do to download my invoice,INVOICE
assistance to subscribe to ur newsletter,SUBSCRIPTION
seeing early exit penalty,CANCEL
can you help me create a freemium account,ACCOUNT
need assistance to take a quick look at the bill,INVOICE
i dont have a bloody standard account can i open one,ACCOUNT
i need help to make a complaint against your business,FEEDBACK
find information about editing the delivery address,SHIPPING
i need assistance to remove the platinum account,ACCOUNT
deleting something from order,ORDER
where do i receive the corporate newsletter,SUBSCRIPTION
what do i have to do to see my compensation current status,REFUND
i need help sending soke feedback about a product,FEEDBACK
i cannot create a account,ACCOUNT
i do not know what to do to correct the shipping address,SHIPPING
can you help me take a quick look at my invoice,INVOICE
change purchase,ORDER
can uhelp me check if there are any updates on the rebate,REFUND
want help to see in what situations can i ask to be refunded,REFUND
i dont know what i have to do to see the early exit fees,CANCEL
help me to check the termination fees,CANCEL
ik dont know how to submit the secondary shipping address,SHIPPING
i want assistance to notify of payment errors,PAYMENT
where to shop an item,ORDER
i need to reset my damn pin code,ACCOUNT
i need assistance checking the termination fee,CANCEL
i would like to correct order will you help me,ORDER
need help seeing your available payment option,PAYMENT
i dont need my damn standard account i have to remove it,ACCOUNT
what do i have to do to switch to the freemium account,ACCOUNT
cancelling purchase,ORDER
want assistance to report a payment problem,PAYMENT
help to check in which cases can i request my money back,REFUND
i cannot edit ym address,SHIPPING
i do not know how i can send some feedback for your company,FEEDBACK
i need help ordering several of your item,ORDER
notifying of errors creating profile,ACCOUNT
file complaint,FEEDBACK
can uhelp me to see the withdrawal fee,CANCEL
how long till i obtain my money back,REFUND
i do not understand you can you help me to contact someone,CONTACT
how to check the fucking early termination charge,CANCEL
modifying ingormation on account,ACCOUNT
i want help informing of errors with a registration,ACCOUNT
i have got to locate my invoice from,INVOICE
i do not know what i need to do to download invoice,INVOICE
how to enter another shipping address,SHIPPING
can ya help me to get my bills from,INVOICE
see how long refunds usually take,REFUND
create gold account for wife,ACCOUNT
could you help me set up the new shipping address,SHIPPING
i paid for a product help me get a fucking rebate,REFUND
assistance to file a claim,FEEDBACK
i dont know what to do to change to the pro account,ACCOUNT
i dont understand ucould i contact a bloody live aent,CONTACT
i have got to demand a reimbursement,REFUND
i do not know how i can receive ur corporate newsletter,SUBSCRIPTION
i cant change to the damn platinum account,ACCOUNT
want assistance to open a standard account,ACCOUNT
i cant subscribe to the damn company newsletter,SUBSCRIPTION
i need assistance to solve a problem with payment,PAYMENT
need help to modify the details included on my profile,ACCOUNT
i have to see when will my product arrive how to do it,DELIVERY
swap several items of order,ORDER
need assistance to check in what cases can i ask for refunds,REFUND
file reclamation against your organization,FEEDBACK
help to receive your newslettyer,SUBSCRIPTION
how do i retrieve the access key of my user account,ACCOUNT
im waiting for a rebate of dollars,REFUND
correct information on standardaccount,ACCOUNT
i want assistance downloading my invoices from,INVOICE
i have to report a problem with a registration,ACCOUNT
help solving issues with online payments,PAYMENT
getting invoices,INVOICE
help to swap a product of order,ORDER
where to find my invoices from,INVOICE
i have to check in what cases can i ask for refunds,REFUND
is it possible to recover my profile pin code,ACCOUNT
i dont know what to do to speak to customer support,CONTACT
can uhelp me change the data on my profile,ACCOUNT
i have got to leave some feedback for your products help me,FEEDBACK
i have got to check the early exit pnalty,CANCEL
i need to see what hours i can contact customer support,CONTACT
assistance using the profile,ACCOUNT
i have to give a quick look at the invoice,INVOICE
i have to see how long refunds take,REFUND
i want assistance editing purchase,ORDER
i want help seeing how soon can i expect my shipment,DELIVERY
could you help me to see what payment methods are accepted,PAYMENT
changing information on freemium account,ACCOUNT
i have got to check what shipment methods uoffer help me,DELIVERY
i try to correct order,ORDER
how do i demand refunds of my money,REFUND
how to check the early termination penalty,CANCEL
i want to see what shipment options i can choose help me,DELIVERY
i have toget invoice can ya help me,INVOICE
where to see when my shipment is going to arrive,DELIVERY
modify information on platinum account,ACCOUNT
assistance to report a problem with payments,PAYMENT
where can i give a quick look at my bill,INVOICE
what do i need to do to notify of an issue with a signup,ACCOUNT
i want to order several articles could you help me,ORDER
i expect a damn restitution of,REFUND
i dont know how i could remove the platinum account,ACCOUNT
help filing a consumer complaint against your organization,FEEDBACK
can ya help me change my address,SHIPPING
i am trying to report errors with payments,PAYMENT
i call to write an opinion for a service,FEEDBACK
i have got to talk with customer support i need assistance,CONTACT
want help seeing the current status of my reimbursement,REFUND
help me solving troubles with payments,PAYMENT
editing data on gold account,ACCOUNT
i want to check the fucking withdrawal fee how can i do it,CANCEL
i try to unsubscribe to ur companu newsletter,SUBSCRIPTION
order 00004587345current status,ORDER
i try to submit my damn feedback for your company,FEEDBACK
i dont know what i need to do to change to the gold account,ACCOUNT
i am trying to leave feedback for a service,FEEDBACK
i have to swap some products of purchase,ORDER
where do i report an error with online payment,PAYMENT
i would like to send my feedback for a product help me,FEEDBACK
is it possible to cancel order,ORDER
eta of ordr,ORDER
cancelling freemium account,ACCOUNT
i want assistance to change my delivery address,SHIPPING
i have to add an item to purchase,ORDER
ned to locate order how could i do it,ORDER
update information on premium account,ACCOUNT
how can i purchase some of your article,ORDER
need to use the freemium profile can ya help me,ACCOUNT
how can i talk with an human agent,CONTACT
can you help me report fucking errors with payment,PAYMENT
change to the freemium account,ACCOUNT
i do not know how to ask for a restitution of my money,REFUND
i expect a restitution of,REFUND
i want assistance to subscribe to your company newsletter,SUBSCRIPTION
i want assistance leaving some feedback for your services,FEEDBACK
want help seeing thecancellation fees,CANCEL
i want to know more about editing my shipping address,SHIPPING
where can i see the damn eta of the purchase,ORDER
what do i need to do to receive refunds,REFUND
i am calling to see when will my product arirve,DELIVERY
i need help seeing the bills from,INVOICE
i would like to know about a delivery address modification,SHIPPING
i want to inform of a problem with online payments help me,PAYMENT
need help talking with an operator,CONTACT
what do i have to do to download the invoice,INVOICE
i have to report problems with payment,PAYMENT
how can i find my bill from,INVOICE
help me making a reclamation,FEEDBACK
can you give me information about the damn shipment options,DELIVERY
would it be possible to get my invoices from,INVOICE
i want assistance purcahsing a few of your item,ORDER
where do i inform of errors with payment,PAYMENT
i dont know what i need to do to download my invoice,INVOICE
need assistance to restore my user account pin code,ACCOUNT
i dont know what i have to do to reset my user account ppwd,ACCOUNT
i cannot create a platinum account for my daughter,ACCOUNT
how can i reset my profile pass,ACCOUNT
i canttalk to a human agent,CONTACT
i have troubles correcting my address,SHIPPING
can uhelp me check when my order is gonna arrive,DELIVERY
help talking with an agent,CONTACT
assistance to ujnsubscribe to ur newsletter,SUBSCRIPTION
how to reset my profile pin,ACCOUNT
where do i see the eta of the order,ORDER
need assistance to talk to someone,CONTACT
change info on gold account,ACCOUNT
want help shopping several items,ORDER
i do not know what i need to do to retrieve my user pass,ACCOUNT
lodge consumer reclamation,FEEDBACK
where do i see what methods for delivery are there,DELIVERY
could you help me to delete something,ORDER
how do i cancel my corporate newsletter subscription,SUBSCRIPTION
i dont know how i can see the termination charges,CANCEL
i do not know what to do to download the invoice,INVOICE
help me to see what payment payment modalities are allowed,PAYMENT
i need asisstance unsubscribing from your newsletter,SUBSCRIPTION
i dont know what to doto check ur money back policy,REFUND
help to swap something of order,ORDER
i need assistance checking the early termintaion fees,CANCEL
i do not know how to see your accepted payment modalities,PAYMENT
modifying details on account,ACCOUNT
lodging consumer complaint against ur business,FEEDBACK
i need assistance to repor errors with online payments,PAYMENT
hw can i modify purchase,ORDER
how to see if there is anything wrong with my compensation,REFUND
need to inform of a signup error,ACCOUNT
do you have a section to send a review about your services,FEEDBACK
i cant afford purchase could you cancel it,ORDER
i want to see at what time i can call customer service,CONTACT
i do not know what to do to set my shipping address up,SHIPPING
can you help me find trhe bills from,INVOICE
want help canceling the subscription to the newslettef,SUBSCRIPTION
there is an error trying to update the address,SHIPPING
what do i need to do to make a consumer complaint,FEEDBACK
can you help me to notify of issues with online payment,PAYMENT
help me to open a account,ACCOUNT
i do not know what to do to see the eta of order,ORDER
i have to check what shipping options i have i need help,DELIVERY
information about cancel the sbscription to the newsletter,SUBSCRIPTION
i have a question about the lost pass,ACCOUNT
checkbill,INVOICE
i cannot inform of an issue with signup,ACCOUNT
i try to see your payment options,PAYMENT
i want assistance to see how soon can i expect my purchase,DELIVERY
i expect a rebate of dollars was it processed already,REFUND
you arent helpful at all how could i contact someone,CONTACT
i cannot sign up help me reporting signup errors,ACCOUNT
open new account for daughter,ACCOUNT
i do not know how to check the status of the compensation,REFUND
could ya help me cancel the account,ACCOUNT
how can i update the delivery address,SHIPPING
how do i see how long it takes for my bloody item to arrive,DELIVERY
i want to check what shipment methods you offer,DELIVERY
what do i have to do to downlpoad my bill,INVOICE
will ya show me how long the shipping takes,DELIVERY
what do i need to do to file a consumer claim,FEEDBACK
could i know if there is anything new on my compensation,REFUND
how to earn some articles,ORDER
i need to unsubscribe from the fucking newsletter help me,SUBSCRIPTION
wanna inform of issues with payment,PAYMENT
i try to see ur reimbursement policy,REFUND
need assistance demanding my money back,REFUND
check payment options,PAYMENT
i do not know how i can unubscribe to the newsletter,SUBSCRIPTION
i do not know how i can report an error with registrations,ACCOUNT
i have to use the bloody profile can you help me,ACCOUNT
edting info on premium account,ACCOUNT
i have an issue changing my shipping address,SHIPPING
i have got to see what payment options you accept,PAYMENT
how to swap some goddamn articles of order,ORDER
i want to cancel my subscription to your newsletter help me,SUBSCRIPTION
see order cuurrent status,ORDER
ya have an section to leave my feedback about ur company,FEEDBACK
help seeing in what cases can i request to be refudned,REFUND
help changing my delivery address,SHIPPING
checking invoices from last month,INVOICE
can you help me check the termination charge,CANCEL
need assistance locating purchase,ORDER
how to leave an opinion about ur products,FEEDBACK
could i retrieve my user account password,ACCOUNT
how to talk to an assistant,CONTACT
help to see thje eta of purchase,ORDER
i do not know what i need to do to request rebates,REFUND
i do not know what to do to shop several of ur item,ORDER
ehlp checking your allowed payment options,PAYMENT
i want assistance to report signup issues,ACCOUNT
i want help to see the termination penalty,CANCEL
restore the password of my user profile,ACCOUNT
were to sign up to the newsletter,SUBSCRIPTION
i have to inform of damn problems with payment,PAYMENT
i need to give a quick look at invoice help me,INVOICE
i do not know what to do to reset the password of my profile,ACCOUNT
how to request reimbursements of my money,REFUND
what do i have to do to see what delivery methods i have,DELIVERY
help me to purchase some of your article,ORDER
i want help to close my accouny,ACCOUNT
i want to check what hours i can reach customer support,CONTACT
where to obtain rebates of my money,REFUND
where do i receive a compensation of moneyh,REFUND
where could i see what payment options you accept,PAYMENT
i cannot change to the standard account,ACCOUNT
i have to see in which cases can i request reimbursements,REFUND
how can i cancel a platinum account,ACCOUNT
i dont know how to list the payment methods,PAYMENT
i am waiting for a reimburswment of,REFUND
i need help informing of a trouble with payment,PAYMENT
help me using the pro profile,ACCOUNT
is it possible to report problems with signup,ACCOUNT
i cant swap some items of purchase,ORDER
i want assistance checking purchase status,ORDER
help to delete something from order,ORDER
hwere to see the eta of the order,ORDER
i have to send my feedback about your company help me,FEEDBACK
need assistance to create a standard account for my fiance,ACCOUNT
wanna correct the personal information,ACCOUNT
where can i get information about lost pin,ACCOUNT
could you help me unsubscribe from your bloody newsletter,SUBSCRIPTION
help to send some feedback for a product,FEEDBACK
i have to submit my damn secondary delivery address help me,SHIPPING
can you help me to recover my pin code,ACCOUNT
can i submit a fucking new shipping address,SHIPPING
i do not know what to do to switch to the account,ACCOUNT
i want help seeing your reimbursement policy,REFUND
what do i have to do to check the refund status,REFUND
i have troubles trying to change my shipping address,SHIPPING
need help to switch several articles of purchase,ORDER
i try to see when will my product arrive,DELIVERY
help to give a quick look at my invoices from,INVOICE
i want help to update order,ORDER
i want help to set a different shipping address up,SHIPPING
i cant check ur moeny back guarantee,REFUND
seeing bills from,INVOICE
look for bills from,INVOICE
how do i contact someone,CONTACT
can you help me writing a review for your company,FEEDBACK
what do i need to do to contact an agent,CONTACT
the delivery addrses isnt valid can i get some help,SHIPPING
i want to open a account,ACCOUNT
assistance to give a quick look at the bill,INVOICE
needto locate order how can i do it,ORDER
i need help to look for the bill,INVOICE
what do i have to do to notify of a registration problem,ACCOUNT
im trying to check the status of my compensation,REFUND
assistance seeingur payment methods,PAYMENT
i expect a refund of dollars has it been processed,REFUND
will you show me the accepted payment options,PAYMENT
i want help to set a delivery address up,SHIPPING
could you help me talking with customer assistance,CONTACT
subscribe to company newsletter,SUBSCRIPTION
i have to leave a comment i need assistance,FEEDBACK
can you show me the withdrawal fee,CANCEL
could i open a goddamn standard account for mh mom,ACCOUNT
i need help speaking to an agent,CONTACT
editting details on premium account,ACCOUNT
need help to see the status of my refund,REFUND
i try to see in what cases can i ask for my damn money back,REFUND
i dont want this article cancel order,ORDER
i have to check what shipment options uoffer,DELIVERY
i cannot notify of a problem with a signup,ACCOUNT
want assistance reporting a signup issue,ACCOUNT
i dont know what to do to seak to a person,CONTACT
i do not know what i have to do to downloadthe bill,INVOICE
how can i check ur money back guarantee,REFUND
help me checking the accepted payment options,PAYMENT
can i look for bill,INVOICE
help cancelling my corporate newslettersubscription,SUBSCRIPTION
is it possible to list ur accepted payment modalities,PAYMENT
what is the delivery period for this parcel,DELIVERY
i want help to send feedback for ur services,FEEDBACK
i want to submit feedback about a product how to do it,FEEDBACK
i need help to add several articles to order,ORDER
can ya show me the payment methods,PAYMENT
how do i report a problem with payments,PAYMENT
i cannot track my restitution,REFUND
change to freemium acount,ACCOUNT
i dont know how i could notify of a problem with a signup,ACCOUNT
will you show me the early exit charges,CANCEL
notifying of issue creating user account,ACCOUNT
need assistance using the profile,ACCOUNT
deleting freemium account,ACCOUNT
wanna add some products to order,ORDER
would it be possible to call customer assistance,CONTACT
i have to list the payment options will you help me,PAYMENT
i need assistance checking the status of the restitution,REFUND
is it possible to give a quick look at the bill,INVOICE
help me cancel the account,ACCOUNT
can i see what methods for delivery i can choose,DELIVERY
i need assistance changing to the account,ACCOUNT
wanna check ur money back guarantee how can i do it,REFUND
i paid for these items where can i receive a refund,REFUND
can you help me to see how soon can i expect the delivery,DELIVERY
how could i edit my damn user,ACCOUNT
want help to check my reimbursement current status,REFUND
need help to speqk with an operator,CONTACT
i need assistance editing the information on my user,ACCOUNT
i need assistance to check ur available payment modalities,PAYMENT
how could i report trfoubles with payment,PAYMENT
how do i acquire several of your item,ORDER
leave review,FEEDBACK
i dont know what to do to recover my account key,ACCOUNT
how to see ur allowed payment modalities,PAYMENT
i dont know what i need to do to buy some articles,ORDER
i need help seeing purchase status,ORDER
help me to enter my new delivery address,SHIPPING
i have to see in which cases can i request my money back,REFUND
check invoice,INVOICE
help me to unsubscribe to your newsletter,SUBSCRIPTION
i have got to see in what cases can i ask for a refund,REFUND
i dont know what i have to do to remove a damn gold account,ACCOUNT
i want to report a signup error,ACCOUNT
i cannot open an account how to inform of signup errors,ACCOUNT
i want to inform of issues with bloody signup,ACCOUNT
where do i track the refund,REFUND
i want help to see when will my packag arrive,DELIVERY
help to remove several articles from purchase,ORDER
i need to lodge a customer claim against your business,FEEDBACK
assistance to remove an item from order,ORDER
i need help downloading the bill,INVOICE
updaing info on account,ACCOUNT
i am trying to report bloody troubles with payment,PAYMENT
what do i need to do to get my last bills,INVOICE
can you help me seeing the termination fees,CANCEL
i dont know what i have to do to see the early exit fee,CANCEL
can ya direct to me an agent,CONTACT
i have an issue setting the secondary delivery address up,SHIPPING
i need hnelp to solve a trouble with online payment,PAYMENT
i have a question about creating a account,ACCOUNT
i have entered a wrong fucking delivery address correct it,SHIPPING
i need help notifying of registration issues,ACCOUNT
need assistance leaving some feedback about your products,FEEDBACK
is it possible to see in what cases can i request refunds,REFUND
i want to know more about creating a standard account,ACCOUNT
need assistance downloading the bills from,INVOICE
i need to make a claim against your company,FEEDBACK
show me in which situations can i request my money back,REFUND
information about the cancellation of my account,ACCOUNT
change to the account,ACCOUNT
what do i need to do to change to the pro account,ACCOUNT
open gold cacount for wife,ACCOUNT
correcting information on freemium account,ACCOUNT
i do not know what i need to do to hsop several articles,ORDER
wanna switch to th account could uhelp me,ACCOUNT
where to order several of your product,ORDER
where to recover the pin of my user,ACCOUNT
i need help making a claim against your business,FEEDBACK
would it be possible to see how long reimbursements take,REFUND
i cant unsubscribe from ur corporate newsletter,SUBSCRIPTION
i have to resdet my user pin code,ACCOUNT
information about the subscription to the newsletter,SUBSCRIPTION
i want assistance locating my invoices from,INVOICE
can uhelp me checking the eta of order,ORDER
i aint registered i have got to open a account,ACCOUNT
i need help to close a account,ACCOUNT
help me check the status of my reimbursement,REFUND
assistance to know if there are any news on my refund,REFUND
i need help to see what hours customer support azvailable is,CONTACT
new platinum account for wife,ACCOUNT
i do not know how i could locate my bill from,INVOICE
i am trying to find information about opening a account,ACCOUNT
how can i leave my feedback for ur company,FEEDBACK
help me filing a complaint,FEEDBACK
could i see in what cases can i ask for a refund,REFUND
i dont know what to do to remove my account,ACCOUNT
want help opening a premium account for my daughter,ACCOUNT
i have got to check the available payment options,PAYMENT
could you help me to sign up to the corporate newsletter,SUBSCRIPTION
need to change several proucts of order,ORDER
assistance with canceling oreder,ORDER
create standard account,ACCOUNT
modifying details on standard account,ACCOUNT
wanna check how long it takes for my delivery to arrive,DELIVERY
help me checking in which cases can i request reimbursements,REFUND
i need assistance seeing the cancellaion penalty,CANCEL
i canr pay can ya help me report issues with online payment,PAYMENT
is it possible to cancel my newsletter subscription,SUBSCRIPTION
i have a question about thepayments,PAYMENT
create gold account,ACCOUNT
want assistance writing a review,FEEDBACK
i want help odering some articles,ORDER
i want help to change the info on my user,ACCOUNT
problems submitting a delivery address,SHIPPING
i have to download the bill from,INVOICE
i need help with adding a producft to order,ORDER
the payment failed i want to notify of issues,PAYMENT
i cannot sign up inform of signup problems,ACCOUNT
correct data on standard account,ACCOUNT
i need to make a customer reclamation against your business,FEEDBACK
i need help lodging a consumer claim,FEEDBACK
i dont know what to do to look for the invoice,INVOICE
i cant sign up id ilke to inform of a bloody signup problem,ACCOUNT
i want assistance solving a trouble with payments,PAYMENT
can you help me sdeing the early exit penalties,CANCEL
i have to chat with a huamn agent,CONTACT
im trying to open a account,ACCOUNT
what do i need to do to download my bill,INVOICE
unsubscribe from your company newsletter,SUBSCRIPTION
i want help checking when my purchase is going to arrive,DELIVERY
i want assistance to delete the account,ACCOUNT
help me see how long it takes for my article to arrive,DELIVERY
can ya help me to inform of errors with signup,ACCOUNT
how do i make a consumer claim against your business,FEEDBACK
i want help to check my damn invoice from,INVOICE
i have to enter a different delivery address,SHIPPING
uhave an address to leave feedback about ur company,FEEDBACK
help to make a customer complaint,FEEDBACK
see in which situations can i ask for a reimbursement,REFUND
are charges for services reimbursable,REFUND
edit details on platinum account,ACCOUNT
need to speak with somebody,CONTACT
i need to see the eta of purchase00123842,ORDER
i want tobuy an article,ORDER
i cannot talk with somebody,CONTACT
create new account,ACCOUNT
how to get invoice,INVOICE
help me to modify my account,ACCOUNT
can you help me deleting my account,ACCOUNT
i have to see the early exit penalties,CANCEL
how to notify of registration issues,ACCOUNT
help me sending my feedback aboutt your services,FEEDBACK
need assistance to notify of issues with online payment,PAYMENT
i have to see the status of my reimbursement i need help,REFUND
talk with customer service,CONTACT
i have to check in what cases can i ask for a reimbursement,REFUND
i need to see what hours i can contact customer service,CONTACT
i cant pay for purchase,ORDER
i need assistance entering my secondary shipping address,SHIPPING
need help to send some feedback about a product,FEEDBACK
need to create an standard account,ACCOUNT
how to correct my user data,ACCOUNT
is it possible to check ur allowed payment modalities,PAYMENT
i do not know how i can change to the platinum account,ACCOUNT
find information about the shipment methods,DELIVERY
where can i inform of an issue with an signup,ACCOUNT
i need to check at what time i can reach customer assistance,CONTACT
editting details on account,ACCOUNT
could ya help me to check the termination fee,CANCEL
i cant inform of signup errors,ACCOUNT
i have to talk to customer support i need help,CONTACT
help me checking the withdrawal fees,CANCEL
would it be possibl to place a goddamn order from,DELIVERY
help me get in touch with customer support,CONTACT
how can i receive the newsletter,SUBSCRIPTION
help me to use the premium profile,ACCOUNT
ya have an address to submit my feedback for ur products,FEEDBACK
i do not know how i can see the current status of my refund,REFUND
i expect a reimbursement of,REFUND
need to infomr of an error with registrations,ACCOUNT
i need assistance seeing the invoice,INVOICE
do you have an address to submita review for your products,FEEDBACK
i am trying to cancel a freemium account,ACCOUNT
can you show me what methods for delivery i have,DELIVERY
removing gold acconut,ACCOUNT
i want ot retrieve the access key of my user account,ACCOUNT
help me to check your reimbursement policy,REFUND
i want to inform of problems with a signup,ACCOUNT
what do i need to do to change my delivery address,SHIPPING
switch something of order,ORDER
i awnt help restoring my pass,ACCOUNT
need help to modify the shipping address,SHIPPING
help correcting order,ORDER
i have got to see trhe withdrawal charge can i get some help,CANCEL
i cant make transfers help to inform of a payment issue,PAYMENT
i can no longer arford purchase,ORDER
i need assistance to make a complaint against your company,FEEDBACK
i have to lodge a consumer claim against ur ocmpany,FEEDBACK
i do not know how i can shop a product,ORDER
i dont know how i can see the termination fee,CANCEL
i need to notify of troubles with payment,PAYMENT
deliveryaddress issue,SHIPPING
show the available shipment methods,DELIVERY
can you helpme opening a account,ACCOUNT
i dont know how i can set the new shipping address up,SHIPPING
i have got to set the new deliver address up how do i do it,SHIPPING
i am tryinng to create a account,ACCOUNT
i want informatoin about the cancellation of my account,ACCOUNT
i need assistance to locate my invoices from,INVOICE
i need to see your available payment methods how to do it,PAYMENT
support submitting a new delivery address,SHIPPING
can you help me editing the damn data on my user,ACCOUNT
i want to see how soon can i expect my damn order help me,DELIVERY
i need help to report an issue with signup,ACCOUNT
i need to report payment issues,PAYMENT
need help seeing the termination chaeges,CANCEL
i wajt help modifying the shipping address,SHIPPING
is it possible to report errors with payments,PAYMENT
i try to switch to the account,ACCOUNT
can you help me obtaining a reimbursement of money,REFUND
i am trying to see how soon can i expect the shipment,DELIVERY
wanna see the fucking withdrawal charges how can i do it,CANCEL
i aint registered yet can i open a fucking user profile,ACCOUNT
want assistance to edit the damn details on my user,ACCOUNT
help me leaving feedback for ur company,FEEDBACK
can you help me restore my profile pass,ACCOUNT
help to lodge a customer claim against your business,FEEDBACK
i want help informing of a signup problem,ACCOUNT
edit information on platinum account,ACCOUNT
i have to talk to an assistant help me,CONTACT
want assistance leaving some feedback about a service,FEEDBACK
how do i subscribe to your company newsletter,SUBSCRIPTION
i have got to see in which cases can i request my money back,REFUND
how to inform of a payment error,PAYMENT
talk to customer service,CONTACT
how can i update my bloody address,SHIPPING
help me seeing what payment options are available,PAYMENT
i have lost my profile access key where can i recover it,ACCOUNT
i am trying to order several of your item,ORDER
i do not know how i can look for the invoice from,INVOICE
i want to check your money back guarantee i need help,REFUND
assistance correcting the damn data on my user account,ACCOUNT
problem with changing purchase,ORDER
could you help me sign up to the corporate newsletter,SUBSCRIPTION
i need to enter another shipping address,SHIPPING
lodging consumer complaint against your business,FEEDBACK
assistance seeing the refund current status,REFUND
i need help checking in what cases can i ask to be refunded,REFUND
seeing available payment methods,PAYMENT
i lost my invoices from show them to me,INVOICE
i do not want the item i purchased can i cancel the order,ORDER
i cant add an article to order,ORDER
i lost bill mail it to me,INVOICE
i dont know how to leave a review for your products,FEEDBACK
what do i need to do to chcek when will my article arrive,DELIVERY
will you tell me what hours i can contact customer support,CONTACT
im waiting for a reimbursement of 1499dollars,REFUND
what do i need to do to download the bill,INVOICE
i am trying to chat with somebody,CONTACT
could you help me buying several articles,ORDER
i dont know what to do to remove the premium account,ACCOUNT
i need help to submit my feedback for a service,FEEDBACK
how can i inform of a trouble with payments,PAYMENT
i need assistance to report isues with a signup,ACCOUNT
use premium account,ACCOUNT
where do i check what hours i can call customer service,CONTACT
need to file a complaint against ur company,FEEDBACK
i do not know how i could send my feedback about a product,FEEDBACK
is it possible to check the eta oif order,ORDER
i want support trying to modify the address,SHIPPING
how do i edit purchase,ORDER
i dont know how i could reset the pin of my profile,ACCOUNT
could i order feom,DELIVERY
is it possible to see when will my article arrive,DELIVERY
i need help with cancelling purchase,ORDER
have problems with the removal of a account,ACCOUNT
chek order status,ORDER
i cant modify order,ORDER
i try to see what shipping options i have,DELIVERY
i want help to notify of a registration error,ACCOUNT
i need help checking your available payment methods,PAYMENT
i do not know how i can speak to customer support,CONTACT
report payment problems,PAYMENT
i do nt know how i could set a different delivery address up,SHIPPING
i do not know what i have to do to download the bill,INVOICE
i have to check the status of my compensation i need help,REFUND
help to check how soon can i expect the package,DELIVERY
i want help filing a damn customer claim against ur business,FEEDBACK
assistance seeing the methods for shipping,DELIVERY
updating premium account,ACCOUNT
need to see in what cases can i request to be reimbursed,REFUND
i do not know how to check what delivery methods are there,DELIVERY
help to check how soon can i expect my shipment,DELIVERY
i do not know how i can get a restitution of my money,REFUND
could ya help me get my goddamn invoice from,INVOICE
deleter a product from purchase,ORDER
could i unsubscribe to your corporate newsletter,SUBSCRIPTION
i need assistance to enter a secondary shipping address,SHIPPING
i have a trouble entering a goddamn shipping address,SHIPPING
can you help me to speak with an agent,CONTACT
im calling to lodge a claim against ur organization,FEEDBACK
i dont know how i colud cancel order,ORDER
assistance to speak to someone,CONTACT
can you tell me more about correcting the shipping address,SHIPPING
i want help byying some bloody products,ORDER
where do i see how long it takes for the item to arrive,DELIVERY
need to delete several items from order,ORDER
help adding several products to purchase,ORDER
help me change to the platinum account,ACCOUNT
i dont know what to do to track my rebate,REFUND
i need to set a secondary delivery address up help me,SHIPPING
i cannot understand you i want to speak to a person,CONTACT
can you help me resetting my user account key,ACCOUNT
where to take a quick look at my invoice,INVOICE
have problems with cancelling purchase,ORDER
need help to make a complaint against your organization,FEEDBACK
where to demand reimbursements of money,REFUND
help to check how soon can i expect the item,DELIVERY
i want assistance deleting a account,ACCOUNT
wanna know about the company newsletter subscription,SUBSCRIPTION
i need to see how soon can i expect my damn order help me,DELIVERY
i have got to see your payment modalities will you help me,PAYMENT
help me making a customer complaint,FEEDBACK
i forgot my user profile pin could i recover it,ACCOUNT
i want help trying to change the address,SHIPPING
close account,ACCOUNT
want assistance to buy some of ur artikcle,ORDER
i want help checking the withdrawal penalty,CANCEL
i want help canceling purchase,ORDER
can uhelp me download the invoice from,INVOICE
i cant afford order could you cancel it,ORDER
want assistance solving an damn payment error,PAYMENT
i cant restore my user account access key,ACCOUNT
how to see the termination penalty,CANCEL
i want to see in what cases can iask to be refunded,REFUND
i have troubles submitting a new shipping address,SHIPPING
i am calling to lodge a customer claim against your company,FEEDBACK
i want assistance updating the shipping address,SHIPPING
want assistance to know if there are any news on my rebate,REFUND
need to modify my delivery addrexs how do i do it,SHIPPING
how can i inform of a payment issue,PAYMENT
assistance notifying of issues with a registration,ACCOUNT
i dont know what to do to change to the premium account,ACCOUNT
need help leaving a comment about your services,FEEDBACK
can you help me recover my user profile password,ACCOUNT
help me check the eta of order,ORDER
another acconut,ACCOUNT
i need to edit my goddamn user could i get some help,ACCOUNT
where can i find information about the pin code recovery,ACCOUNT
can you help me see how soon can i expect my item,DELIVERY
i have to check the status of order,ORDER
were to check order current status,ORDER
need assistance acquiring an item,ORDER
i have got to submitmy feedback help me,FEEDBACK
what do i need to do to talk to someone,CONTACT
how can i see the status of purchase,ORDER
i want assistance filing a complaint against ur business,FEEDBACK
i want assistance to notify of an issue with reegistrations,ACCOUNT
how can i receive the newsletter,SUBSCRIPTION
i have to acquire some items,ORDER
can ya help me to modify the delivery address,SHIPPING
help me to reporty signup issues,ACCOUNT
acn i make a consumer reclamation against your business,FEEDBACK
what is order crrent status,ORDER
i do not know what to do to lodge a customer reclamation,FEEDBACK
i do not know what i have to do to cancel a account,ACCOUNT
i want assistance earning several of your item,ORDER
i would like to set up the new shipping address i need help,SHIPPING
i want help to demand a restitution of my money,REFUND
i want assistance to chexk the early exit penalties,CANCEL
i am trying to see your accepted payment methods,PAYMENT
i have to see what shipping options you offer,DELIVERY
i need help to see the eta of the purchase,ORDER
i dont know what i need to do to download invoice,INVOICE
i cant pay inform of a problem with payment,PAYMENT
i have to file a customer reclamation against your business,FEEDBACK
where can i find information about an address update,SHIPPING
would it be possible to place a fucking order from,DELIVERY
where to inform of a signup problem,ACCOUNT
want assistance to leave an opinion about a service,FEEDBACK
i need help setting up my secondary delivery address,SHIPPING
can i make a consumer reclamation against your organization,FEEDBACK
i need to see how soon can i expect my shipment help me,DELIVERY
where to notify of an issue with a signup,ACCOUNT
i do not know how i can write a comment for a service,FEEDBACK
how do i check the accepted payment methods,PAYMENT
support coprrecting the address,SHIPPING
how do i see the withdrawal fees,CANCEL
im trying to check ur accepted payment otions,PAYMENT
i have to lerave my feedback for ur products,FEEDBACK
can you show me the compensation status,REFUND
assistance checking how long the delivery takes,DELIVERY
i need help to see what methods for delivery you offer,DELIVERY
i do not know what i have to do to get invoice,INVOICE
can i use the platinum profile,ACCOUNT
i do not know how i could remove the account,ACCOUNT
i want help submitting my delivery address,SHIPPING
want assistance to submit feedback about ur products,FEEDBACK
i need help to notify of an error with payments,PAYMENT
want assistance to file a complaint against ur company,FEEDBACK
i want to talk with fucking customer support help me,CONTACT
i have to acquire some items i need assistance,ORDER
i dont know how to see your allowed payment modalities,PAYMENT
in what situations can i ask for reimbursements,REFUND
can you help me to check what shipment options are there,DELIVERY
where can i look for the bill,INVOICE
where to see the methods for shipment,DELIVERY
i need help checking the allowed payment options,PAYMENT
help me see what hours i can call customer support,CONTACT
i want information about the cancellation of a gold account,ACCOUNT
find information about the cancellation of a pro account,ACCOUNT
have a problem with cancelling purchase,ORDER
where can i get information about a gold account removal,ACCOUNT
help to see when will my purchase arrive,DELIVERY
i needassistance sending some feedback about your company,FEEDBACK
i do not know how i can speak to customer service,CONTACT
i want assistance opening a account,ACCOUNT
i have to receive the corporate newsletter how to do it,SUBSCRIPTION
i have got to talk with an agent could uhelp me,CONTACT
i want help seeing the termination penalty,CANCEL
where to see what delivery options uoffer,DELIVERY
can i check how long it takes for the delivery to arrive,DELIVERY
can you help me request compensations of money,REFUND
how to swap an article of purchase,ORDER
i want to see what shipping methods are there help me,DELIVERY
i dont know how i can set up a new shipping address,SHIPPING
i need help cancelling my subscription to your newsletter,SUBSCRIPTION
i have got to cancel the newsletter subscription,SUBSCRIPTION
i am trying to see your payment methods,PAYMENT
can you help me see purchase status,ORDER
my card was declined report payment issues,PAYMENT
close gold account,ACCOUNT
i try to see the early temrination penalty,CANCEL
i dont know how i can earn a few of your article,ORDER
i need assistance seeing the restitution status,REFUND
how to file a bloody customer complaint,FEEDBACK
need help to report problems with signup,ACCOUNT
i dont know how i can talk wirh someone,CONTACT
question about the rermoval of a account,ACCOUNT
i dont know what i have to do to call customer support,CONTACT
help to get my invoices from,INVOICE
help me checking if there are any updates on my restitution,REFUND
is it possible to talk to a damn assistant,CONTACT
i cannot pay i have to report goddamn payment issues,PAYMENT
change information on freemiumaccount,ACCOUNT
i want to see the cancellation fees i need assistance,CANCEL
i need to open a account,ACCOUNT
i want to change purchase,ORDER
i dont know what to do to talk with someone,CONTACT
is it possible to subscribe to your corporate newsletter,SUBSCRIPTION
i have to get the goddamn bill from help me,INVOICE
could you help me adding some items to purchase,ORDER
where do i inform of problems with registrations,ACCOUNT
want assistance contacting an operator,CONTACT
could you help me receiving compensations of my money,REFUND
i have to order a bloody product how can i do it,ORDER
wantr help to solve issues with payment,PAYMENT
i have an error updating my address,SHIPPING
my address has changed i want to edit it,SHIPPING
i want help checking how soon can i expect the order,DELIVERY
i have to leaave some feedback about ur products help me,FEEDBACK
i dont know how to speak with an assistan,CONTACT
how to inform of payment errors,PAYMENT
i dont use m platinum account i try to remove it,ACCOUNT
i would like to ask for compensations,REFUND
i want to see in what situations can i request a refund,REFUND
help me to get a rebate,REFUND
i am calling to check what shipping options are there,DELIVERY
i need assistance to talk to an operator,CONTACT
i have a question about the removal of my account,ACCOUNT
i cant makr a transfer help me report a payment error,PAYMENT
i dont know what to do to track the refund,REFUND
can i get my bill from,INVOICE
how could i check how soon can i expect my order,DELIVERY
i dont know what i need to do to check the invoice,INVOICE
i want help listing u payment methods,PAYMENT
i need help with canceling order,ORDER
i am trying to notify of problems with online payment,PAYMENT
i need help to add several product to order,ORDER
i need help to switch several products of order,ORDER
i have to get my damn invoice from i need help,INVOICE
reporting issues creating account,ACCOUNT
i need help to inform of an error with a signup,ACCOUNT
can you help me leave an opinion foor a product,FEEDBACK
i try to check what paymnt payment modalities ya accept,PAYMENT
can i see the withdrawal fees,CANCEL
help to leave an opinion for your products,FEEDBACK
problems with premium account deletions,ACCOUNT
i get error messages when i try to set a shipping address up,SHIPPING
is it possible to notify of registration problems,ACCOUNT
i hjave to use the profile can i get some help,ACCOUNT
modifying standard account,ACCOUNT
is it possible to talk with asn operator,CONTACT
need assistance to get my invoice,INVOICE
i want to know about receiving your corporate neswletter,SUBSCRIPTION
can you help me see the current status of my reimbursement,REFUND
needassistance cancelling purchase,ORDER
help me seeing your fucking money back policy,REFUND
i cant remember my user profile pin i have got to reset it,ACCOUNT
is it possible to see the available payment options,PAYMENT
i need to see what damn shipment options i have help me,DELIVERY
need to check ur money back ugarantee,REFUND
erorr submitting the new shipping address,SHIPPING
what do i need to do to demand my money back,REFUND
help to use the standard profile,ACCOUNT
could you help me see my compensation current status,REFUND
i want help updating order,ORDER
how do i report issues with online paymnets,PAYMENT
what do i need to do to switch to the standard account,ACCOUNT
help me check your fucking accepted payment methods,PAYMENT
i ned assistance to get my invoice,INVOICE
i have glt to buy a few of ur item help me,ORDER
help me inform of an error with online payment,PAYMENT
im calling to lodge a reclamation against ur business,FEEDBACK
modify details on standard account,ACCOUNT
i lost the invoices from can ufind them for me,INVOICE
i need help seeing the bloody termination penalty,CANCEL
is it possible to notify of an error with payment,PAYMENT
i want to know if there are any news on my refund,REFUND
i dont know what i have to do to delete my platinum account,ACCOUNT
what do i need to do to switch to the account,ACCOUNT
help me add some articles to purchase,ORDER
could utell me more about unsubscribing from ur newsletter,SUBSCRIPTION
help me report signup problems,ACCOUNT
i dlnt know how i can see the termination penalties,CANCEL
i need help to solve a problem with payments,PAYMENT
i want help to file a complaint against ur business,FEEDBACK
i do not know what to do to create a account for my dad,ACCOUNT
i try to see the statuis of purchase,ORDER
i have got to see when my delivery is going to arrive,DELIVERY
buy item,ORDER
help me checking what hours i can call customer support,CONTACT
i entered a wrong address will you help me update it,SHIPPING
assistance to list the payment options,PAYMENT
i need supports trying to update my shipping address,SHIPPING
where do i check ur goddamn money bafk guarantee,REFUND
help to restore my access key,ACCOUNT
how can i talk with a person,CONTACT
correct information on pro account,ACCOUNT
want help to retrieve my pin,ACCOUNT
cancelling standard account,ACCOUNT
i do not know what to do to speak with customer service,CONTACT
i have a question about a forgotten access key,ACCOUNT
want assistance solving an error with payment,PAYMENT
i want to check the methods for delivery help me,DELIVERY
cancel pro account,ACCOUNT
i dont know what to do to check invoice,INVOICE
check at what time i can reachy customer support,CONTACT
im trying to contact customer service,CONTACT
i dont know what to do to see when will my item arrive,DELIVERY
i want assistance to download the invoice,INVOICE
i dont know how i can see the delivery options,DELIVERY
i want assistance reporting a problem with signup,ACCOUNT
where do i report an issue with payments,PAYMENT
i want assistance to change to the freemium account,ACCOUNT
i dont know how i can download my invoice,INVOICE
i am trying to get rebates of money,REFUND
need assistance to check ur reimbursement policy,REFUND
i want tocheck in which cases can i request to be reimbursed,REFUND
can ya help me to create a account for my fiance,ACCOUNT
can i use the profile,ACCOUNT
i made a mistake i want help editing order,ORDER
i need assistance seeing the early termination fees,CANCEL
i do not know how to close a standard account,ACCOUNT
i do not know how to update my personal info,ACCOUNT
help me to check ur available payment modalities,PAYMENT
how can i notify of an issue with registrations,ACCOUNT
give me information about the cancellation of a gold account,ACCOUNT
can ya help me informing of problems with online payment,PAYMENT
where do i cherck at what time i can call customer service,CONTACT
can you help me notifying of troubles with online payments,PAYMENT
i want assistance to notify of issues with signup,ACCOUNT
id like to update the fucking data on my user profile,ACCOUNT
issues with payment,PAYMENT
help me checking in what cases can i request to be refunded,REFUND
where can i getinformation about a freemium account removal,ACCOUNT
help to notify of payment issues,PAYMENT
where can i check when my package is going to arrive,DELIVERY
i needhelp to acquire several items,ORDER
earn a few of your product,ORDER
there is an error entering the secondary shipping address,SHIPPING
i need assistance switching to the account,ACCOUNT
canuhelp me to get the bills from,INVOICE
tell me ur alowed payment options,PAYMENT
how to list ur accepted payment modalities,PAYMENT
can ya help me to see what payment option are allowed,PAYMENT
i want help to notify of a problem with signup,ACCOUNT
help me reset my profile key,ACCOUNT
i have to know if there is anything wrong with the refund,REFUND
i dont know how to earn several products,ORDER
i have got to call bloody customer assistance could uhelp me,CONTACT
how to see how long it takes for my delivery to arrive,DELIVERY
i dont know how toearn something,ORDER
i want help to enter my secondary delivery adrdess,SHIPPING
d uship to,DELIVERY
i want assistance acquiring some of ur article,ORDER
can i see ur available payment modalities,PAYMENT
i dont know how to check how soon can i expect my product,DELIVERY
how can i leave a comment,FEEDBACK
where to obtain rebates,REFUND
assistance to see what hours i can call customer service,CONTACT
is it possible to get in touch with customer support,CONTACT
help me to acquire some of your article,ORDER
i dont know what i need to do to get the bill,INVOICE
do you have a number to get in touch with customer support,CONTACT
what do i need to do to get the bills from,INVOICE
what do i need to do to make a goddamn complaint,FEEDBACK
get invoice,INVOICE
tell me about updating the address,SHIPPING
i need help to file a complaint,FEEDBACK
i cant open a user i wanna report signup issues,ACCOUNT
where do i lodge a complaint against your company,FEEDBACK
i cannot open an account i have to inform of a signup issue,ACCOUNT
assistance unsubscribing from your company newsletter,SUBSCRIPTION
want help informing of payment problems,PAYMENT
i dont know how i can create a standard account for my dad,ACCOUNT
edit accont,ACCOUNT
how do i acquire several articles,ORDER
i dont know how i ca chat with a human agent,CONTACT
change info on standard account,ACCOUNT
i am trying to retrieve the pin of my user profile,ACCOUNT
i dont know how i can talk with someone,CONTACT
i need help to speak with a human agent,CONTACT
check what payment methods ya accept,PAYMENT
i dont know what to do to get a compensation,REFUND
want help to change several items of purchase,ORDER
changing to account,ACCOUNT
how can i check the refund current status,REFUND
assistance to see the status of order,ORDER
delete an article from purchase,ORDER
i do not know how i can see my invoices from,INVOICE
i need assistance contacting somebody,CONTACT
i do not know what to do to obtain a goddamn refund of money,REFUND
i have a problem submitting the new delivery address,SHIPPING
i do not know what to do to purchase some articles,ORDER
want assistgance to submit the secondary shipping address,SHIPPING
where do i create a gold account,ACCOUNT
i need assistance to get my invoices from,INVOICE
want help notifying of troubles with online payments,PAYMENT
how to make a consumer claim against ur company,FEEDBACK
what do i have to do to get rebates of money,REFUND
change details on gold account,ACCOUNT
i bought some items cancel order,ORDER
i want support chanigng my delivery address,SHIPPING
assistance using the platinum account,ACCOUNT
i need help requesting rebates of money,REFUND
i have got to send my feedback about a product,FEEDBACK
can you help me submit a new delivery address,SHIPPING
i want help cancelling purchase,ORDER
i need help leaving a review for a service,FEEDBACK
help me check how soon can i expect my fucking purchase,DELIVERY
i need assistance to check how long the shipping tazkes,DELIVERY
how could i use the pro profile,ACCOUNT
check bill from,INVOICE
how can i see order current status,ORDER
i need to lodge a complaint against your business,FEEDBACK
where to edit my delivery address,SHIPPING
i am calling to get my bill,INVOICE
how to purchase a few of your item,ORDER
i need to talk with customer service how could i do it,CONTACT
i have got to reeport issues with signup,ACCOUNT
help me seeing what hours customer assistance available is,CONTACT
there is an error setting the delivery address up,SHIPPING
i dont know how i can close the platinum account,ACCOUNT
how can i check the current status of my restitution,REFUND
updatikng data on account,ACCOUNT
i do not know how to leave a goddamn comment about a service,FEEDBACK
i need assistance to see when my product is going to arrive,DELIVERY
i want help subscribing to the company newsletter,SUBSCRIPTION
i am trying to unsubscribe to your damn company newsletter,SUBSCRIPTION
how can i locate the invoice,INVOICE
want assistance to cancel my account,ACCOUNT
i need assistance to submit my feedback for your products,FEEDBACK
i paid dollars for this item i want to obtain a refund,REFUND
i have got to check when my shipment is gonna arrive,DELIVERY
i need help with cancelling order,ORDER
help me to check in what situations acn i request a refund,REFUND
i cant set my damn secondary shipping address up,SHIPPING
correcting info on account,ACCOUNT
i cant find the cancellation charges,CANCEL
need to see the damn eta of the purchase help me,ORDER
can you help me edit purchase,ORDER
need assistance switching to the pro account,ACCOUNT
i need to look for my invoice help me,INVOICE
i have to see your payment methods can i get some help,PAYMENT
can you help me checking when my order is going to arrive,DELIVERY
where could i see when will my purchase arrive,DELIVERY
i need help seeing what options for delivery you offer,DELIVERY
i need to cancel my subscription to your newsletter help me,SUBSCRIPTION
i have to correct order,ORDER
edit standard accont,ACCOUNT
want help closing a account,ACCOUNT
can i see what payment methods are available,PAYMENT
can uhelp me speaking with customer service,CONTACT
why i cannot enter my seocndary shipping address valid,SHIPPING
can you help me cancelling my newsletter subscription,SUBSCRIPTION
how can i purchase several fucking items,ORDER
how can i cancel my subscription to the newsletter,SUBSCRIPTION
you arent helpful at all help me speaking to a person,CONTACT
where to make a customer complaint against ur company,FEEDBACK
i do not know what i have to do to remove a account,ACCOUNT
i want help to check when wqill my package arrive,DELIVERY
help me checking how soon can i expect my product,DELIVERY
assistance to check your payment modalities,PAYMENT
do ya ship tojapan,DELIVERY
i want assistance to update the information on my profile,ACCOUNT
assistance knowing if there are any news on my rebate,REFUND
i cannot find my invoices from,INVOICE
i want help seeing when will my item arrive,DELIVERY
want help to leave a review about a service,FEEDBACK
do you have a method to send an opinion for your products,FEEDBACK
could uhelp me to know if there are any news on my rebate,REFUND
how can i use the account,ACCOUNT
i need assistance closing a freemium account,ACCOUNT
i have paid for this order i want my reimbursement,REFUND
where can i unsubscribe from ur fucking newsletter,SUBSCRIPTION
someone stole my profile pin how can i reset it,ACCOUNT
help me to speak to somebody,CONTACT
need to acquire some of ur product can i egt some help,ORDER
cance order,ORDER
i have got to check my reimbursement status help me,REFUND
can uhelp me to see te early exit charges,CANCEL
i want support with my signup,ACCOUNT
i dont know what i need to do to subscribe to ur newsletter,SUBSCRIPTION
i dont know how i can contact customer service,CONTACT
how do i use the pro account,ACCOUNT
i call to check how soon can i expect my item,DELIVERY
help me see the allowed payment options,PAYMENT
can uhelp me to order some of ur item,ORDER
help to change soe of the details on my profile,ACCOUNT
i need assistance canceling roder,ORDER
want assistance to send my feedback about a product,FEEDBACK
find my invoices from,INVOICE
help checking in which situations can i ask to be refunded,REFUND
help checking in what cases can i request a refund,REFUND
help me to see how long it takes for the article to arrive,DELIVERY
can you show me when will myparcel arrive,DELIVERY
i dont know how i can take a quick look at the bill,INVOICE
i have got to request a refund,REFUND
i need help to see the goddamn allowed payment methods,PAYMENT
how do i set up my newshipping address,SHIPPING
supportsetting a new shipping address up,SHIPPING
help me see in what cases can i ask to be reimbursed,REFUND
i have to check how soon can i expect tne article,DELIVERY
do ya have an email to send a review for a service,FEEDBACK
want assistance to get rebates of my money,REFUND
want help to lodge a reclamation against your company,FEEDBACK
i have paid for a purchase i want to get a refund,REFUND
is it possible to call customer assidtance,CONTACT
where to send some feedback about your products,FEEDBACK
i cant pay assistance notifying of an issue with payment,PAYMENT
i want assistance to notify of errors with payment,PAYMENT
can uhelp me purcahsing an article,ORDER
change data on freemium account,ACCOUNT
help checking when my purchase is going to arrive,DELIVERY
can i see in which cases can i request a refund,REFUND
assistance seeing what shipment methods you offer,DELIVERY
what do ihave to do to download my invoice,INVOICE
can you help me see my reimbursement status,REFUND
help with creating my standard account,ACCOUNT
i need assistance listing your vaailable payment modalities,PAYMENT
assistance writing a comment for your products,FEEDBACK
need to check the rebate curent status how to do it,REFUND
want help adding an item to order,ORDER
my delivery address changed can you help me editing it,SHIPPING
i want help to check in which cases can i ask for a refund,REFUND
modify data on standard account,ACCOUNT
i need a account create it,ACCOUNT
status of order,ORDER
wanna deit order,ORDER
how can i add some bloody products to order,ORDER
i cant make a transfer can i notify of payment errors,PAYMENT
i need help to receive an reimbursement of money,REFUND
can uhelp me changing some items of order,ORDER
need to write a comment about ur company could huelp me,FEEDBACK
where can i shop several of your article,ORDER
how to cancel purchase,ORDER
need to call customer service,CONTACT
change information on standardaccount,ACCOUNT
need help cancelling order,ORDER
i need assistance submitting my secondary delivery address,SHIPPING
i want assistance to leave feedback aboutur products,FEEDBACK
correcting info on pro account,ACCOUNT
i have to check my bill from how can i do it,INVOICE
checking invoices from months ago,INVOICE
how to see how soon can i expect my goddamn product,DELIVERY
cancel purchase,ORDER
i need assistance informing of signup problems,ACCOUNT
is it possible to modify purchase,ORDER
i need to file a complaint,FEEDBACK
help me to notify of an reror with payments,PAYMENT
i want help to report a payment issue,PAYMENT
check in which situations can i request an refund,REFUND
i do not know what to do to open a account,ACCOUNT
where can i see the termniation penalty,CANCEL
i want to chat with an assistant,CONTACT
i have got to inform of an issue with online payments,PAYMENT
i dont know what to do to talk to an assistant,CONTACT
i want help writing a comment for a serrvice,FEEDBACK
i cannot find the termination penalties i need assistance,CANCEL
can you help me to list your accepted payment modalities,PAYMENT
i cannot set up a different delivery address,SHIPPING
i am trying to inform of a trouble with online payment,PAYMENT
assistance creating a freemium account,ACCOUNT
remove account,ACCOUNT
help to acquire some products,ORDER
lcate order,ORDER
i have to create a account for my fiance,ACCOUNT
can you help me see what options for delivery i have,DELIVERY
there are troubles setting up another shipping address,SHIPPING
i try to see in which cases can i request to be refunded,REFUND
help to check in what situations can i request reimbursments,REFUND
im waiting for a reimbursement of dollars,REFUND
i made a mistake i need to correct order,ORDER
where could i see purchase status,ORDER
i lost the access key of my account help me reset it,ACCOUNT
help me notifying of an error with payment,PAYMENT
where do i receive rebates of my money,REFUND
can you help me checking the early exit fee,CANCEL
i dont know what i have to do to get the invoice,INVOICE
where do i acquire some items,ORDER
where can i locate bill,INVOICE
i can no longer afford order,ORDER
assistance to check youe money back guarantee,REFUND
help cancelling my company newsletter subscription,SUBSCRIPTION
i call to write an opinion about an product,FEEDBACK
i do not know how i can see the current status of the refund,REFUND
help me to make a complaint against your organizaton,FEEDBACK
is it possible to download invoice,INVOICE
need assistance changing the details on my profile,ACCOUNT
i have got to see when my package is going to arrive,DELIVERY
where do i report an issue iwth signup,ACCOUNT
locating purchase,ORDER
can i notify of problems with a signup,ACCOUNT
is it possible to check in what cases can i request refunds,REFUND
i would like to list the accepted payment options help me,PAYMENT
i have to check your payment options can you help me,PAYMENT
help me seeing if there are any updates on my compensation,REFUND
can i send my feedback about ur services,FEEDBACK
i cant check if there are any news on my restitution,REFUND
how to see the allowed payment options,PAYMENT
need help to change my delivery address,SHIPPING
i need assistance to check the cancellation penalty,CANCEL
help to solve an error withonline payments,PAYMENT
would it be possible to delete a account,ACCOUNT
do you have an email address to contact customer support,CONTACT
i want help trying to modify my delivery address,SHIPPING
want assistance to leave a review for your prducts,FEEDBACK
i am calling to see what shipping methods i have,DELIVERY
wanna use thed freemium profile can ya help me,ACCOUNT
help me to see what hours i can contact customer assistance,CONTACT
i need help checking the early termination fees,CANCEL
i have troubles editing my delivery address,SHIPPING
i havent registered yet i need help creating a account,ACCOUNT
icant see the eta of purchase,ORDER
help receiving ur corporate newsletter,SUBSCRIPTION
i try to talk with an assistant,CONTACT
where could i get a compensation of my money,REFUND
how could i inform of errors with a signup,ACCOUNT
i cant report issues with signup,ACCOUNT
need help speaking with a operator,CONTACT
i dont know how i can list the payment options,PAYMENT
help me checking the available payment options,PAYMENT
i want help to edit the address,SHIPPING
i want help chatting with a human gaent,CONTACT
what do i have to do to see my bill,INVOICE
create pro account for wife,ACCOUNT
how to request rebates of my money,REFUND
help me filing a customer complaint against your business,FEEDBACK
can ya help me see the early termination fee,CANCEL
can you help me to inform of problems with payment,PAYMENT
want assistance to track the restitution,REFUND
want helpmaking a consumer reclamation against ur company,FEEDBACK
my new shipipng address is invalid i need help,SHIPPING
what do i need to do to delete a account,ACCOUNT
problems creating profile,ACCOUNT
i dont know how to check what shipment methods you offer,DELIVERY
can ya help me subscribing to ur company newsletter,SUBSCRIPTION
i dfo not know what i have to do to create a account,ACCOUNT
help me see when my order is going to arrive,DELIVERY
is it possible to leave a review about a service,FEEDBACK
can you help me earning several of your article,ORDER
how do i request a compensation of my money,REFUND
there is a trouble setting another delivery address up,SHIPPING
how could i get information about forgotten passwords,ACCOUNT
i want help talking with customer assistance,CONTACT
i dont know what i need to do to inform of payment errors,PAYMENT
what do i need to do to make a customer reclamation,FEEDBACK
information about cancel the subscription to the newsletter,SUBSCRIPTION
i want to sign up to the newsletter will you help me,SUBSCRIPTION
set new shipping address up,SHIPPING
how do i check what hours i can call customer assistance,CONTACT
how to receive restitutions of money,REFUND
editing information on account,ACCOUNT
updating accojnt,ACCOUNT
am i entitled to a refund according to your policy,REFUND
i need assistance notifying of a payment probelm,PAYMENT
support editing my address,SHIPPING
help me checking the eta of purchase,ORDER
i cant swap an item of order,ORDER
can i subscribe to ur company newsetter,SUBSCRIPTION
howdo i use the gold account,ACCOUNT
i want assistance restoring the access key of my profile,ACCOUNT
problem with the cancellation of my account,ACCOUNT
i want assistance to receive restitutions of money,REFUND
i want to inform of an issue with online payments,PAYMENT
i have errors trying to modify my shipping address,SHIPPING
i dont know what to do to look for my bill from,INVOICE
need help to restore my user profile key,ACCOUNT
i dont know what i need to do to restore my pin,ACCOUNT
help me receiving ur corporate newsletter,SUBSCRIPTION
have a problem with a forgotten password,ACCOUNT
help to check the current status of the compensation,REFUND
how do i see the allowed payment methods,PAYMENT
i want assistance to ask for rebates,REFUND
wanna see what shipping methods are available how to do it,DELIVERY
i need to inform of damn issues with online payment,PAYMENT
want assistance contacting an agent,CONTACT
i try to lodge a cliam,FEEDBACK
where can i notify of issues with online payment,PAYMENT
i cant speak with a live agent,CONTACT
i dont know what i need to do to remove a standard account,ACCOUNT
help me retrieve my account password,ACCOUNT
can ya show me the eta of order,ORDER
i want assistance to send feedback for ur company,FEEDBACK
is it possible to request reimbursements of money,REFUND
want help making an reclamation against your organization,FEEDBACK
how could i purchase several products,ORDER
can i see what hours i can call customer assistance,CONTACT
i have got to cancel the subscription to ur newsletter,SUBSCRIPTION
problem submitting the shipping address,SHIPPING
i am trying to see how long refunds usually take,REFUND
i need information about the termination of my account,ACCOUNT
give me information about the cancellation of my account,ACCOUNT
i want assistance to notify of problems with online payments,PAYMENT
how can i use the proile,ACCOUNT
is there an address to send feedback for ur products,FEEDBACK
cnange info on freemium account,ACCOUNT
new pro account,ACCOUNT
could i get the damn invoice from,INVOICE
i want a pro account,ACCOUNT
where could i submit a different delivery address,SHIPPING
assistance checking what bloody shipping options you offer,DELIVERY
i dont know what to do to file a recpamation,FEEDBACK
is it possible to check the statsu of order,ORDER
i do not know how i can get the damn bill from,INVOICE
new freemium account,ACCOUNT
i do not know how to get the bill from,INVOICE
cancelling pro account,ACCOUNT
send me my invoice from,INVOICE
help knowing if there is anything new on the refund,REFUND
help me order solme of ur article,ORDER
i dont know how to get the bill,INVOICE
need assistance to download my bill,INVOICE
i have to change my personal data can ya help me,ACCOUNT
editing data on account,ACCOUNT
what do i have to do to check ur damn reimbursement policy,REFUND
modifying ingormation on freemium account,ACCOUNT
how do i use the profile,ACCOUNT
there is anything new on my rebate,REFUND
can i see your available payment methods,PAYMENT
wanna use the account i need help,ACCOUNT
where coujld i order several of your product,ORDER
assistance to talk to an assistant,CONTACT
i need to speak to someone,CONTACT
i dont know how to receive the company newsletter,SUBSCRIPTION
i would like to notify of signup issues,ACCOUNT
i have got to leave an opinion for your company,FEEDBACK
i have got to talk with customer service i need assistance,CONTACT
there are troubles modifying my shipping address,SHIPPING
can ya help me to cancel an account,ACCOUNT
i dont know what i have to do to acquire several products,ORDER
wanna see the early exit penalty how can i do it,CANCEL
can i see the early termination fee,CANCEL
i need assistance with canceling order,ORDER
can ya help me seeing how soon can i expect my parcel,DELIVERY
i need help seeing the status of purchase,ORDER
i want to file a reclamation,FEEDBACK
i dont know what i need to do to get the invoice,INVOICE
is it possible to see the early exit fees,CANCEL
i need help making a reclamation,FEEDBACK
i am experiencing issues trying to sign up can you help me,ACCOUNT
report issues creating user,ACCOUNT
problem with account deletions,ACCOUNT
help updating my shipping address,SHIPPING
help me signing up to the corporate newsletter,SUBSCRIPTION
i have troubles setting another delivery address up,SHIPPING
i need assistance checking when my item is going to arrive,DELIVERY
i neee help solving problems with payments,PAYMENT
i would like to speak to a live agent,CONTACT
i want to list the available payment modalities help me,PAYMENT
i do not know what i have to do to create a pro accoun,ACCOUNT
seeing your money back policy,REFUND
is it possible to cancel purchase,ORDER
want help to send feedback about a product,FEEDBACK
how to unsubscribe to the newsletter,SUBSCRIPTION
i try to leave a bloody review for a product,FEEDBACK
do you edliver to,DELIVERY
i have got to lodge a reclamaion i need help,FEEDBACK
i want to remove some articles from order,ORDER
can i check at what time i can reach customer support,CONTACT
what do i need to do to ask for a rebate of money,REFUND
i have paid for an item help receiving a reimbursement,REFUND
i wantto see what payment options are accepted,PAYMENT
report problems creating profile,ACCOUNT
i want assistance getting the bill from,INVOICE
assistance to leave feedback about ur products,FEEDBACK
wanna use the profile help me,ACCOUNT
help using the pro profile,ACCOUNT
assistance to see the delivery methods,DELIVERY
i do not know what i have to do to get refunds of my money,REFUND
assistance seeing how soon can i expect the article,DELIVERY
i do not know how i can update the address,SHIPPING
i dont know what i need to do to get the bill,INVOICE
help to ask for fucking refunds of money,REFUND
i want help to set my new delivery address up,SHIPPING
i want to see how soon can i expect the goddamn package,DELIVERY
how can i sign up to your corporate nnewsletter,SUBSCRIPTION
can you help me check the cancellation charges,CANCEL
i need assistance restoring my user account password,ACCOUNT
help me canceling my subscription to the newsletter,SUBSCRIPTION
i dont know how to request restitutions of my money,REFUND
i am having errors registering what could i do,ACCOUNT
you are not helpful at all help to speak with an assistant,CONTACT
i am trying to find shipping periods could you help me,DELIVERY
i am calling to leave feedabck,FEEDBACK
how do i get the bills from,INVOICE
i need to check when my article is going to arrive,DELIVERY
is it possible to acquire an article,ORDER
i ordered some article cancel purchase,ORDER
i want help to see aat what time i can call customer support,CONTACT
i need assistance tracking purchase,ORDER
wannasee the cancellation penalties can uhelp me,CANCEL
can you show me the termination fees,CANCEL
i need to update the address,SHIPPING
i aint happy with your work lodge a customer reclamation,FEEDBACK
i dont know how i can close a standard account,ACCOUNT
were can i see how long it takes for my package to arrive,DELIVERY
help to buy an few of your product,ORDER
i need information about correcting the shipping address,SHIPPING
would it be possible to notfy of an error with payments,PAYMENT
need help to list ur accepted payment options,PAYMENT
i do not know how i can chat with an assistant,CONTACT
making customer reclamation against ur company,FEEDBACK
cancelling order,ORDER
have problems with the removal of my gold account,ACCOUNT
send me the bill,INVOICE
i have to see how soon can i expect the goddamn order,DELIVERY
i need assistance to cancel order,ORDER
i have paid for an order im trying to obtain a refund,REFUND
assistance to purchase something,ORDER
need help switching several items of order,ORDER
help me see how soon can i expect the article,DELIVERY
i try to see in what cases can i ask for reimbursements,REFUND
can you help me to speak to a person,CONTACT
how could i get information about opening accounts,ACCOUNT
help me lodge a consumer claim,FEEDBACK
see purchase goddamn status,ORDER
how can i modify some of the details on my user account,ACCOUNT
help me switching an article of purchase,ORDER
i am waiting for a reimbursement of dollras,REFUND
i dont know how to unsubscribe from your company newsletter,SUBSCRIPTION
reset the key of my profile,ACCOUNT
need ot cancel my premium account,ACCOUNT
help canceling purchase,ORDER
i am trying to check what delivery methods you offer,DELIVERY
i am trying to check the cancellation charges,CANCEL
cancel standard account,ACCOUNT
help me check if there is anything wrong with my refund,REFUND
i need assistance to purchase some of your item,ORDER
leaving review for your company,FEEDBACK
i am trying to update purchase,ORDER
how can i create a standard account for my fiance,ACCOUNT
help me to check the eta of the purchase,ORDER
can you help me to see the current status of my refund,REFUND
im calling to lodge a customer reclamation,FEEDBACK
editing details on platinum account,ACCOUNT
can i see the bloody withdrawal penalties,CANCEL
can ya help me switching several products of order,ORDER
i do not know how to update the info included on my profile,ACCOUNT
i have problems with canceling order,ORDER
i have to use the gold account help me,ACCOUNT
help me cancel the subscription to ur newsletter,SUBSCRIPTION
how to cancel the subscription to ur corporate newsletter,SUBSCRIPTION
modifying info on platinum account,ACCOUNT
errors entering the secondary delivery address,SHIPPING
i need assistance to unsubscribe to the company newsletter,SUBSCRIPTION
i want to download invoice can you help me,INVOICE
i am calling to see what shipment methods are there,DELIVERY
i have to speak with somebody,CONTACT
i am trying to check when my article is going to arrive,DELIVERY
i need to modify the information on my user,ACCOUNT
i dont know what to do to seeorder status,ORDER
i need assistance trackng purchase,ORDER
want help to subscribe to your company newsletter,SUBSCRIPTION
can i chat with a person,CONTACT
i want help to report an issue with online payment,PAYMENT
how long until i obtain a refund of money,REFUND
want assistance to get my money back,REFUND
how do i shop an item,ORDER
how do i inform of a problem with registrations,ACCOUNT
edit premium accont,ACCOUNT
show me the early exit penalty,CANCEL
i want help lodging a consumer reclamation,FEEDBACK
i need assistance to notify of an error with online payments,PAYMENT
assistance with canceling purchase,ORDER
can ya help me ccall customer support,CONTACT
i have problems submitting my new delivery address,SHIPPING
id like to track purchase i need assistance,ORDER
what do i have to do to inform of an issue with signup,ACCOUNT
do you have a free phone number to contact customer service,CONTACT
help to acquire a few of your item,ORDER
can you help me to see the compensation current status,REFUND
i do not know how to inform of troubles with payments,PAYMENT
i cannot find the termination fees i need assistance,CANCEL
wanna download invoice could ya help me,INVOICE
i cant enter the shipping address,SHIPPING
i cant make a transfer i need to inform of payment issues,PAYMENT
i try to see how soon can i expect my parcel,DELIVERY
delete user,ACCOUNT
i have problems with opening a freemium account,ACCOUNT
i do not know what to do to receive the corporate newsletter,SUBSCRIPTION
i missed a product in order how can i add it,ORDER
i dont know what to do to acquire a product,ORDER
i need helo to recover the password of my user,ACCOUNT
how to make a customer claim against your business,FEEDBACK
i have got to check what methods for delivery you offer,DELIVERY
how to check what payment options are accepted,PAYMENT
my delivery address has changed correct it,SHIPPING
i try to change the info included on my profile,ACCOUNT
im trying to know if there is anything new on my refund,REFUND
where can i check the eta of the order,ORDER
need to change my damn shipping address how could i do it,SHIPPING
where do i see what hours i can reach customer support,CONTACT
could you help me notify of problems with a signup,ACCOUNT
i do not know how to infgorm of payment problems,PAYMENT
find bill,INVOICE
need assistance solving an issue with online paymenst,PAYMENT
need to check ur allowed payment methods,PAYMENT
i do not know how to cancel the fucking standard account,ACCOUNT
i need to see in what situations can i request refunds,REFUND
i want to cancel my subscription to the newsletter,SUBSCRIPTION
assistance requesting a compensation of money,REFUND
help to see if there are any news on my rebate,REFUND
my experience with your brand was bad make a consumer claim,FEEDBACK
can you send me my bills from,INVOICE
need to check the bill from,INVOICE
i need to speak with fucking customer assistance help me,CONTACT
i have an issue correcting my damn delivery address,SHIPPING
im waiting for an refund of,REFUND
i want assistance checking how soon can i expect my article,DELIVERY
is it possible to see the available pyment options,PAYMENT
want helpp checking the termination penalties,CANCEL
is it possible to subscribe to the corporate newsletter,SUBSCRIPTION
id like to see ur money back guarantee how to do it,REFUND
how do i see thne goddamn invoices from,INVOICE
i want to nkow about subscribing to your company newsletter,SUBSCRIPTION
i have got to check your allowed payment modalities help me,PAYMENT
anyone available at customer assistance,CONTACT
complaint,FEEDBACK
i dont know how to inform of payment errors,PAYMENT
where do i change my shipping address,SHIPPING
can icontact a person,CONTACT
i am trying to check the status of the restitution,REFUND
help me to check the eta of the order,ORDER
i do not know what to do to open a account,ACCOUNT
errors editing shipping address,SHIPPING
need assistance making a consumer claim against ur company,FEEDBACK
can ya help mw to solve errors with payment,PAYMENT
where is ordered,ORDER
i have got to check the shipment options i need help,DELIVERY
i cannot retrieve my account key,ACCOUNT
i do not know how to open a damn freemium account,ACCOUNT
i dont know what to do to cancel purchase,ORDER
can you help me to retrieve the key of my user,ACCOUNT
want assistance to download invoice,INVOICE
want help seeing in which situations can i request refunds,REFUND
want assistance to check the status of purchase,ORDER
i need to notify of issues with online payments help me,PAYMENT
i need to send feedback for a product how to do it,FEEDBACK
i dont know how to cncel purchase,ORDER
assistance to retrieve my account pin,ACCOUNT
assistance submitting feedback for ur services,FEEDBACK
help trying to modify the delivery address,SHIPPING
how can i check ur accepted payment options,PAYMENT
another pro account,ACCOUNT
i am waiting for a bloody compensation of dollars,REFUND
help switching something of purchase,ORDER
can you help me to earn some of your product,ORDER
i want help to file a customer complaint against ur business,FEEDBACK
i want help speaking with customer assistance,CONTACT
wanna edit ordr i need help,ORDER
update details on standard account,ACCOUNT
i have an issue setting an different shipping address up,SHIPPING
i want assistance deleting a gold account,ACCOUNT
there is a problem modifying the shipping address,SHIPPING
tell me about my subscription to your newsletrer,SUBSCRIPTION
how can i open a platinum account,ACCOUNT
i do not know ohw to acquire an item,ORDER
could you help me checking the available payment options,PAYMENT
where to lodge a customer complaint,FEEDBACK
need assiwtance leaving some feedback for ur company,FEEDBACK
uhave a section to leave my feedback,FEEDBACK
i need help to change an item of purchase,ORDER
i paid for a purchase help me obtaining my money back,REFUND
i have to sde in what cases can i request a refund,REFUND
i want to file a consumer claim against your business,FEEDBACK
im calling ot check when my parcel is gonna arrive,DELIVERY
new standard account,ACCOUNT
i need help retrieving the key of my user profile,ACCOUNT
could you help me to cancel purchase,ORDER
i want assistance sending some feedback for a product,FEEDBACK
i need assistance to lodge a claim against your organization,FEEDBACK
i want assistance to purchase a few of your item,ORDER
is it possible to make a reclamation against your business,FEEDBACK
find informationabout the termination of a freemium account,ACCOUNT
i need assistance to change to the account,ACCOUNT
can i report an issue with signup,ACCOUNT
i dont know what to do to restore my user profikle pin,ACCOUNT
i nede to see the early exit fees how can i do it,CANCEL
i dont know how to purchase several products,ORDER
how could i notify of errors with a signup,ACCOUNT
i want to check the bill from could you help me,INVOICE
i dont know what i have to do to ask for reimbursements,REFUND
i need assistance restorng the key of my profile,ACCOUNT
new freemium acount for wife,ACCOUNT
i need to check the withdrawal penalties,CANCEL
i want help seeing in which cases can i ask to be refunded,REFUND
i have got to submit my deliery address,SHIPPING
i cant correct purchase,ORDER
remove pro account,ACCOUNT
could you help me see what damn shipment methods you offer,DELIVERY
how do i know if there is anything new on my compensation,REFUND
could you help me demanding rebates of mony,REFUND
i have got to get the ibll how could i do it,INVOICE
ehlp me get bill,INVOICE
i have to check how long the shipment takes,DELIVERY
how to list your bloody accepted payment methods,PAYMENT
can i check in which cases can i ask for a reimbursement,REFUND
i ened help to recover the access key of my user profile,ACCOUNT
updaing info on gold account,ACCOUNT
can you help me checking your reimbursement policy,REFUND
i have to file a customer claim against your organization,FEEDBACK
i expect a rebate of dollars,REFUND
i would like to request a refund,REFUND
i need help to leave an opinion for a service,FEEDBACK
i need help to open a account for my daughter,ACCOUNT
can ushow me the accepted payment metyods,PAYMENT
assistance to see the eta of the purchase,ORDER
could uhelp me to change the data on my user account,ACCOUNT
need help downloading the invoices from,INVOICE
i try to see the early exit penalty,CANCEL
i have to speak with customer support how do i do it,CONTACT
can i see the status of my subscription to ur newsletter,SUBSCRIPTION
how do i restore the password of my account,ACCOUNT
canceling subscription to ur company newletter,SUBSCRIPTION
help me to list the payment options,PAYMENT
need to submit some feedback for ur company help me,FEEDBACK
i try to retrieve mt account pin,ACCOUNT
i cannot open an account how to report a signup issue,ACCOUNT
do you have a section to send a comment for a product,FEEDBACK
im waiting for a refund of dollars,REFUND
is it possible to get a reimbursement,REFUND
need help checking the current status ofv the compensation,REFUND
ned help to see the early termination penalties,CANCEL
can you help me talking with an operator,CONTACT
i want to acquire several of your article,ORDER
i do not know how i can send some feedback for a service,FEEDBACK
i need assistance checking my compensation status,REFUND
assistance to switch something of order,ORDER
editing pro account,ACCOUNT
clsoe premium account,ACCOUNT
want assistance to purchase a few of your product,ORDER
how doi see the early termination penalty,CANCEL
where to look for my bloody invoicce from,INVOICE
i do not know what i have to do to check the cancellation fe,CANCEL
i have to reset my user profile key,ACCOUNT
can you help me see what shipping options i have,DELIVERY
help me notify of errors with online payment,PAYMENT
want assistance to notify of an erro with payment,PAYMENT
i dont know how to sign up to the newsletter,SUBSCRIPTION
i would like to set the shipping address up i need help,SHIPPING
what do i need to do to find my invoice,INVOICE
i have problems with the deletion of a account,ACCOUNT
i need to call damn customer support how could i do it,CONTACT
the shipping address changed could ya help me changing it,SHIPPING
in what cases can i ask foir a refund,REFUND
i expect a restitution of has it been prcoessed,REFUND
i call to see when my parcel is going to arrive,DELIVERY
i do not know how i can earn an few of your item,ORDER
i have lost bill can you show it to me,INVOICE
i dont know what to do to file a consumer reclamation,FEEDBACK
find information about the removal of my pro account,ACCOUNT
i cannot understand ui want assistance to chat with an agent,CONTACT
i do not know how to see the available payment methods,PAYMENT
i have got to see when will my article arrive how to do it,DELIVERY
help filing a damn customer reclamation,FEEDBACK
i need to receive thecorporate newsletter,SUBSCRIPTION
edting info on standard account,ACCOUNT
i want to submit my new delivery address can you help me,SHIPPING
can i see at what time i can contact customer support,CONTACT
i try to check how long itg takes for the shipment to arrive,DELIVERY
want help to report fucking signup errors,ACCOUNT
i dont know how i can check the termination penalties,CANCEL
i have to file a customer claim against your business,FEEDBACK
i want to update my delivery address help me,SHIPPING
how could i receive yoru goddamn newsletter,SUBSCRIPTION
i have problems with the removal of a standard account,ACCOUNT
i cfannot see order current status,ORDER
i dont know how i could submit feedback for your company,FEEDBACK
help me see the status of my subscription to your newsletter,SUBSCRIPTION
assistance to inform of problems with online payments,PAYMENT
inform of error with online payments,PAYMENT
i missed an item in purchase i need help adding it,ORDER
i do not know how i could speak to a damn person,CONTACT
what do i have to do to download my bill,INVOICE
i have got to make an consumer claim against ur business,FEEDBACK
where do i check how soon can i expect the delivery,DELIVERY
where do i check the cancellation penalties,CANCEL
i am trying to edit the delivery adress,SHIPPING
i want to check what hours i can contact customer assistance,CONTACT
i do not know wht i have to do to get my invoice,INVOICE
i am trying to check what shipping methods are available,DELIVERY
where do i check when will my purchase arrive,DELIVERY
want assistance to demand a refund of my money,REFUND
i do not know what to do to demand my money back,REFUND
i have to check the termination fees help me,CANCEL
i need information about opening pro accounts,ACCOUNT
find the bill,INVOICE
i do not know how to check bill,INVOICE
i want to see in what cases can i request my money back,REFUND
check your refund policy,REFUND
i paid for this article i need help getting a refund,REFUND
where do i lodge a claim against your business,FEEDBACK
i cant cancel the subscription to your corporate newsletter,SUBSCRIPTION
corrrect order,ORDER
y i cannot set a srcondary shipping address valid up,SHIPPING
can you help me to check what shipment options you offer,DELIVERY
wanna acquire several of ur product how do i do it,ORDER
open platinum account,ACCOUNT
is it possible to notify of problems with signup,ACCOUNT
i cant check my restitution current status,REFUND
where can i ask for restitutions of my money,REFUND
where do i see at what time i can call customer assistance,CONTACT
help to check what hours i can contact customer assistance,CONTACT
assistance notifying of a trouble wigh online payment,PAYMENT
i dont know how i could check the bill,INVOICE
how to seethe bill from,INVOICE
i am trying toclose the standard account,ACCOUNT
i have to see the shipment methods can you help me,DELIVERY
i do not know how to leave a review about a product,FEEDBACK
need assistance to contcat an assistant,CONTACT
i dont know how to request a refund of money,REFUND
i want help to give a quick look at the invoice,INVOICE
i want help to report signup errors,ACCOUNT
where do i submit my feedback about your products,FEEDBACK
where to look for the damn bills from,INVOICE
i dont know how to check the payment methods,PAYMENT
correcting infornation on account,ACCOUNT
i need help cancelling oredr,ORDER
how to ask for reimbursements of money,REFUND
i want help seeing when will my purchase arrive,DELIVERY
i want to see the eta of the purchase i need help,ORDER
i am calling to lodge a customer claim,FEEDBACK
want help buying a product,ORDER
where can i eanr a few of ur item,ORDER
i do not know how i could write an opinion for a product,FEEDBACK
could i set up a delivery address,SHIPPING
where to check at what time i can contact customer support,CONTACT
i want assistance to correct the data included on my profile,ACCOUNT
i want help filing a customer complaint,FEEDBACK
can ya help mereceive ur company newsletter,SUBSCRIPTION
i dont know what to do to contact customer assistance,CONTACT
can you help me to unsubscribe from the newsletter,SUBSCRIPTION
i try to see the eta of the purchase,ORDER
how can i get the bill,INVOICE
i am trying to make a fucking consumer complaint,FEEDBACK
i want help to see the early exit fees,CANCEL
making complaint against ur company,FEEDBACK
help speaking with customer support,CONTACT
assistance resetting the key of my user account,ACCOUNT
where can i make a consumer claim against ur organization,FEEDBACK
i do not know how to see when my product is gonna arrive,DELIVERY
can you tell me more about correcting my shipping address,SHIPPING
i have to enter my new delivery address could you help m,SHIPPING
download bills from,INVOICE
can i change to the platinum account,ACCOUNT
i dont know what i need to do to speak to someone,CONTACT
i dont know how i can see the early exit charegs,CANCEL
i try to check your damn money back guarantee,REFUND
is it possible to inform of issues with online payments,PAYMENT
i want to see the cancellation charges how do i do it,CANCEL
i cant change to the damn gold account,ACCOUNT
i have got to leave feedback about your company i need help,FEEDBACK
i cannot remove an article from purchase,ORDER
need help to check ur payment methods,PAYMENT
where do i list your accepted payment options,PAYMENT
i do notknow what i have to do to get the bill,INVOICE
i have to leave an opinion about an service i need help,FEEDBACK
i dont know how to cancel the account,ACCOUNT
i want to see the withdrawal charge i need help,CANCEL
help receiving your company newsletter,SUBSCRIPTION
what do i need to do to get my goddamn bill from,INVOICE
i try to inform of problems with online payments,PAYMENT
the new delivery address isnt valid how to do it,SHIPPING
i need help cancelling order,ORDER
i am looking for the methods for shipment i need help,DELIVERY
editing information on standard account,ACCOUNT
could you help me report an error with signup,ACCOUNT
i need help to report problems with registrations,ACCOUNT
i have to retrieve my user pin,ACCOUNT
i have to report issues with payments,PAYMENT
where can i get information about an account deletion,ACCOUNT
need help with creating my account,ACCOUNT
i want assistance to swap something of purchase,ORDER
have a problem with creating a premiumaccount,ACCOUNT
i need help to submit feedback about your products,FEEDBACK
help me retrieving my account pin code,ACCOUNT
need help to get the bill from,INVOICE
can you help me talk with customer support,CONTACT
need help to check whathours i can call customer assistance,CONTACT
i have got to retrieve my pin code,ACCOUNT
i do not know how to recover the pin code of my user profile,ACCOUNT
i have to write an opinion can i get some help,FEEDBACK
i have got to correct the data on my account help me,ACCOUNT
help seeing in what situations can i ask to be refunded,REFUND
is it possible to notify of errors with payments,PAYMENT
i do not know how to notify of signup errors,ACCOUNT
can i notify of problems with a signup,ACCOUNT
im trying to report troubles with online payment,PAYMENT
i want assistance to list your accetped payment modalities,PAYMENT
where can i see at what time i can contact customer support,CONTACT
can uhelp me leaving a comment about ur services,FEEDBACK
i want help cancelling the account,ACCOUNT
i need to check the options for shipping how do i do it,DELIVERY
how do i see the goddamn eta of order,ORDER
can i talk with an assistant,CONTACT
i try to track purchase,ORDER
how can i get invoice,INVOICE
there are problems trying to update my shipping address,SHIPPING
i dont know what i need to do to correct the personal info,ACCOUNT
i want help reporting issues with a registration,ACCOUNT
i have to see the cancellation penalties how do i do it,CANCEL
would it be possible to download the invoice from,INVOICE
i dont know what to do to retrieve the pin code of my user,ACCOUNT
help checking in which cases can i request reimbursements,REFUND
can you help me ask for a rebate of money,REFUND
i do not know how to create a account for my dad,ACCOUNT
i want help to see what hours i can reach customer support,CONTACT
i want information about the removal of a standard account,ACCOUNT
help informing of an error with online payments,PAYMENT
how do i create a freemium account for my daughter,ACCOUNT
i have got to locate my bill how can i do it,INVOICE
want help deleting something from order,ORDER
need help to report a problem with signup,ACCOUNT
where can i find information about my account deletion,ACCOUNT
i have to inform of an error with online payment,PAYMENT
how can i locate invoice,INVOICE
i have got to submit a shipping address help me,SHIPPING
i have to change purchase i need assistanmce,ORDER
how to know if there is anything new on the reimbursement,REFUND
troubles setting the new delivery address up,SHIPPING
where do i submit the new shipping address,SHIPPING
where can i see when my package is going to arrive,DELIVERY
problems with the deletion of my accoun,ACCOUNT
need to submut a delivery address,SHIPPING
see under which circumstances can i request my money back,REFUND
i have got to write a comment about a product help me,FEEDBACK
i want to see in which situations can i ask for refunds,REFUND
how can i look for the invoice,INVOICE
i have got to sign up to the corporate newsletter,SUBSCRIPTION
i have to contact an operator,CONTACT
i dont know what i need to do to change to the account,ACCOUNT
is there a way to leave an opinion about a service,FEEDBACK
i dont know how i can lodge a claim,FEEDBACK
could you help me check what payment options are available,PAYMENT
changing detais on account,ACCOUNT
help seeing your reimbursement policy,REFUND
i dont know what to do to inform of problems with payment,PAYMENT
i need to update my address,SHIPPING
in which situations can i ask for a goddamn reimbursement,REFUND
i call to write a comment for ur products,FEEDBACK
i need to check the termination charge,CANCEL
want assistance leavingmy feedback for a service,FEEDBACK
you arent helpful at all will you direct to me an agent,CONTACT
could you help me check what shipment options i have,DELIVERY
si it possible to reset my user account access key,ACCOUNT
i have problems changing my address,SHIPPING
want assistance opening a standard account,ACCOUNT
i do not know how to unsubscribe to ur corporate newsletter,SUBSCRIPTION
im trying tochange order,ORDER
i cant find the cancellation fees will you help me,CANCEL
help ordering several products,ORDER
i want help to restor my pwd,ACCOUNT
need help to use the account,ACCOUNT
i have got to see what delivery options you offer help me,DELIVERY
i want assistance seeing the compensation current status,REFUND
i am experiencing errors signing up,ACCOUNT
i dont know how to report issues with online payments,PAYMENT
can you help me acquiring a few of your product,ORDER
i need information about the deletion of my account,ACCOUNT
i need to chat with an assistant,CONTACT
i dont know what i need to do to order an item,ORDER
i do not know what i have to do to talk wiyh a live agent,CONTACT
help me entering my secondary delivery address,SHIPPING
i want to inform of an issue with online payment,PAYMENT
i want assistnace setting up a secondary shipping address,SHIPPING
update purchase00123842,ORDER
where do i look for the invoice,INVOICE
se up new delivery address,SHIPPING
i need to retrieve my pin,ACCOUNT
i want to give a quick look at my invoice,INVOICE
i dont know what i have to do to download bill,INVOICE
i try to send some feedback for a product,FEEDBACK
i need assistance to leave feedback about your company,FEEDBACK
how do i talk to damn customner support,CONTACT
add something to order,ORDER
remove account,ACCOUNT
is it possible to see the withdrawal penalties,CANCEL
i need assistance canceling purchase,ORDER
report issue creating account,ACCOUNT
help me to take a quick look at my bill from,INVOICE
i do not know how i can check the accepted payment methods,PAYMENT
help me swapping something of order,ORDER
mail me my bill,INVOICE
i need help tracking purchase,ORDER
could you help me enter another shipping address,SHIPPING
i try to check how long the shipment atkes,DELIVERY
i am trying to reset my user account access key,ACCOUNT
the shipping address changed how can i edit it,SHIPPING
i need assistance obtaining compensations of my money,REFUND
assistance to submit feedback about a service,FEEDBACK
subscription to your company newsletter,SUBSCRIPTION
where can i find information about my gold account deletion,ACCOUNT
i want help leaving a comment,FEEDBACK
i need to see your goddamn refund policy how do i do it,REFUND
i need assistance notifying of signup problems,ACCOUNT
help checkig in what situations can i ask for a refund,REFUND
want help getting goddamn reimbursements of money,REFUND
there is an issue submitting the secondary shipping address,SHIPPING
assistance changing to the freemium account,ACCOUNT
there is a problem correcting the delivery address,SHIPPING
where do i leavefeedback about your products,FEEDBACK
editing data on acocunt,ACCOUNT
i do not know what to do to change to the account,ACCOUNT
where do i earn several articles,ORDER
what do i need to do to get refunds of money,REFUND
what do i have to do to create a standard account,ACCOUNT
i need to check how long it takes for the delivery to arrive,DELIVERY
help to check how long it takes for the product to arrive,DELIVERY
i need assistance editing the address,SHIPPING
how can i give a quick look at my bills from,INVOICE
can utell me more about updating my addfess,SHIPPING
i do not know what to do to get compensations,REFUND
i have issues trying to update my shipping address,SHIPPING
open a acount for my dad,ACCOUNT
i have to switch some bloody products of order,ORDER
help me to see the payment modalities,PAYMENT
problems submitting the delivery address,SHIPPING
i do not know how to see the status of order,ORDER
i dont know how i can send some feedback about a product,FEEDBACK
want help seeing how soon can i xepect my item,DELIVERY
what do i have to do to retrieve my account pin,ACCOUNT
need to swap some products of purchase,ORDER
can i sign up to the damn newsletter,SUBSCRIPTION
where do i open a freemium account,ACCOUNT
how can i find information about the shipping period,DELIVERY
i need assistance notifying of errors with online payments,PAYMENT
can you help me leave my feedback about your products,FEEDBACK
i want to see how soon can i expect my delivery help me,DELIVERY
assistance checking the restitution current status,REFUND
i want to cancel my subscription to your newsletter,SUBSCRIPTION
i hasve to see the eta of order how can i do it,ORDER
i want to see how long refunds usually take how to do it,REFUND
i want help to buy several of your article,ORDER
what do i have to do to change t the account,ACCOUNT
deleting platinum accoumt,ACCOUNT
is it possible to check invoice,INVOICE
i dont know how to inform of troubles with payment,PAYMENT
i have to see the eta of the order how to do it,ORDER
i need assistance shopping an article,ORDER
help to see in which cases can i request a reimbursement,REFUND
i want a account help me create it,ACCOUNT
i need help checking th cancellation fees,CANCEL
can you help me sign up to the newsletter,SUBSCRIPTION
i want to report a problem with online payments,PAYMENT
changing info on pro account,ACCOUNT
i dont know what i have to do to change to the gold account,ACCOUNT
need to unsubscribe from the newsletter,SUBSCRIPTION
how do i infoem of a problem with signup,ACCOUNT
i cant make a transfer report troubles with online payment,PAYMENT
i need assistanec retrieving my account key,ACCOUNT
i have to see how long reimbursements take i need help,REFUND
i do not know how i can speam with customer support,CONTACT
wanna know more about correcting the address,SHIPPING
i need help to obtain compensations,REFUND
i try to purchase some of your item,ORDER
i want help to check what hours i can call customer service,CONTACT
help using the gold account,ACCOUNT
can you help me seeing the cancellation charges,CANCEL
i ahve got to get rebates,REFUND
i do not know how to check the allowed payment modalities,PAYMENT
im waiting for a reimbursement of 1200dollars,REFUND
i need help to reset the pass of my account,ACCOUNT
i want help reporting payment problems,PAYMENT
im trying to get th fucking invoices from,INVOICE
can you help me switching to the account,ACCOUNT
how to talk with an operator,CONTACT
can ya help me to modify the info on my account,ACCOUNT
need help seeing in what cases can i ask ofr reimbursements,REFUND
i dont know what i have to do to lodge a customer claim,FEEDBACK
i want help to download invoice,INVOICE
i need assistance reporting a problem with a signup,ACCOUNT
cancel the subscription to the newsletter,SUBSCRIPTION
i need assistance to retrieve my user profile pass,ACCOUNT
i do not know how to lodge a complaint,FEEDBACK
i want to talk to fucking customer assistance,CONTACT
i have got to ceck ur money back guarantee i need help,REFUND
changing data on account,ACCOUNT
list the allowed payment options,PAYMENT
i try to check how soon can i expect my product,DELIVERY
help to see your accepted payment options,PAYMENT
can you help me talking with an agent,CONTACT
i am trying to reset the pin code of my user,ACCOUNT
could you show me how soon can i expect my delivery,DELIVERY
could i edit order,ORDER
close standard account,ACCOUNT
how do i check order current status,ORDER
i want to lodge a customer claim against your organization,FEEDBACK
i need to see the options for delivery can you help me,DELIVERY
can i change several articles of order,ORDER
my bloody delivery address changed can i update it,SHIPPING
can i check the bloody payment methods,PAYMENT
i wold like to talk to customer service could you help me,CONTACT
would it be possible to see what shipping methods are there,DELIVERY
i do not know how i can obtain a restitution of my money,REFUND
swap an article of purchase,ORDER
i want help obtaining compensations of money,REFUND
where to create a standard account for my dad,ACCOUNT
i want assistance to notify of an error with signup,ACCOUNT
help me to give a quick look at my invoice from,INVOICE
i dont know how to create a account,ACCOUNT
make complaint against your organization,FEEDBACK
i want assistance seeing your bloody payment options,PAYMENT
i have got to know if there are any news on my compensation,REFUND
where do i check what shipment methods are available,DELIVERY
need assistance to check the eta of purchase,ORDER
i have a problpem with creating a standard account,ACCOUNT
where to check my bill,INVOICE
i have to file a customer claim,FEEDBACK
iexpect a restitution of dollars,REFUND
how do i create a account for my daughter,ACCOUNT
file consumer complaint,FEEDBACK
help to edit the delivery address,SHIPPING
want assistance to talk with an operator,CONTACT
i havegot to cancel purchase,ORDER
i dont use the pro account i am trying to delete it,ACCOUNT
how do i change an item of order,ORDER
i have problems with the options for shipment,DELIVERY
opneing new account for daughter,ACCOUNT
im waitng for a reimbursement of has it been processed,REFUND
assistance seeing at what time i can call customer support,CONTACT
i have forgotten my user profile pwd where to reset it,ACCOUNT
can you help me to solve issues with online payment,PAYMENT
i do not know how to see the eta of the order,ORDER
i need help to enter the secondaryshipping address,SHIPPING
i have to locate my invoice,INVOICE
want help msking a fucking order,ORDER
i have to write an opinion for your company,FEEDBACK
how could i get in touch with customer support,CONTACT
i do not know what to do to download the invoice,INVOICE
i need to see the available payment modalities,PAYMENT
i have got to track purchase help me,ORDER
correcting data on standard account,ACCOUNT
where can i report registration errors,ACCOUNT
i dont knolw what i have to do to shop some of your product,ORDER
i want help resetting my access key,ACCOUNT
is it possible tomodify order,ORDER
wanna know about delivery periods give me some informtion,DELIVERY
help me see the eta of purchase,ORDER
i dont know what i have to do to receive your newsletter,SUBSCRIPTION
assistance to leave some feedback about a product,FEEDBACK
can i see what payment payment modalities are available,PAYMENT
assistance leaving my feedback for your services,FEEDBACK
i dont know how i can download invoice,INVOICE
how to obtain a rebate of money,REFUND
help me checking the status of purchase,ORDER
how could i track my restitution,REFUND
wanna see hte eta of order help me,ORDER
how do i see how soon can i expect the bloody delivery,DELIVERY
i dont know what i need to do to restore my profile key,ACCOUNT
can i set up a new shipping address,SHIPPING
buy several articles,ORDER
how long do refunds take,REFUND
i do not know how i can download the invoice from,INVOICE
how can i see how long the shipping takes,DELIVERY
i call to download my bill from,INVOICE
can ya help me check the early termination penalty,CANCEL
i cant ifnd the bloody termination charge i need help,CANCEL
there is a problem submitting my secondary shipping address,SHIPPING
can ya tell me more about the newsletter subscription,SUBSCRIPTION
i dont know what i need to do to report registration errors,ACCOUNT
can you tell me the available payment options,PAYMENT
is it possible to delete a premium account,ACCOUNT
see purchase status,ORDER
need to add some goddamn articles to order,ORDER
were can i see the allowed payment modalities,PAYMENT
where do i inform of problems with a registration,ACCOUNT
id like to check order fucking status,ORDER
i have got to notify of problems with a registration,ACCOUNT
i need assistance to restore the password of my user account,ACCOUNT
i need to get a rebate,REFUND
i want help to set another shipping address up,SHIPPING
do you have an email to send a review about your products,FEEDBACK
i want to report errors with payment,PAYMENT
want help to subscribe to the company newsletter,SUBSCRIPTION
prfoblems with cancelling order,ORDER
closing account,ACCOUNT
i want help resetting my profile access key,ACCOUNT
i do not know what to do to obtain compensations of my money,REFUND
i need assistance getting my bill from,INVOICE
change to account,ACCOUNT
how to reset my profile password,ACCOUNT
i dont know what to do to cancel the newsletter subscription,SUBSCRIPTION
i have to add a product to purchase how to do it,ORDER
want assistance to report issues with payment,PAYMENT
i have to notify of problems with registrations,ACCOUNT
i want help to get in touch with customer service,CONTACT
i do not know what i need tp do to recover my user pwd,ACCOUNT
i have got to open a account for my daughter,ACCOUNT
i want to know about a bloody shipping address modification,SHIPPING
i do not know how i could get a fucking rebate of my money,REFUND
where do i restore the password ofmy account,ACCOUNT
how to change several products of order,ORDER
i am trying to check how long reimbursements usually tke,REFUND
help to make a complaint against your business,FEEDBACK
i want help requesting a reimbursement of moey,REFUND
i do not want this item cancel order,ORDER
issue creating account,ACCOUNT
could you help me see what methods for delivery are there,DELIVERY
i want help seeing the cancellation charge,CANCEL
help me to submit my shipping address,SHIPPING
how to buy some iterms,ORDER
modify order00123842,ORDER
issue submitting a secondary shipping address,SHIPPING
i want help setting up my secondary delivery address,SHIPPING
can ya send me the goddamn bills from,INVOICE
assistance to report troubles with payments,PAYMENT
where to see the eta of order,ORDER
i do not know how i can change to the damn account,ACCOUNT
how can i check my invooce,INVOICE
where to sign up to the newsleter,SUBSCRIPTION
help me canceling my subscription to ur corporate newsletter,SUBSCRIPTION
check in what cases can i request to be refunded,REFUND
i have an issue with my registration,ACCOUNT
help shopping several of your product,ORDER
pudate account,ACCOUNT
what do i have to do to recover my account access key,ACCOUNT
have problems with the lost pin code,ACCOUNT
help touse the profile,ACCOUNT
i dont know how to see what methods for delivery i have,DELIVERY
im trying to modify purchase,ORDER
i nded assistance to talk to a live agent,CONTACT
i want to enter a new delivery address how do i do it,SHIPPING
want help to change the user details,ACCOUNT
can uhelp me changing to the standard account,ACCOUNT
withdrawal penalties,CANCEL
i need help to ask for a rebate of my money,REFUND
i lost the bill mail it to me,INVOICE
i dont know how i can check the withdrawal penalties,CANCEL
help to see at what time i can call customer assistance,CONTACT
review,FEEDBACK
i dont know how to talk to an operator,CONTACT
i try to correct order,ORDER
need to look for the bill coyld ya help me,INVOICE
i have got to ask for a rebate,REFUND
i am trying to see in what cases can i request refunds,REFUND
need helpto check your payment modalities,PAYMENT
i do not know what to do to receive rebates of my money,REFUND
how to notify of a trouble with online payment,PAYMENT
i have an problem with the pass recovery,ACCOUNT
can you tell me more about changing the address,SHIPPING
there is a trouble trying to update the shipping address,SHIPPING
i dont know what i have to do to check my invoice,INVOICE
how can i see what shipment methods i have,DELIVERY
i need help switching something of order,ORDER
could you help me chatting with a live agent,CONTACT
check whatr hours i can call customer support,CONTACT
id like to check the allowed payment options how do i do it,PAYMENT
i have to see the early exit charge how do i do it,CANCEL
i am trying to inform of payment problems,PAYMENT
i have to talk to customer service i need assistance,CONTACT
i need help to see the available payment methods,PAYMENT
how can i check how soon can i expect my item,DELIVERY
switch to freemium account,ACCOUNT
how to check how soon can i expect my parcel,DELIVERY
available payment modalities,PAYMENT
submit secondary shipping address,SHIPPING
help to retrieve my user profile pass,ACCOUNT
i do not know how i can see ur payhment options,PAYMENT
help mke chatting with a person,CONTACT
what hours can i get in touch with customer service,CONTACT
i have got to report an issue with a signup i need help,ACCOUNT
i need assistance to speak with an assistant,CONTACT
i do not know what to do to look for my bill,INVOICE
i am trying to check the options for shipping,DELIVERY
where to check how long the shipping takes,DELIVERY
can ya help me cancel my platinum account,ACCOUNT
i want assistance deleting my account,ACCOUNT
i need assistance checking the status of my rebate,REFUND
where to unsubscribe to your newsletter,SUBSCRIPTION
what do i need to do to request my money baqck,REFUND
i do not know what i need to do to get refunds of money,REFUND
wanna switch to the platinum accoun,ACCOUNT
can you show me at what time i can reach customer service,CONTACT
i want assistance to edit order,ORDER
i need assistance talking with a perrson,CONTACT
i have to download bill i need help,INVOICE
edit info on platinum account,ACCOUNT
can you help me change to the standard account,ACCOUNT
i want assistance downloading bill,INVOICE
can i restore my access key,ACCOUNT
can i place an order from,DELIVERY
help using the account,ACCOUNT
i cannot check purchase status,ORDER
i am trying to swap an item of order,ORDER
need help seeing the fucking withdrawal charge,CANCEL
i need help checking the payment options,PAYMENT
what do i need to do to get in touch with customer service,CONTACT
where do i receive compensations of my money,REFUND
i haave to submit a secondary delivery address,SHIPPING
i can no longer afford purchase cancel it,ORDER
nneed to submit my new delivery address how could i do it,SHIPPING
i ahve got to find the bloody bill from help me,INVOICE
i need assistance informing of an issue with online payments,PAYMENT
where do i check the current status of order,ORDER
will you direct to me someone,CONTACT
can you help me notifying of errors with online payment,PAYMENT
where to correct the shipping address,SHIPPING
i have problems with the termination fo a account,ACCOUNT
i want assistance downloading invoice,INVOICE
how could i use the gold profile,ACCOUNT
i want assistance to send some feedback about a service,FEEDBACK
use another account,ACCOUNT
wanna enter a new shipping address,SHIPPING
assistance filing a customer reclamation,FEEDBACK
i would like to report errors with signup can you help me,ACCOUNT
i have a question about the deletion of my standard account,ACCOUNT
i dont know what to do to subscribe to the newsletter,SUBSCRIPTION
i have an error correcting the goddamn delivery address,SHIPPING
i do not know what i need to do to check the termination fee,CANCEL
i have to see the eta of the purchase,ORDER
where can i list your accepted payment modalities,PAYMENT
where can i earn several products,ORDER
i do not know how to unsubscribe from the company newsletter,SUBSCRIPTION
how to see what methods for delivery i can choose,DELIVERY
can you tell me more about a shipping address correction,SHIPPING
where do i lodge a consumer claim against your business,FEEDBACK
i have a problem setting another delivery address up,SHIPPING
what do i need to do to hceck the termination charge,CANCEL
want assistance to see what payment options uaccept,PAYMENT
i want help leaving an opinion about your services,FEEDBACK
i want assistance to use th profile,ACCOUNT
is it possible to check how long the shipment takes,DELIVERY
open gold account for wife,ACCOUNT
wanna check how long refunds usuall take can ya help me,REFUND
where could i inform of issues with a signup,ACCOUNT
would it be possible to submit a different delivery address,SHIPPING
i do not know what i have to do to receive your newsletter,SUBSCRIPTION
how can i check what hours i can call customer support,CONTACT
i have to unsubscribe from the newsletter will you help me,SUBSCRIPTION
i need assistance shopping something,ORDER
how to write an review,FEEDBACK
assistance downloading my invoice from,INVOICE
how to check how soon can i expect my item,DELIVERY
i want assistance switchnig to the account,ACCOUNT
i need to speak with a live agent,CONTACT
i cannot reset the key of my account,ACCOUNT
i need to speak with a person,CONTACT
what do i have to do to acquire several products,ORDER
is there a section to leave a bloody opinion about a service,FEEDBACK
i do not know what i need to do to download bill,INVOICE
i no longer use my bloody pro account how cani delete it,ACCOUNT
help me obtain a rebate of my money,REFUND
wanna change my fucking address,SHIPPING
i am not happy with your work help lodging a customer claim,FEEDBACK
i need to check your reimbursement policy can you help me,REFUND
i am trying ot get rebates,REFUND
want assistance to check purchase status,ORDER
could you help me to speak to customer support,CONTACT
i dont know what to do to change to the standard account,ACCOUNT
i need assistance making a claim against ur company,FEEDBACK
can i see in what cases can i ask for reimbursements,REFUND
i need assistance to recover the pin code of my profile,ACCOUNT
i call to see how long it takes for my purchase to arrive,DELIVERY
is it possible to see the cancellation fees,CANCEL
i have to unsubscribe to your newsletter,SUBSCRIPTION
assistance to retrieve the password of my user account,ACCOUNT
i have got to set a new shipping address up,SHIPPING
i would like to switch something of order,ORDER
what do i need to do to remove the account,ACCOUNT
how can i download the bill from,INVOICE
idont use my account need assistance to close it,ACCOUNT
wany help to reset the access key of my account,ACCOUNT
help me to see at what time i can reach customer service,CONTACT
help me to file a customer claim gaainst your organization,FEEDBACK
is it possible to report a payment error,PAYMENT
i try to change to the account,ACCOUNT
how to retrieve my password,ACCOUNT
help me getting reimbursements of my money,REFUND
help using the profile,ACCOUNT
what do i have to do to submit feedback,FEEDBACK
how do i get invoice,INVOICE
i want help seeing what hours i can reach customer service,CONTACT
is it possible to receive refunds of money,REFUND
i want help leaving a comment about ur company,FEEDBACK
i dont know how i can list the allowed payment options,PAYMENT
show me the current status of the reimbursement,REFUND
information about the removal of my account,ACCOUNT
i want to check your payment modalities,PAYMENT
edit data on standard account,ACCOUNT
could you help me checking the refund current status,REFUND
do uhave a email to leave feedback about ur products,FEEDBACK
my experience with your brand was too bad lodge a complaint,FEEDBACK
is it possible to shop an item,ORDER
i do not know what i have to do to contac a live agent,CONTACT
canyou help me reset the access key of my user account,ACCOUNT
help cancelling my newsletter subscription,SUBSCRIPTION
lodge reclamtaion against ur business,FEEDBACK
would it be possible to ask for compensations of my money,REFUND
i do not know what i have to do to purchase some articles,ORDER
help me seeing what shipping options you offer,DELIVERY
what do i need to do to switch to the freemium account,ACCOUNT
i do not know how i can see your reimbursement policy,REFUND
i need assistance unsubscribing to your fucking newsletter,SUBSCRIPTION
there is an issue trying to correct the address,SHIPPING
how to shop several of you article,ORDER
help to see how soon can i expect the goddamn roder,DELIVERY
could you show me what hours i can call customer service,CONTACT
help me file a complaint against your organization,FEEDBACK
im calling to leave feedback for ur products,FEEDBACK
assistance to give a quick look at my invoice,INVOICE
how to locate my bill,INVOICE
could you help me file a reclamation,FEEDBACK
where do i see the accepted payment modalities,PAYMENT
where to switch to the account,ACCOUNT
i wan help to report payment problems,PAYMENT
where do i earn seberal products,ORDER
im trying to inform of an issue with payments,PAYMENT
i dont know what to do to track purchase,ORDER
how do i check the methods for delivery,DELIVERY
help seeing how soon can i expect the product,DELIVERY
i need assistance asking for compensations of money,REFUND
my experience with you was bad how do i make a complaint,FEEDBACK
need help notifying of a signup error,ACCOUNT
i have to see the damn eta of my delivery helpme,ORDER
you are not helpful at all could i contact a human agent,CONTACT
can i unsubscribe from your newsletter,SUBSCRIPTION
i cant add some goddamn products to purchase,ORDER
help to correct order,ORDER
what od i have to do to download bill,INVOICE
need help leaving an opinion for a product,FEEDBACK
i dont know what i need to do to find invoice,INVOICE
i am trying to find information about account removals,ACCOUNT
i do not know how i can earn some products,ORDER
want help to lodge a customer complaint,FEEDBACK
i have paid for thid item i try to receive a rebate,REFUND
remove an itemfrom purchase,ORDER
help me checking ur reimbursement policy,REFUND
i need help checking in what cases can i ask to be refunded,REFUND
i do not know how i could submit feedback about a service,FEEDBACK
i cant sign up to your goddamn company newsletter,SUBSCRIPTION
i need help checking the allowed payment options,PAYMENT
wantassistance to change to the account,ACCOUNT
how could i find information about lost pin,ACCOUNT
i do not know hows i could open a standard account,ACCOUNT
i expect a restitution of,REFUND
i want support updating the shipping address,SHIPPING
i do not know how i can receive rebates of my money,REFUND
i try to notify of issues with registrations,ACCOUNT
want help purchasing several producgs,ORDER
id like to receive the company newsletter could ya help me,SUBSCRIPTION
can you help me to cancel the newsletter subscription,SUBSCRIPTION
i want assistance editing purchase,ORDER
wanna obtain fucking compensations,REFUND
can i use the freemium profile,ACCOUNT
od ya deliver to,DELIVERY
i want assistance to list the allowed payment methods,PAYMENT
i want to restore the key of my account,ACCOUNT
can you show me the rebate current status,REFUND
need to switch to the fucking account help me,ACCOUNT
need to inform of a fucking issue with payments help me,PAYMENT
help to subscribe to your newsletter,SUBSCRIPTION
where is order,ORDER
trouble submitting anther shipping address,SHIPPING
need help to see in what cases can i ask for refunds,REFUND
want help making a reclamation against ur company,FEEDBACK
i try to contact customer support,CONTACT
help to check the compensation current status,REFUND
how can i leave some feedback about your products,FEEDBACK
i want to know about correcting the address,SHIPPING
i try to leave a review about your company,FEEDBACK
see eta of order,ORDER
what do i need to do to talk with a person,CONTACT
show me your accepted pamyent modalities,PAYMENT
i dont know what to do to list ur available payment methods,PAYMENT
i want assistance talking with an person,CONTACT
new standard account for wife,ACCOUNT
wanmna enter the delivery address,SHIPPING
can you help me to see the cancellation penalty,CANCEL
would you give me information about cancelling orders,ORDER
wanna know more about my corporate newsletter subscription,SUBSCRIPTION
i do not understand you i need help to speak with a person,CONTACT
need assistance to see in what cases can i ask for refunds,REFUND
assistance checking purchase bloody current status,ORDER
how can i see what goddamn delivery methods you offer,DELIVERY
i have a problem with the deletino of a gold account,ACCOUNT
ucstomer service mail address,CONTACT
how can i inform of a trouble with payhments,PAYMENT
help demanding rebates of money,REFUND
switching to another account,ACCOUNT
how do i purchase an item,ORDER
where can i gert information about my forgotten password,ACCOUNT
want assistance writing a review about a service,FEEDBACK
i dont know what i have to do to delete a pro account,ACCOUNT
where could i check the current status of my restitution,REFUND
i want help speaking to a person,CONTACT
i try to ask for a refund of my money,REFUND
i aint happy with your services help lodging a complaint,FEEDBACK
i want assistance to speak to someone,CONTACT
updating informtaion on account,ACCOUNT
i have to see in what cases can i request my money back,REFUND
i try to list the payment options,PAYMENT
i do not know how to receive a compensatin,REFUND
where to inform of problems with online payments,PAYMENT
there are issues setting a shipping address up,SHIPPING
wanna check ur payment methods,PAYMENT
where to get a restitution of my money,REFUND
can i check when my bloody shipment is gonna arrive,DELIVERY
help me to shop some items,ORDER
i want to order a product i need help,ORDER
can uhelp me receive a rebate of money,REFUND
how do i delete a product from order,ORDER
assistance talking with an agent,CONTACT
uhave a free number to talk to customer support,CONTACT
assistance to change to the freemium account,ACCOUNT
could you tell me about shipping periods,DELIVERY
ned to speak with somebody,CONTACT
i want to receive your corporate newsletter,SUBSCRIPTION
is it possible to enter the new delivery address,SHIPPING
i need to see how long it takes for my parcel to arrive,DELIVERY
can i see at what time customer service available is,CONTACT
where can i order an article,ORDER
i expect a damn rebate of dollars,REFUND
i have got to submit feedback for a service how to do it,FEEDBACK
show me how soon can i expect my shipment,DELIVERY
im trying to see the rebate current status,REFUND
i need to see the eta of the purchase help me,ORDER
i dont know what i need to do to receive a rebate,REFUND
can i make a claim,FEEDBACK
i am trying to check the allowed payment methods,PAYMENT
need to see in what situations can i ask to be refunded,REFUND
i want to download the nivoice from,INVOICE
i want supportstrying to change my delivery address,SHIPPING
can ushow me ur refund policy,REFUND
do you have a method to leave an opinion for your services,FEEDBACK
need assistance talking with an assistant,CONTACT
i am trying to find the delivery periods,DELIVERY
i dont know what to do to correct my address,SHIPPING
need assistance creating a freemium account,ACCOUNT
want assistance seeing your money back policy,REFUND
i haveerrors entering my new shipping address,SHIPPING
problems with gold account cancellations,ACCOUNT
modify details on pro account,ACCOUNT
is it possible to see how soon can i expect my product,DELIVERY
i need assistance notifying of troubles with online payments,PAYMENT
want assistance seeing the cancellation penalty,CANCEL
i expect a refund of dollars,REFUND
i do not know how i can check the payment methods,PAYMENT
i cant subscribe to the newsletter,SUBSCRIPTION
i need assistance to unsubscribe from the company newsletter,SUBSCRIPTION
update purchase113542617735902,ORDER
reset my pwd,ACCOUNT
wanna set my secondary delivery address up,SHIPPING
how do i give a quick look at my invoice,INVOICE
i have a problem submitting the secondary delivery address,SHIPPING
switching to account,ACCOUNT
i want help leaving a comment for a service,FEEDBACK
check order status,ORDER
were can i check the early termination penalty,CANCEL
new acount,ACCOUNT
i have got to leave my feedback about a service,FEEDBACK
i need assistance to create a account,ACCOUNT
help cnceling order,ORDER
assistance to inform of problems with signup,ACCOUNT
assistance to see what payment options are allowed,PAYMENT
i need to change some items of order,ORDER
i have to purchase an article how can i do it,ORDER
i have got to receive your newsletter how do i do it,SUBSCRIPTION
i need assistance tracking my reimbursement,REFUND
there are troubles correcting my address,SHIPPING
i dont know what i have to do to shop an article,ORDER
i would like to check the delivery methods how to do it,DELIVERY
where do i acquire some of your article,ORDER
i want help olcating purchase,ORDER
i call to download bill,INVOICE
i dont know how i can check ur reimbursement policy,REFUND
can you help me subscribing to your corporate newsletter,SUBSCRIPTION
i want assistance contacting an assistant,CONTACT
i bought some items i need help to cancel purchase,ORDER
i cannot pay want help to report errors with payments,PAYMENT
how do i find my invoice,INVOICE
i bought some product i want to cancel order,ORDER
my new delivery address isnt valid what should i do,SHIPPING
where to recover the pin of my user account,ACCOUNT
can i check the cancellation charge,CANCEL
help talking with customer assistance,CONTACT
how can i see how soon can i expect my order,DELIVERY
i want assistance canceling purchyase,ORDER
i dont know what i have to do to chat with an operator,CONTACT
i cannot see if there is anything new on my refund,REFUND
need help to see in which situations can i request a refund,REFUND
i expect an rebate of,REFUND
i have a question about opening a account,ACCOUNT
show me in which situations can i request to be refunded,REFUND
i want assistance to change the address,SHIPPING
i have to cancel the subscription to ur company newsletter,SUBSCRIPTION
i do not understand you can you help me talk to a person,CONTACT
i do not know how to get in touch with customer service,CONTACT
need help to list your available payment modalities,PAYMENT
i need assistance checkign ur allowed payment methods,PAYMENT
i want help leaving a comment aout a product,FEEDBACK
correct details on account,ACCOUNT
information about my subscription to your company newsletter,SUBSCRIPTION
i dont know what i have to do to delete my acount,ACCOUNT
i paid for a purchase i try to get a reimbursement,REFUND
i need help giving a quick look at the invoice,INVOICE
i dont know what i need to do to obtain a rebate of my money,REFUND
i dont know what i have to do to remove the account,ACCOUNT
what do ihave to do to acquire some of your item,ORDER
help to switch to the premium account,ACCOUNT
i needs to notify of signup issues,ACCOUNT
i want assistance to create a account,ACCOUNT
need help sending osme feedback for your services,FEEDBACK
where do i list the payment options,PAYMENT
can i talk with someone,CONTACT
check in which cases can i ask to be refunded,REFUND
icall to file a complaint against ur company,FEEDBACK
i need to check your reimbursement policy help me,REFUND
help to check my invoice,INVOICE
earn several products,ORDER
want assistance checking what payment methods are accepted,PAYMENT
i have got to see my invoice how can i do it,INVOICE
want help to see if there are any news on the rebate,REFUND
i need to subscribe to your newsletter,SUBSCRIPTION
i need assistance deleting a account,ACCOUNT
i want help correcting the address,SHIPPING
assistance buying several of ur item,ORDER
where do i check what hours i can reach customer support,CONTACT
i want help changing to the premium account,ACCOUNT
need help with switching some articles of an order,ORDER
i am unhappy with your work i want to file a consumer claim,FEEDBACK
want help to check whenmy package is gonna arrive,DELIVERY
reset the access key of my account,ACCOUNT
need to switch to the account,ACCOUNT
assistance to notify of a problem with registrations,ACCOUNT
is it possible to see the witdrawal penalties,CANCEL
y i cant submit a different delivery address valid,SHIPPING
i need information about subscribing to your newsletter,SUBSCRIPTION
i dont know how i can correct the address,SHIPPING
would it be possible to notify of signup problems,ACCOUNT
my delivery address has changed how can i modify it,SHIPPING
i do not know how to inform of errors with online payments,PAYMENT
i want assistance to demand rebates of money,REFUND
can you help me to set up my secondary shipping address,SHIPPING
i need to inform of an error with registrations,ACCOUNT
i have to speak with customer support how to do it,CONTACT
i want assistance to notify of errors with online payment,PAYMENT
i try to inform of registration issues,ACCOUNT
i have got to correct the delivery address how to do it,SHIPPING
i need assistance retrieving the damn pin code of my profile,ACCOUNT
i want to enter the new shipping address how to do it,SHIPPING
want help to delete some items from order,ORDER
assistance checking in what cases can i ask for a refund,REFUND
i do not know what i have to do to chat with a human agent,CONTACT
check in what cases can i request to be reimbursed,REFUND
i try to check what hours customer support available is,CONTACT
i have got to talk to an agent,CONTACT
is there an address to leave feedback for ur sevrices,FEEDBACK
i need help seeing the options for shipment,DELIVERY
assistance informing of a signup problem,ACCOUNT
i need to track my fucking compensation,REFUND
help removing several products from purchase,ORDER
where can i cancel my company newsletter subscription,SUBSCRIPTION
can ya tell me more about changing the shipping address,SHIPPING
i need help downloading the invoice,INVOICE
i need assistance setting up a different shipping address,SHIPPING
i cant see the damn status of order,ORDER
can i check how long it takes for my product to arrive,DELIVERY
i dont know what to do to speak with customer assistance,CONTACT
could you tell me the fucking payment modalities,PAYMENT
can ya help me to inform of a problem with payment,PAYMENT
can you help me cancel my subscription to the newsletter,SUBSCRIPTION
i need help to notify of problems with signup,ACCOUNT
i dont know what i haveto do to speak with customer service,CONTACT
i need to leave my feedback can you help me,FEEDBACK
i dont know what i need to do to close the account,ACCOUNT
help me checking what options for delivery i have,DELIVERY
seeing invoices from,INVOICE
where can i set the delivery address up,SHIPPING
editdata on premium account,ACCOUNT
i need to correct purchase,ORDER
updating details on account,ACCOUNT
i cannot report a signup error,ACCOUNT
i cant retrieve my user pwd,ACCOUNT
i do not know what i have to do to earn some of ur article,ORDER
using freemium account,ACCOUNT
help me see in which situations can i ask to be refunded,REFUND
help me check inwhat cases can i ask for refunds,REFUND
i want to unsubscribe to your corporate newsletter help me,SUBSCRIPTION
why i cant set the secondary shipping address valid up,SHIPPING
is there an address to leave a comment for your company,FEEDBACK
i dont know what to do to cancel the standard account,ACCOUNT
i am trying to speak to an agent,CONTACT
want help opening a account for my daughter,ACCOUNT
check the allowed payment options,PAYMENT
i cannot set up the secondary delivery address,SHIPPING
can i send some feedback for a product,FEEDBACK
there is a problem submitting the fucking shipping address,SHIPPING
i need help to get my invoice,INVOICE
is there a way to send a review for a product,FEEDBACK
how do i see purchase status,ORDER
